{
  "invoiceNo" : "000095",
  "date" : "11/04/2022",
  "cname" : "SRIKANTA BRAMHA",
  "caddress" : "JAGATPUR",
  "cgstno" : null,
  "items" : [ {
    "serialNo" : "1",
    "pname" : "BISON PRO Putty Pro",
    "hsn" : "321410",
    "pack" : "40.0 LTR",
    "nop" : 2,
    "qty" : 80.0,
    "rate" : 618.64,
    "taxRt" : 18.0,
    "cgst" : 111.36,
    "sgst" : 111.36,
    "total" : 1459.0,
    "valBefTax" : 1237.28
  } ],
  "totalCgst" : 111.36,
  "totalSgst" : 111.36,
  "total" : 1459.0,
  "totalvbt" : 1237.28,
  "totalNop" : 2.0,
  "totqty" : 80.0,
  "paymentMode" : "Cash",
  "phone" : null
}