{
  "invoiceNo" : "000021",
  "date" : "06/04/2022",
  "cname" : "DAS CONSTRUCTION CO",
  "caddress" : "CD276/A NARAYANTALA EAST KOL 159",
  "cgstno" : null,
  "items" : [ {
    "serialNo" : "1",
    "pname" : "120 NO Wet & Dry Sandpaper",
    "hsn" : "680510",
    "pack" : "1.0 PCS",
    "nop" : 2,
    "qty" : 2.0,
    "rate" : 14.41,
    "taxRt" : 18.0,
    "cgst" : 2.6,
    "sgst" : 2.6,
    "total" : 33.0,
    "valBefTax" : 28.82
  }, {
    "serialNo" : "2",
    "pname" : "BISON EXT PUTTY Putty",
    "hsn" : "321410",
    "pack" : "30.0 KG",
    "nop" : 1,
    "qty" : 30.0,
    "rate" : 516.94,
    "taxRt" : 18.0,
    "cgst" : 46.53,
    "sgst" : 46.53,
    "total" : 610.0,
    "valBefTax" : 516.94
  }, {
    "serialNo" : "3",
    "pname" : "WMAST EXT & INT PRIM Ext & Interior Prime",
    "hsn" : "32091090",
    "pack" : "20.0 LTR",
    "nop" : 1,
    "qty" : 20.0,
    "rate" : 1864.4,
    "taxRt" : 18.0,
    "cgst" : 167.8,
    "sgst" : 167.8,
    "total" : 2199.0,
    "valBefTax" : 1864.4
  } ],
  "totalCgst" : 216.93,
  "totalSgst" : 216.93,
  "total" : 2842.0,
  "totalvbt" : 2410.16,
  "totalNop" : 4.0,
  "totqty" : 52.0,
  "paymentMode" : "Cash"
}