{
  "invoiceNo" : "000084",
  "date" : "10/04/2022",
  "cname" : "SOHAM COMMERCIAL",
  "caddress" : "7B,KAPALITOLA LANE 2ND FLOOR KOL-12",
  "cgstno" : null,
  "items" : [ {
    "serialNo" : "1",
    "pname" : "GP THINNER Thinners",
    "hsn" : "320810",
    "pack" : "1.0 LTR",
    "nop" : 1,
    "qty" : 1.0,
    "rate" : 101.69,
    "taxRt" : 18.0,
    "cgst" : 9.15,
    "sgst" : 9.15,
    "total" : 119.0,
    "valBefTax" : 101.69
  } ],
  "totalCgst" : 9.15,
  "totalSgst" : 9.15,
  "total" : 119.0,
  "totalvbt" : 101.69,
  "totalNop" : 1.0,
  "totqty" : 1.0,
  "paymentMode" : "Credit"
}