{
  "invoiceNo" : "000061",
  "date" : "08/04/2022",
  "cname" : "CASH A/C",
  "caddress" : null,
  "cgstno" : null,
  "items" : [ {
    "serialNo" : "1",
    "pname" : "W1 SLK C B Silk Luxury Emul",
    "hsn" : "320910",
    "pack" : "0.9 LT",
    "nop" : 3,
    "qty" : 2.7,
    "rate" : 483.05,
    "taxRt" : 18.0,
    "cgst" : 130.41,
    "sgst" : 130.41,
    "total" : 1709.0,
    "valBefTax" : 1449.15
  } ],
  "totalCgst" : 130.41,
  "totalSgst" : 130.41,
  "total" : 1709.0,
  "totalvbt" : 1449.15,
  "totalNop" : 3.0,
  "totqty" : 2.7,
  "paymentMode" : "Cash"
}