{
  "invoiceNo" : "000056",
  "date" : "08/04/2022",
  "cname" : "CASH A/C",
  "caddress" : null,
  "cgstno" : null,
  "items" : [ {
    "serialNo" : "1",
    "pname" : "BPCPST Wall Primer Solvent",
    "hsn" : "320890",
    "pack" : "4.0 LT",
    "nop" : 1,
    "qty" : 4.0,
    "rate" : 694.91,
    "taxRt" : 18.0,
    "cgst" : 62.54,
    "sgst" : 62.54,
    "total" : 819.0,
    "valBefTax" : 694.91
  } ],
  "totalCgst" : 62.54,
  "totalSgst" : 62.54,
  "total" : 819.0,
  "totalvbt" : 694.91,
  "totalNop" : 1.0,
  "totqty" : 4.0,
  "paymentMode" : "Cash",
  "phone" : null
}