{
  "invoiceNo" : "000067",
  "date" : "09/04/2022",
  "cname" : "CASH A/C",
  "caddress" : null,
  "cgstno" : null,
  "items" : [ {
    "serialNo" : "1",
    "pname" : "F YLW Unitint",
    "hsn" : "32139000",
    "pack" : "0.2 LTR",
    "nop" : 1,
    "qty" : 0.2,
    "rate" : 110.17,
    "taxRt" : 18.0,
    "cgst" : 9.92,
    "sgst" : 9.92,
    "total" : 130.0,
    "valBefTax" : 110.17
  } ],
  "totalCgst" : 9.92,
  "totalSgst" : 9.92,
  "total" : 130.0,
  "totalvbt" : 110.17,
  "totalNop" : 1.0,
  "totqty" : 0.2,
  "paymentMode" : "Cash"
}