{
  "invoiceNo" : "000093",
  "date" : "11/04/2022",
  "cname" : "DAS CONSTRUCTION CO",
  "caddress" : "CD276/A NARAYANTALA EAST KOL 159",
  "cgstno" : null,
  "items" : [ {
    "serialNo" : "1",
    "pname" : "P0 WCS C B Weathercoat Smoo",
    "hsn" : "320910",
    "pack" : "10.0 LTR",
    "nop" : 1,
    "qty" : 10.0,
    "rate" : 2796.6,
    "taxRt" : 18.0,
    "cgst" : 251.69,
    "sgst" : 251.69,
    "total" : 3299.0,
    "valBefTax" : 2796.6
  }, {
    "serialNo" : "2",
    "pname" : "YLW WCS C B Weathercoat Smoo",
    "hsn" : "320910",
    "pack" : "0.9 LTR",
    "nop" : 1,
    "qty" : 0.9,
    "rate" : 326.27,
    "taxRt" : 18.0,
    "cgst" : 29.36,
    "sgst" : 29.36,
    "total" : 384.0,
    "valBefTax" : 326.27
  }, {
    "serialNo" : "3",
    "pname" : "YLW WCS C B Weathercoat Smoo",
    "hsn" : "320910",
    "pack" : "0.9 LTR",
    "nop" : 1,
    "qty" : 0.9,
    "rate" : 313.56,
    "taxRt" : 18.0,
    "cgst" : 28.22,
    "sgst" : 28.22,
    "total" : 370.0,
    "valBefTax" : 313.56
  } ],
  "totalCgst" : 309.27,
  "totalSgst" : 309.27,
  "total" : 4053.0,
  "totalvbt" : 3436.43,
  "totalNop" : 3.0,
  "totqty" : 11.8,
  "paymentMode" : "Cash"
}