{
  "invoiceNo" : "000051",
  "date" : "08/04/2022",
  "cname" : "CASH A/C",
  "caddress" : null,
  "cgstno" : null,
  "items" : [ {
    "serialNo" : "1",
    "pname" : "BISON EXT PUTTY Putty",
    "hsn" : "321410",
    "pack" : "30.0 KG",
    "nop" : 1,
    "qty" : 30.0,
    "rate" : 516.94,
    "taxRt" : 18.0,
    "cgst" : 46.53,
    "sgst" : 46.53,
    "total" : 610.0,
    "valBefTax" : 516.94
  } ],
  "totalCgst" : 46.53,
  "totalSgst" : 46.53,
  "total" : 610.0,
  "totalvbt" : 516.94,
  "totalNop" : 1.0,
  "totqty" : 30.0,
  "paymentMode" : "Cash"
}