{
  "invoiceNo" : "000094",
  "date" : "11/04/2022",
  "cname" : "CASH A/C",
  "caddress" : null,
  "cgstno" : null,
  "items" : [ {
    "serialNo" : "1",
    "pname" : "BISON EXT PUTTY Putty",
    "hsn" : "321410",
    "pack" : "30.0 KG",
    "nop" : 6,
    "qty" : 180.0,
    "rate" : 525.42,
    "taxRt" : 18.0,
    "cgst" : 283.74,
    "sgst" : 283.74,
    "total" : 3719.0,
    "valBefTax" : 3152.52
  } ],
  "totalCgst" : 283.74,
  "totalSgst" : 283.74,
  "total" : 3719.0,
  "totalvbt" : 3152.52,
  "totalNop" : 6.0,
  "totqty" : 180.0,
  "paymentMode" : "Cash"
}