{
  "invoiceNo" : "000030",
  "date" : "06/04/2022",
  "cname" : "KALIM ENTERPRISE",
  "caddress" : "VIL&PO GHUNI KOL 157",
  "cgstno" : null,
  "items" : [ {
    "serialNo" : "1",
    "pname" : "P0 GLMR C B Xp Silk Glamour",
    "hsn" : "320910",
    "pack" : "1.0 LT",
    "nop" : 2,
    "qty" : 2.0,
    "rate" : 571.18,
    "taxRt" : 18.0,
    "cgst" : 102.82,
    "sgst" : 102.82,
    "total" : 1347.0,
    "valBefTax" : 1142.36
  }, {
    "serialNo" : "2",
    "pname" : "YLW GLMR C B Xp Silk Glamour",
    "hsn" : "320910",
    "pack" : "0.9 LT",
    "nop" : 2,
    "qty" : 1.8,
    "rate" : 600.84,
    "taxRt" : 18.0,
    "cgst" : 108.16,
    "sgst" : 108.16,
    "total" : 1417.0,
    "valBefTax" : 1201.68
  }, {
    "serialNo" : "3",
    "pname" : "YLW GLMR C B Xp Silk Glamour",
    "hsn" : "320910",
    "pack" : "0.9 LT",
    "nop" : 2,
    "qty" : 1.8,
    "rate" : 570.33,
    "taxRt" : 18.0,
    "cgst" : 102.66,
    "sgst" : 102.66,
    "total" : 1345.0,
    "valBefTax" : 1140.66
  }, {
    "serialNo" : "4",
    "pname" : "P0 RTC C B Rangoli Total Ca",
    "hsn" : "320910",
    "pack" : "1.0 LT",
    "nop" : 3,
    "qty" : 3.0,
    "rate" : 283.9,
    "taxRt" : 18.0,
    "cgst" : 76.65,
    "sgst" : 76.65,
    "total" : 1004.0,
    "valBefTax" : 851.7
  }, {
    "serialNo" : "5",
    "pname" : "R BLUE Robin Blue",
    "hsn" : "32064100",
    "pack" : "0.05 KG",
    "nop" : 1,
    "qty" : 0.05,
    "rate" : 22.03,
    "taxRt" : 18.0,
    "cgst" : 1.98,
    "sgst" : 1.98,
    "total" : 25.0,
    "valBefTax" : 22.03
  }, {
    "serialNo" : "6",
    "pname" : "150 NO Wet & Dry Sandpaper",
    "hsn" : "680510",
    "pack" : "1.0 PCS",
    "nop" : 6,
    "qty" : 6.0,
    "rate" : 14.41,
    "taxRt" : 18.0,
    "cgst" : 7.8,
    "sgst" : 7.8,
    "total" : 102.0,
    "valBefTax" : 86.46
  }, {
    "serialNo" : "7",
    "pname" : "BLACK LHG Luxol Hi Gloss",
    "hsn" : "320810",
    "pack" : "1.0 LTR",
    "nop" : 2,
    "qty" : 2.0,
    "rate" : 220.34,
    "taxRt" : 18.0,
    "cgst" : 39.66,
    "sgst" : 39.66,
    "total" : 519.0,
    "valBefTax" : 440.68
  } ],
  "totalCgst" : 439.73,
  "totalSgst" : 439.73,
  "total" : 5759.0,
  "totalvbt" : 4885.57,
  "totalNop" : 18.0,
  "totqty" : 16.65,
  "paymentMode" : "Credit"
}