{
  "invoiceNo" : "000016",
  "date" : "05/04/2022",
  "cname" : "CASH A/C",
  "caddress" : null,
  "cgstno" : null,
  "items" : [ {
    "serialNo" : "1",
    "pname" : "P0 EC XP FRESH Xp E. Clean Fresh",
    "hsn" : "320910",
    "pack" : "1.0 LTR",
    "nop" : 3,
    "qty" : 3.0,
    "rate" : 396.61,
    "taxRt" : 18.0,
    "cgst" : 107.07,
    "sgst" : 107.07,
    "total" : 1403.0,
    "valBefTax" : 1189.83
  }, {
    "serialNo" : "2",
    "pname" : "P0 EC XP FRESH Xp E. Clean Fresh",
    "hsn" : "320910",
    "pack" : "1.0 LTR",
    "nop" : 1,
    "qty" : 1.0,
    "rate" : 398.3,
    "taxRt" : 18.0,
    "cgst" : 35.85,
    "sgst" : 35.85,
    "total" : 470.0,
    "valBefTax" : 398.3
  } ],
  "totalCgst" : 142.92,
  "totalSgst" : 142.92,
  "total" : 1873.0,
  "totalvbt" : 1588.13,
  "totalNop" : 4.0,
  "totqty" : 4.0,
  "paymentMode" : "Cash"
}