{
  "invoiceNo" : "000010",
  "date" : "05/04/2022",
  "cname" : "TAPAS DAS",
  "caddress" : "H/G-9/1 SL SARANI KOL 159",
  "cgstno" : null,
  "items" : [ {
    "serialNo" : "1",
    "pname" : "YLW SLK C B Silk Luxury Emul",
    "hsn" : "320910",
    "pack" : "3.6 LT",
    "nop" : 1,
    "qty" : 3.6,
    "rate" : 2128.0,
    "taxRt" : 18.0,
    "cgst" : 191.52,
    "sgst" : 191.52,
    "total" : 2510.0,
    "valBefTax" : 2128.0
  }, {
    "serialNo" : "2",
    "pname" : "YLW SLK C B Silk Luxury Emul",
    "hsn" : "320910",
    "pack" : "0.9 LT",
    "nop" : 3,
    "qty" : 2.7,
    "rate" : 534.74,
    "taxRt" : 18.0,
    "cgst" : 144.39,
    "sgst" : 144.39,
    "total" : 1892.0,
    "valBefTax" : 1604.22
  }, {
    "serialNo" : "3",
    "pname" : "120 NO Wet & Dry Sandpaper",
    "hsn" : "680510",
    "pack" : "1.0 PCS",
    "nop" : 4,
    "qty" : 4.0,
    "rate" : 14.41,
    "taxRt" : 18.0,
    "cgst" : 5.2,
    "sgst" : 5.2,
    "total" : 68.0,
    "valBefTax" : 57.64
  }, {
    "serialNo" : "4",
    "pname" : "150 NO Wet & Dry Sandpaper",
    "hsn" : "680510",
    "pack" : "1.0 PCS",
    "nop" : 2,
    "qty" : 2.0,
    "rate" : 14.41,
    "taxRt" : 18.0,
    "cgst" : 2.6,
    "sgst" : 2.6,
    "total" : 33.0,
    "valBefTax" : 28.82
  }, {
    "serialNo" : "5",
    "pname" : "BPCPWT Interior Wall Primer",
    "hsn" : "320910",
    "pack" : "10.0 LT",
    "nop" : 1,
    "qty" : 10.0,
    "rate" : 1250.0,
    "taxRt" : 18.0,
    "cgst" : 112.5,
    "sgst" : 112.5,
    "total" : 1474.0,
    "valBefTax" : 1250.0
  }, {
    "serialNo" : "6",
    "pname" : "BLACK Luxol Pu Enamel",
    "hsn" : "320890",
    "pack" : "0.5 LTR",
    "nop" : 1,
    "qty" : 0.5,
    "rate" : 131.35,
    "taxRt" : 18.0,
    "cgst" : 11.82,
    "sgst" : 11.82,
    "total" : 154.0,
    "valBefTax" : 131.35
  }, {
    "serialNo" : "7",
    "pname" : "N2 SLK C B Silk Luxury Emul",
    "hsn" : "320910",
    "pack" : "0.9 LT",
    "nop" : 1,
    "qty" : 0.9,
    "rate" : 521.18,
    "taxRt" : 18.0,
    "cgst" : 46.91,
    "sgst" : 46.91,
    "total" : 615.0,
    "valBefTax" : 521.18
  }, {
    "serialNo" : "8",
    "pname" : "SUP LATEX PLUS Construction Chemica",
    "hsn" : "400211",
    "pack" : "0.5 KG",
    "nop" : 1,
    "qty" : 0.5,
    "rate" : 169.49,
    "taxRt" : 18.0,
    "cgst" : 15.25,
    "sgst" : 15.25,
    "total" : 199.0,
    "valBefTax" : 169.49
  } ],
  "totalCgst" : 530.19,
  "totalSgst" : 530.19,
  "total" : 6945.0,
  "totalvbt" : 5890.7,
  "totalNop" : 14.0,
  "totqty" : 24.2,
  "paymentMode" : "Cash"
}