{
  "invoiceNo" : "000085",
  "date" : "10/04/2022",
  "cname" : "CASH A/C",
  "caddress" : null,
  "cgstno" : null,
  "items" : [ {
    "serialNo" : "1",
    "pname" : "BISON PRO Putty Pro",
    "hsn" : "321410",
    "pack" : "40.0 LTR",
    "nop" : 3,
    "qty" : 120.0,
    "rate" : 618.64,
    "taxRt" : 18.0,
    "cgst" : 167.04,
    "sgst" : 167.04,
    "total" : 2189.0,
    "valBefTax" : 1855.92
  }, {
    "serialNo" : "2",
    "pname" : "P0 BE Xp Slk Breathe Easy",
    "hsn" : "320910",
    "pack" : "4.0 LTR",
    "nop" : 1,
    "qty" : 4.0,
    "rate" : 2288.1,
    "taxRt" : 18.0,
    "cgst" : 205.93,
    "sgst" : 205.93,
    "total" : 2699.0,
    "valBefTax" : 2288.1
  }, {
    "serialNo" : "3",
    "pname" : "94 DSE Gloss Premium  Ename",
    "hsn" : "32081010",
    "pack" : "1.0 LTR",
    "nop" : 2,
    "qty" : 2.0,
    "rate" : 182.2,
    "taxRt" : 18.0,
    "cgst" : 32.8,
    "sgst" : 32.8,
    "total" : 430.0,
    "valBefTax" : 364.4
  }, {
    "serialNo" : "4",
    "pname" : "ST CP St Primers",
    "hsn" : "32081010",
    "pack" : "1.0 LT",
    "nop" : 1,
    "qty" : 1.0,
    "rate" : 182.2,
    "taxRt" : 18.0,
    "cgst" : 16.4,
    "sgst" : 16.4,
    "total" : 215.0,
    "valBefTax" : 182.2
  }, {
    "serialNo" : "5",
    "pname" : "BR WHITE GPE Gloss Premium  Ename",
    "hsn" : "32081010",
    "pack" : "1.0 LTR",
    "nop" : 3,
    "qty" : 3.0,
    "rate" : 245.76,
    "taxRt" : 18.0,
    "cgst" : 66.36,
    "sgst" : 66.36,
    "total" : 870.0,
    "valBefTax" : 737.28
  }, {
    "serialNo" : "6",
    "pname" : "84 VT PG Vt Pearl Glo",
    "hsn" : "32091010",
    "pack" : "1.0 LT",
    "nop" : 1,
    "qty" : 1.0,
    "rate" : 508.47,
    "taxRt" : 18.0,
    "cgst" : 45.76,
    "sgst" : 45.76,
    "total" : 599.0,
    "valBefTax" : 508.47
  }, {
    "serialNo" : "7",
    "pname" : "GLDN BROWN Luxol High Gloss Ena",
    "hsn" : "320890",
    "pack" : "0.5 LT",
    "nop" : 1,
    "qty" : 0.5,
    "rate" : 118.64,
    "taxRt" : 18.0,
    "cgst" : 10.68,
    "sgst" : 10.68,
    "total" : 140.0,
    "valBefTax" : 118.64
  }, {
    "serialNo" : "8",
    "pname" : "WHITE CEMENT White Cement",
    "hsn" : "25232100",
    "pack" : "1.0 KGS",
    "nop" : 1,
    "qty" : 1.0,
    "rate" : 27.34,
    "taxRt" : 28.0,
    "cgst" : 3.83,
    "sgst" : 3.83,
    "total" : 35.0,
    "valBefTax" : 27.34
  }, {
    "serialNo" : "9",
    "pname" : "BISON EXT PUTTY Putty",
    "hsn" : "321410",
    "pack" : "30.0 KG",
    "nop" : 1,
    "qty" : 30.0,
    "rate" : 525.42,
    "taxRt" : 18.0,
    "cgst" : 47.29,
    "sgst" : 47.29,
    "total" : 620.0,
    "valBefTax" : 525.42
  }, {
    "serialNo" : "10",
    "pname" : "120 NO Wet & Dry Sandpaper",
    "hsn" : "680510",
    "pack" : "1.0 PCS",
    "nop" : 6,
    "qty" : 6.0,
    "rate" : 14.41,
    "taxRt" : 18.0,
    "cgst" : 7.8,
    "sgst" : 7.8,
    "total" : 102.0,
    "valBefTax" : 86.46
  }, {
    "serialNo" : "11",
    "pname" : "SEAL O PRIME Xp Hs Seal O Prime",
    "hsn" : "320910",
    "pack" : "4.0 LT",
    "nop" : 1,
    "qty" : 4.0,
    "rate" : 741.52,
    "taxRt" : 18.0,
    "cgst" : 66.74,
    "sgst" : 66.74,
    "total" : 875.0,
    "valBefTax" : 741.52
  }, {
    "serialNo" : "12",
    "pname" : "BPCPWT Interior Wall Primer",
    "hsn" : "320910",
    "pack" : "1.0 LT",
    "nop" : 1,
    "qty" : 1.0,
    "rate" : 148.3,
    "taxRt" : 18.0,
    "cgst" : 13.35,
    "sgst" : 13.35,
    "total" : 175.0,
    "valBefTax" : 148.3
  }, {
    "serialNo" : "13",
    "pname" : "BLACK Luxol Universal Stai",
    "hsn" : "321390",
    "pack" : "0.05 LTR",
    "nop" : 1,
    "qty" : 0.05,
    "rate" : 33.9,
    "taxRt" : 18.0,
    "cgst" : 3.05,
    "sgst" : 3.05,
    "total" : 40.0,
    "valBefTax" : 33.9
  }, {
    "serialNo" : "14",
    "pname" : "F YLW Unitint",
    "hsn" : "321390",
    "pack" : "0.05 LTR",
    "nop" : 1,
    "qty" : 0.05,
    "rate" : 38.14,
    "taxRt" : 18.0,
    "cgst" : 3.43,
    "sgst" : 3.43,
    "total" : 45.0,
    "valBefTax" : 38.14
  }, {
    "serialNo" : "15",
    "pname" : "HAPPY WALL PUTTY Putty",
    "hsn" : "321410",
    "pack" : "10.0 KG",
    "nop" : 1,
    "qty" : 10.0,
    "rate" : 563.55,
    "taxRt" : 18.0,
    "cgst" : 50.72,
    "sgst" : 50.72,
    "total" : 664.0,
    "valBefTax" : 563.55
  } ],
  "totalCgst" : 741.18,
  "totalSgst" : 741.18,
  "total" : 9698.0,
  "totalvbt" : 8219.64,
  "totalNop" : 25.0,
  "totqty" : 183.6,
  "paymentMode" : "Cash"
}