{
  "invoiceNo" : "000088",
  "date" : "10/04/2022",
  "cname" : "KALIM ENTERPRISE",
  "caddress" : "VIL&PO GHUNI KOL 157",
  "cgstno" : null,
  "items" : [ {
    "serialNo" : "1",
    "pname" : "YLW WCS C B Weathercoat Smoo",
    "hsn" : "320910",
    "pack" : "0.9 LTR",
    "nop" : 1,
    "qty" : 0.9,
    "rate" : 360.17,
    "taxRt" : 18.0,
    "cgst" : 32.41,
    "sgst" : 32.41,
    "total" : 424.0,
    "valBefTax" : 360.17
  } ],
  "totalCgst" : 32.41,
  "totalSgst" : 32.41,
  "total" : 424.0,
  "totalvbt" : 360.17,
  "totalNop" : 1.0,
  "totqty" : 0.9,
  "paymentMode" : "Credit"
}