{
  "invoiceNo" : "000041",
  "date" : "07/04/2022",
  "cname" : "CASH A/C",
  "caddress" : null,
  "cgstno" : null,
  "items" : [ {
    "serialNo" : "1",
    "pname" : "BISON EXT PUTTY Putty",
    "hsn" : "321410",
    "pack" : "40.0 KG",
    "nop" : 3,
    "qty" : 120.0,
    "rate" : 618.64,
    "taxRt" : 18.0,
    "cgst" : 167.04,
    "sgst" : 167.04,
    "total" : 2189.0,
    "valBefTax" : 1855.92
  } ],
  "totalCgst" : 167.04,
  "totalSgst" : 167.04,
  "total" : 2189.0,
  "totalvbt" : 1855.92,
  "totalNop" : 3.0,
  "totqty" : 120.0,
  "paymentMode" : "Cash",
  "phone" : null
}