{
  "invoiceNo" : "000060",
  "date" : "08/04/2022",
  "cname" : "CASH A/C",
  "caddress" : null,
  "cgstno" : null,
  "items" : [ {
    "serialNo" : "1",
    "pname" : "P0 EC C B Easy Clean Luxur",
    "hsn" : "320910",
    "pack" : "4.0 LT",
    "nop" : 1,
    "qty" : 4.0,
    "rate" : 1739.0,
    "taxRt" : 18.0,
    "cgst" : 156.51,
    "sgst" : 156.51,
    "total" : 2051.0,
    "valBefTax" : 1739.0
  }, {
    "serialNo" : "2",
    "pname" : "P0 EC C B Easy Clean Luxur",
    "hsn" : "320910",
    "pack" : "1.0 LT",
    "nop" : 2,
    "qty" : 2.0,
    "rate" : 405.93,
    "taxRt" : 18.0,
    "cgst" : 73.06,
    "sgst" : 73.06,
    "total" : 958.0,
    "valBefTax" : 811.86
  }, {
    "serialNo" : "3",
    "pname" : "W1 EC C B Easy Clean Luxur",
    "hsn" : "320910",
    "pack" : "3.6 LT",
    "nop" : 1,
    "qty" : 3.6,
    "rate" : 1542.4,
    "taxRt" : 18.0,
    "cgst" : 138.81,
    "sgst" : 138.81,
    "total" : 1819.0,
    "valBefTax" : 1542.4
  }, {
    "serialNo" : "4",
    "pname" : "PALE CREAM Luxol High Gloss Ena",
    "hsn" : "320890",
    "pack" : "4.0 LT",
    "nop" : 2,
    "qty" : 8.0,
    "rate" : 974.57,
    "taxRt" : 18.0,
    "cgst" : 175.42,
    "sgst" : 175.42,
    "total" : 2299.0,
    "valBefTax" : 1949.14
  }, {
    "serialNo" : "5",
    "pname" : "W2 LUX XTRA C B Luxol Xtra Ename",
    "hsn" : "320890",
    "pack" : "0.95 LT",
    "nop" : 1,
    "qty" : 0.95,
    "rate" : 254.24,
    "taxRt" : 18.0,
    "cgst" : 22.88,
    "sgst" : 22.88,
    "total" : 300.0,
    "valBefTax" : 254.24
  } ],
  "totalCgst" : 566.68,
  "totalSgst" : 566.68,
  "total" : 7427.0,
  "totalvbt" : 6296.64,
  "totalNop" : 7.0,
  "totqty" : 18.55,
  "paymentMode" : "Cash",
  "phone" : null
}