{
  "invoiceNo" : "000001",
  "date" : "05/04/2022",
  "cname" : "A B GROUP",
  "caddress" : "1/1 A BHOLA NATH PAUL ROAD KOL 700006",
  "cgstno" : null,
  "items" : [ {
    "serialNo" : "1",
    "pname" : "BRN ANTI DUST C B Xp Wcoat Anti Du",
    "hsn" : "320910",
    "pack" : "0.9 LTR",
    "nop" : 1,
    "qty" : 0.9,
    "rate" : 334.74,
    "taxRt" : 18.0,
    "cgst" : 30.13,
    "sgst" : 30.13,
    "total" : 395.0,
    "valBefTax" : 334.74
  }, {
    "serialNo" : "2",
    "pname" : "P0 ANTI DUST C B Xp Wcoat Anti Du",
    "hsn" : "320910",
    "pack" : "1.0 LTR",
    "nop" : 2,
    "qty" : 2.0,
    "rate" : 326.27,
    "taxRt" : 18.0,
    "cgst" : 58.72,
    "sgst" : 58.72,
    "total" : 770.0,
    "valBefTax" : 652.54
  } ],
  "totalCgst" : 88.85,
  "totalSgst" : 88.85,
  "total" : 1165.0,
  "totalvbt" : 987.28,
  "totalNop" : 3.0,
  "totqty" : 2.9,
  "paymentMode" : "Credit"
}