{
  "invoiceNo" : "000076",
  "date" : "09/04/2022",
  "cname" : "CASH A/C",
  "caddress" : null,
  "cgstno" : null,
  "items" : [ {
    "serialNo" : "1",
    "pname" : "P0 BE Xp Slk Breathe Easy",
    "hsn" : "320910",
    "pack" : "4.0 LTR",
    "nop" : 1,
    "qty" : 4.0,
    "rate" : 2288.1,
    "taxRt" : 18.0,
    "cgst" : 205.93,
    "sgst" : 205.93,
    "total" : 2699.0,
    "valBefTax" : 2288.1
  } ],
  "totalCgst" : 205.93,
  "totalSgst" : 205.93,
  "total" : 2699.0,
  "totalvbt" : 2288.1,
  "totalNop" : 1.0,
  "totqty" : 4.0,
  "paymentMode" : "Cash",
  "phone" : null
}