{
  "invoiceNo" : "000040",
  "date" : "07/04/2022",
  "cname" : "CASH A/C",
  "caddress" : null,
  "cgstno" : null,
  "items" : [ {
    "serialNo" : "1",
    "pname" : "ZINC CHR YLW MTL PRI Metal Primer Solvent",
    "hsn" : "320890",
    "pack" : "0.5 LTR",
    "nop" : 1,
    "qty" : 0.5,
    "rate" : 110.17,
    "taxRt" : 18.0,
    "cgst" : 9.92,
    "sgst" : 9.92,
    "total" : 130.0,
    "valBefTax" : 110.17
  }, {
    "serialNo" : "2",
    "pname" : "SALVALINE ALUMINIUM Aliminium Paint",
    "hsn" : "320890",
    "pack" : "0.5 LTR",
    "nop" : 1,
    "qty" : 0.5,
    "rate" : 165.25,
    "taxRt" : 18.0,
    "cgst" : 14.87,
    "sgst" : 14.87,
    "total" : 194.0,
    "valBefTax" : 165.25
  } ],
  "totalCgst" : 24.79,
  "totalSgst" : 24.79,
  "total" : 324.0,
  "totalvbt" : 275.42,
  "totalNop" : 2.0,
  "totqty" : 1.0,
  "paymentMode" : "Cash",
  "phone" : null
}