{
  "invoiceNo" : "000017",
  "date" : "05/04/2022",
  "cname" : "KALIM ENTERPRISE",
  "caddress" : "VIL&PO GHUNI KOL 157",
  "cgstno" : null,
  "items" : [ {
    "serialNo" : "1",
    "pname" : "SEAL O PRIME Xp Hs Seal O Prime",
    "hsn" : "320910",
    "pack" : "4.0 LT",
    "nop" : 1,
    "qty" : 4.0,
    "rate" : 741.52,
    "taxRt" : 18.0,
    "cgst" : 66.74,
    "sgst" : 66.74,
    "total" : 875.0,
    "valBefTax" : 741.52
  }, {
    "serialNo" : "2",
    "pname" : "P0 RTC C B Rangoli Total Ca",
    "hsn" : "320910",
    "pack" : "1.0 LT",
    "nop" : 4,
    "qty" : 4.0,
    "rate" : 279.66,
    "taxRt" : 18.0,
    "cgst" : 100.68,
    "sgst" : 100.68,
    "total" : 1319.0,
    "valBefTax" : 1118.64
  }, {
    "serialNo" : "3",
    "pname" : "HAPPY WALL PUTTY Putty",
    "hsn" : "321410",
    "pack" : "1.0 KG",
    "nop" : 2,
    "qty" : 2.0,
    "rate" : 67.8,
    "taxRt" : 18.0,
    "cgst" : 12.2,
    "sgst" : 12.2,
    "total" : 159.0,
    "valBefTax" : 135.6
  } ],
  "totalCgst" : 179.62,
  "totalSgst" : 179.62,
  "total" : 2353.0,
  "totalvbt" : 1995.76,
  "totalNop" : 7.0,
  "totqty" : 10.0,
  "paymentMode" : "Credit",
  "phone" : null
}