{
  "invoiceNo" : "000037",
  "date" : "07/04/2022",
  "cname" : "KALIM ENTERPRISE",
  "caddress" : "VIL&PO GHUNI KOL 157",
  "cgstno" : null,
  "items" : [ {
    "serialNo" : "1",
    "pname" : "BLACK GPE Gloss Premium Enamel",
    "hsn" : "32081010",
    "pack" : "1.0 LTR",
    "nop" : 2,
    "qty" : 2.0,
    "rate" : 220.34,
    "taxRt" : 18.0,
    "cgst" : 39.66,
    "sgst" : 39.66,
    "total" : 519.0,
    "valBefTax" : 440.68
  } ],
  "totalCgst" : 39.66,
  "totalSgst" : 39.66,
  "total" : 519.0,
  "totalvbt" : 440.68,
  "totalNop" : 2.0,
  "totqty" : 2.0,
  "paymentMode" : "Credit",
  "phone" : null
}