{
  "invoiceNo" : "000179",
  "date" : "18/04/2022",
  "cname" : "NITYANANDA GHOSH 9830318633",
  "caddress" : "GF 8/2 RABINDRA PALLY ZARDA BAGAN KOL 59",
  "cgstno" : null,
  "items" : [ {
    "serialNo" : "1",
    "pname" : "N2 LONG LIFE Xp Wcoat Long Life",
    "hsn" : "320910",
    "pack" : "3.6 LTR",
    "nop" : 1,
    "qty" : 3.6,
    "rate" : 1927.1,
    "taxRt" : 18.0,
    "cgst" : 173.44,
    "sgst" : 173.44,
    "total" : 2273.0,
    "valBefTax" : 1927.1
  }, {
    "serialNo" : "2",
    "pname" : "BLACK LHG Luxol High Gloss Ena",
    "hsn" : "320890",
    "pack" : "1.0 LT",
    "nop" : 2,
    "qty" : 2.0,
    "rate" : 220.34,
    "taxRt" : 18.0,
    "cgst" : 39.66,
    "sgst" : 39.66,
    "total" : 519.0,
    "valBefTax" : 440.68
  }, {
    "serialNo" : "3",
    "pname" : "SEAL O PRIME Xp Hs Seal O Prime",
    "hsn" : "320910",
    "pack" : "1.0 LT",
    "nop" : 1,
    "qty" : 1.0,
    "rate" : 199.15,
    "taxRt" : 18.0,
    "cgst" : 17.92,
    "sgst" : 17.92,
    "total" : 234.0,
    "valBefTax" : 199.15
  }, {
    "serialNo" : "4",
    "pname" : "SEAL O PRIME Xp Hs Seal O Prime",
    "hsn" : "320910",
    "pack" : "4.0 LT",
    "nop" : 1,
    "qty" : 4.0,
    "rate" : 741.52,
    "taxRt" : 18.0,
    "cgst" : 66.74,
    "sgst" : 66.74,
    "total" : 875.0,
    "valBefTax" : 741.52
  } ],
  "totalCgst" : 297.76,
  "totalSgst" : 297.76,
  "total" : 3901.0,
  "totalvbt" : 3308.45,
  "totalNop" : 5.0,
  "totqty" : 10.6,
  "paymentMode" : "Cash"
}