{
  "invoiceNo" : "000112",
  "date" : "12/04/2022",
  "cname" : "CASH A/C",
  "caddress" : null,
  "cgstno" : null,
  "items" : [ {
    "serialNo" : "1",
    "pname" : "P0 EC C B Easy Clean Luxur",
    "hsn" : "320910",
    "pack" : "1.0 LT",
    "nop" : 1,
    "qty" : 1.0,
    "rate" : 420.34,
    "taxRt" : 18.0,
    "cgst" : 37.83,
    "sgst" : 37.83,
    "total" : 496.0,
    "valBefTax" : 420.34
  }, {
    "serialNo" : "2",
    "pname" : "N2 EC C B Easy Clean Luxur",
    "hsn" : "320910",
    "pack" : "0.9 LT",
    "nop" : 1,
    "qty" : 0.9,
    "rate" : 394.06,
    "taxRt" : 18.0,
    "cgst" : 35.47,
    "sgst" : 35.47,
    "total" : 465.0,
    "valBefTax" : 394.06
  }, {
    "serialNo" : "3",
    "pname" : "WT C B Machine Colouran",
    "hsn" : "321390",
    "pack" : "1.0 LTR",
    "nop" : 1,
    "qty" : 1.0,
    "rate" : 0.85,
    "taxRt" : 18.0,
    "cgst" : 0.08,
    "sgst" : 0.08,
    "total" : 1.0,
    "valBefTax" : 0.85
  }, {
    "serialNo" : "4",
    "pname" : "YLW LUXOL XTRA C B Luxol Xtra Ename",
    "hsn" : "320890",
    "pack" : "0.95 LTR",
    "nop" : 2,
    "qty" : 1.9,
    "rate" : 250.0,
    "taxRt" : 18.0,
    "cgst" : 45.0,
    "sgst" : 45.0,
    "total" : 590.0,
    "valBefTax" : 500.0
  }, {
    "serialNo" : "5",
    "pname" : "BUTTERFLY AC METAL Metal Primer Solvent",
    "hsn" : "320890",
    "pack" : "0.5 LT",
    "nop" : 2,
    "qty" : 1.0,
    "rate" : 93.22,
    "taxRt" : 18.0,
    "cgst" : 16.78,
    "sgst" : 16.78,
    "total" : 220.0,
    "valBefTax" : 186.44
  } ],
  "totalCgst" : 135.16,
  "totalSgst" : 135.16,
  "total" : 1772.0,
  "totalvbt" : 1501.69,
  "totalNop" : 7.0,
  "totqty" : 5.8,
  "paymentMode" : "Cash"
}