{
  "invoiceNo" : "000129",
  "date" : "13/04/2022",
  "cname" : "CASH A/C",
  "caddress" : null,
  "cgstno" : null,
  "items" : [ {
    "serialNo" : "1",
    "pname" : "LACQUER CLEAR Abro",
    "hsn" : "32082090",
    "pack" : "1.0 PCS",
    "nop" : 1,
    "qty" : 1.0,
    "rate" : 161.02,
    "taxRt" : 18.0,
    "cgst" : 14.49,
    "sgst" : 14.49,
    "total" : 190.0,
    "valBefTax" : 161.02
  }, {
    "serialNo" : "2",
    "pname" : "LFY Tinters",
    "hsn" : "32139000",
    "pack" : "1.0 LTR",
    "nop" : 1,
    "qty" : 1.0,
    "rate" : 0.85,
    "taxRt" : 18.0,
    "cgst" : 0.08,
    "sgst" : 0.08,
    "total" : 1.0,
    "valBefTax" : 0.85
  }, {
    "serialNo" : "3",
    "pname" : "80 NO 4\"X 9\" Handy Sheet",
    "hsn" : "68051010",
    "pack" : "1.0 PCS",
    "nop" : 3,
    "qty" : 3.0,
    "rate" : 8.47,
    "taxRt" : 18.0,
    "cgst" : 2.28,
    "sgst" : 2.28,
    "total" : 30.0,
    "valBefTax" : 25.41
  } ],
  "totalCgst" : 16.85,
  "totalSgst" : 16.85,
  "total" : 221.0,
  "totalvbt" : 187.28,
  "totalNop" : 5.0,
  "totqty" : 5.0,
  "paymentMode" : "Cash"
}