{
  "invoiceNo" : "000178",
  "date" : "18/04/2022",
  "cname" : "CASH A/C",
  "caddress" : null,
  "cgstno" : null,
  "items" : [ {
    "serialNo" : "1",
    "pname" : "WHT ACRYLIC DISTEMPE Duwel Acrylic Distem",
    "hsn" : "32099090",
    "pack" : "10.0 KG",
    "nop" : 1,
    "qty" : 10.0,
    "rate" : 449.15,
    "taxRt" : 18.0,
    "cgst" : 40.42,
    "sgst" : 40.42,
    "total" : 529.0,
    "valBefTax" : 449.15
  }, {
    "serialNo" : "2",
    "pname" : "ACRYLIC PRIMER Wb Primers",
    "hsn" : "32091090",
    "pack" : "4.0 LTR",
    "nop" : 1,
    "qty" : 4.0,
    "rate" : 305.08,
    "taxRt" : 18.0,
    "cgst" : 27.46,
    "sgst" : 27.46,
    "total" : 360.0,
    "valBefTax" : 305.08
  }, {
    "serialNo" : "3",
    "pname" : "BISON EXT PUTTY Putty",
    "hsn" : "321410",
    "pack" : "40.0 KG",
    "nop" : 1,
    "qty" : 40.0,
    "rate" : 618.64,
    "taxRt" : 18.0,
    "cgst" : 55.68,
    "sgst" : 55.68,
    "total" : 730.0,
    "valBefTax" : 618.64
  }, {
    "serialNo" : "4",
    "pname" : "BR GREEN Unitint",
    "hsn" : "321390",
    "pack" : "0.1 LTR",
    "nop" : 2,
    "qty" : 0.2,
    "rate" : 59.32,
    "taxRt" : 18.0,
    "cgst" : 10.68,
    "sgst" : 10.68,
    "total" : 140.0,
    "valBefTax" : 118.64
  }, {
    "serialNo" : "5",
    "pname" : "P0 BISON XP C B Xp Bison Emulsio",
    "hsn" : "320910",
    "pack" : "1.0 LT",
    "nop" : 2,
    "qty" : 2.0,
    "rate" : 165.25,
    "taxRt" : 18.0,
    "cgst" : 29.74,
    "sgst" : 29.74,
    "total" : 390.0,
    "valBefTax" : 330.5
  }, {
    "serialNo" : "6",
    "pname" : "BISON EXT PUTTY Putty",
    "hsn" : "321410",
    "pack" : "40.0 KG",
    "nop" : 1,
    "qty" : 40.0,
    "rate" : 618.64,
    "taxRt" : 18.0,
    "cgst" : 55.68,
    "sgst" : 55.68,
    "total" : 730.0,
    "valBefTax" : 618.64
  }, {
    "serialNo" : "7",
    "pname" : "1\" MASKING TAPE BERG Painting Tools Rolle",
    "hsn" : "391910",
    "pack" : "1.0 LTR",
    "nop" : 6,
    "qty" : 6.0,
    "rate" : 25.42,
    "taxRt" : 18.0,
    "cgst" : 13.74,
    "sgst" : 13.74,
    "total" : 180.0,
    "valBefTax" : 152.52
  }, {
    "serialNo" : "8",
    "pname" : "WHITE CEMENT White Cement",
    "hsn" : "25232100",
    "pack" : "1.0 KGS",
    "nop" : 5,
    "qty" : 5.0,
    "rate" : 5.47,
    "taxRt" : 28.0,
    "cgst" : 3.85,
    "sgst" : 3.85,
    "total" : 35.0,
    "valBefTax" : 27.35
  } ],
  "totalCgst" : 237.25,
  "totalSgst" : 237.25,
  "total" : 3094.0,
  "totalvbt" : 2620.52,
  "totalNop" : 19.0,
  "totqty" : 107.2,
  "paymentMode" : "Cash"
}