{
  "invoiceNo" : "000165",
  "date" : "17/04/2022",
  "cname" : "KALIM ENTERPRISE",
  "caddress" : "VIL&PO GHUNI KOL 157",
  "cgstno" : null,
  "items" : [ {
    "serialNo" : "1",
    "pname" : "BPCPST Wall Primer Solvent",
    "hsn" : "320890",
    "pack" : "10.0 LT",
    "nop" : 1,
    "qty" : 10.0,
    "rate" : 1589.0,
    "taxRt" : 18.0,
    "cgst" : 143.01,
    "sgst" : 143.01,
    "total" : 1874.0,
    "valBefTax" : 1589.0
  } ],
  "totalCgst" : 143.01,
  "totalSgst" : 143.01,
  "total" : 1874.0,
  "totalvbt" : 1589.0,
  "totalNop" : 1.0,
  "totqty" : 10.0,
  "paymentMode" : "Credit",
  "phone" : null
}