{
  "invoiceNo" : "000180",
  "date" : "18/04/2022",
  "cname" : "M RAJU BISWAS",
  "caddress" : null,
  "cgstno" : null,
  "items" : [ {
    "serialNo" : "1",
    "pname" : "1\" MASKING TAPE BERG Painting Tools Rolle",
    "hsn" : "391910",
    "pack" : "1.0 LTR",
    "nop" : 2,
    "qty" : 2.0,
    "rate" : 25.42,
    "taxRt" : 18.0,
    "cgst" : 4.58,
    "sgst" : 4.58,
    "total" : 60.0,
    "valBefTax" : 50.84
  } ],
  "totalCgst" : 4.58,
  "totalSgst" : 4.58,
  "total" : 60.0,
  "totalvbt" : 50.84,
  "totalNop" : 2.0,
  "totqty" : 2.0,
  "paymentMode" : "Credit"
}