{
  "invoiceNo" : "000128",
  "date" : "13/04/2022",
  "cname" : "CASH A/C",
  "caddress" : null,
  "cgstno" : null,
  "items" : [ {
    "serialNo" : "1",
    "pname" : "GOLD GLMR C B Xp Silk Glamour",
    "hsn" : "320910",
    "pack" : "1.0 LTR",
    "nop" : 2,
    "qty" : 2.0,
    "rate" : 707.62,
    "taxRt" : 18.0,
    "cgst" : 127.38,
    "sgst" : 127.38,
    "total" : 1669.0,
    "valBefTax" : 1415.24
  }, {
    "serialNo" : "2",
    "pname" : "90 VT DIAMOND GLO Vt Diamond Glo",
    "hsn" : "32091010",
    "pack" : "4.0 LTR",
    "nop" : 1,
    "qty" : 4.0,
    "rate" : 2149.1,
    "taxRt" : 18.0,
    "cgst" : 193.42,
    "sgst" : 193.42,
    "total" : 2535.0,
    "valBefTax" : 2149.1
  }, {
    "serialNo" : "3",
    "pname" : "DARK BROWN Gloss Premium Enamel",
    "hsn" : "32081010",
    "pack" : "1.0 LTR",
    "nop" : 1,
    "qty" : 1.0,
    "rate" : 220.34,
    "taxRt" : 18.0,
    "cgst" : 19.83,
    "sgst" : 19.83,
    "total" : 260.0,
    "valBefTax" : 220.34
  }, {
    "serialNo" : "4",
    "pname" : "96 VT DG Vt Diamond Glo",
    "hsn" : "32091010",
    "pack" : "1.0 LTR",
    "nop" : 4,
    "qty" : 4.0,
    "rate" : 572.88,
    "taxRt" : 18.0,
    "cgst" : 206.24,
    "sgst" : 206.24,
    "total" : 2703.0,
    "valBefTax" : 2291.52
  }, {
    "serialNo" : "5",
    "pname" : "90 VT DIAMOND GLO Vt Diamond Glo",
    "hsn" : "32091010",
    "pack" : "1.0 LTR",
    "nop" : 1,
    "qty" : 1.0,
    "rate" : 541.52,
    "taxRt" : 18.0,
    "cgst" : 48.74,
    "sgst" : 48.74,
    "total" : 639.0,
    "valBefTax" : 541.52
  }, {
    "serialNo" : "6",
    "pname" : "92 VT DIAMOND GLO Vt Diamond Glo",
    "hsn" : "32091010",
    "pack" : "1.0 LTR",
    "nop" : 3,
    "qty" : 3.0,
    "rate" : 578.81,
    "taxRt" : 18.0,
    "cgst" : 156.27,
    "sgst" : 156.27,
    "total" : 2048.0,
    "valBefTax" : 1736.43
  }, {
    "serialNo" : "7",
    "pname" : "BLACK GPE Gloss Premium Enamel",
    "hsn" : "32081010",
    "pack" : "1.0 LTR",
    "nop" : 2,
    "qty" : 2.0,
    "rate" : 233.05,
    "taxRt" : 18.0,
    "cgst" : 41.94,
    "sgst" : 41.94,
    "total" : 550.0,
    "valBefTax" : 466.1
  } ],
  "totalCgst" : 793.82,
  "totalSgst" : 793.82,
  "total" : 10404.0,
  "totalvbt" : 8820.25,
  "totalNop" : 14.0,
  "totqty" : 17.0,
  "paymentMode" : "Cash",
  "phone" : null
}