{
  "invoiceNo" : "000122",
  "date" : "13/04/2022",
  "cname" : "CASH A/C",
  "caddress" : null,
  "cgstno" : null,
  "items" : [ {
    "serialNo" : "1",
    "pname" : "PRO WCOAT EXT PRIMER Wt Primer Pro",
    "hsn" : "320910",
    "pack" : "20.0 LTR",
    "nop" : 1,
    "qty" : 20.0,
    "rate" : 2500.0,
    "taxRt" : 18.0,
    "cgst" : 225.0,
    "sgst" : 225.0,
    "total" : 2949.0,
    "valBefTax" : 2500.0
  }, {
    "serialNo" : "2",
    "pname" : "N2 WALMASTA C B Walmasta",
    "hsn" : "320910",
    "pack" : "0.9 LTR",
    "nop" : 1,
    "qty" : 0.9,
    "rate" : 224.57,
    "taxRt" : 18.0,
    "cgst" : 20.21,
    "sgst" : 20.21,
    "total" : 264.0,
    "valBefTax" : 224.57
  } ],
  "totalCgst" : 245.21,
  "totalSgst" : 245.21,
  "total" : 3213.0,
  "totalvbt" : 2724.57,
  "totalNop" : 2.0,
  "totqty" : 20.9,
  "paymentMode" : "Cash"
}