{
  "invoiceNo" : "000104",
  "date" : "11/04/2022",
  "cname" : "CASH A/C",
  "caddress" : null,
  "cgstno" : null,
  "items" : [ {
    "serialNo" : "1",
    "pname" : "1\" MASKING TAPE BERG Painting Tools Rolle",
    "hsn" : "391910",
    "pack" : "1.0 LTR",
    "nop" : 2,
    "qty" : 2.0,
    "rate" : 25.42,
    "taxRt" : 18.0,
    "cgst" : 4.58,
    "sgst" : 4.58,
    "total" : 60.0,
    "valBefTax" : 50.84
  }, {
    "serialNo" : "2",
    "pname" : "P0 EC XP FRESH Xp E. Clean Fresh",
    "hsn" : "320910",
    "pack" : "1.0 LTR",
    "nop" : 2,
    "qty" : 2.0,
    "rate" : 398.3,
    "taxRt" : 18.0,
    "cgst" : 71.7,
    "sgst" : 71.7,
    "total" : 939.0,
    "valBefTax" : 796.6
  }, {
    "serialNo" : "3",
    "pname" : "P0 EC XP FRESH Xp E. Clean Fresh",
    "hsn" : "320910",
    "pack" : "1.0 LTR",
    "nop" : 1,
    "qty" : 1.0,
    "rate" : 400.0,
    "taxRt" : 18.0,
    "cgst" : 36.0,
    "sgst" : 36.0,
    "total" : 472.0,
    "valBefTax" : 400.0
  }, {
    "serialNo" : "4",
    "pname" : "P1 EC XP FRESH Xp E. Clean Fresh",
    "hsn" : "320910",
    "pack" : "0.9 LTR",
    "nop" : 2,
    "qty" : 1.8,
    "rate" : 398.3,
    "taxRt" : 18.0,
    "cgst" : 71.7,
    "sgst" : 71.7,
    "total" : 939.0,
    "valBefTax" : 796.6
  }, {
    "serialNo" : "5",
    "pname" : "P1 EC XP FRESH Xp E. Clean Fresh",
    "hsn" : "320910",
    "pack" : "0.9 LTR",
    "nop" : 2,
    "qty" : 1.8,
    "rate" : 396.61,
    "taxRt" : 18.0,
    "cgst" : 71.38,
    "sgst" : 71.38,
    "total" : 935.0,
    "valBefTax" : 793.22
  }, {
    "serialNo" : "6",
    "pname" : "UW EC XP FRESH Xp E. Clean Fresh",
    "hsn" : "320910",
    "pack" : "1.0 LTR",
    "nop" : 1,
    "qty" : 1.0,
    "rate" : 397.45,
    "taxRt" : 18.0,
    "cgst" : 35.77,
    "sgst" : 35.77,
    "total" : 468.0,
    "valBefTax" : 397.45
  }, {
    "serialNo" : "7",
    "pname" : "BROWN LHG Luxol High Gloss Ena",
    "hsn" : "320890",
    "pack" : "1.0 LT",
    "nop" : 2,
    "qty" : 2.0,
    "rate" : 220.34,
    "taxRt" : 18.0,
    "cgst" : 39.66,
    "sgst" : 39.66,
    "total" : 519.0,
    "valBefTax" : 440.68
  }, {
    "serialNo" : "8",
    "pname" : "P1 EC XP FRESH Xp E. Clean Fresh",
    "hsn" : "320910",
    "pack" : "0.9 LTR",
    "nop" : 1,
    "qty" : 0.9,
    "rate" : 394.06,
    "taxRt" : 18.0,
    "cgst" : 35.47,
    "sgst" : 35.47,
    "total" : 465.0,
    "valBefTax" : 394.06
  } ],
  "totalCgst" : 366.26,
  "totalSgst" : 366.26,
  "total" : 4797.0,
  "totalvbt" : 4069.45,
  "totalNop" : 13.0,
  "totqty" : 12.5,
  "paymentMode" : "Cash"
}