{
  "invoiceNo" : "000105",
  "date" : "12/04/2022",
  "cname" : "CASH A/C",
  "caddress" : null,
  "cgstno" : null,
  "items" : [ {
    "serialNo" : "1",
    "pname" : "P1 EC XP FRESH Xp E. Clean Fresh",
    "hsn" : "320910",
    "pack" : "3.6 LTR",
    "nop" : 1,
    "qty" : 3.6,
    "rate" : 1547.4,
    "taxRt" : 18.0,
    "cgst" : 139.27,
    "sgst" : 139.27,
    "total" : 1825.0,
    "valBefTax" : 1547.4
  }, {
    "serialNo" : "2",
    "pname" : "P0 EC XP FRESH Xp E. Clean Fresh",
    "hsn" : "320910",
    "pack" : "1.0 LTR",
    "nop" : 2,
    "qty" : 2.0,
    "rate" : 405.08,
    "taxRt" : 18.0,
    "cgst" : 72.92,
    "sgst" : 72.92,
    "total" : 955.0,
    "valBefTax" : 810.16
  }, {
    "serialNo" : "3",
    "pname" : "RED EC XP FRESH Xp E. Clean Fresh",
    "hsn" : "320910",
    "pack" : "0.9 LTR",
    "nop" : 2,
    "qty" : 1.8,
    "rate" : 492.37,
    "taxRt" : 18.0,
    "cgst" : 88.62,
    "sgst" : 88.62,
    "total" : 1162.0,
    "valBefTax" : 984.74
  }, {
    "serialNo" : "4",
    "pname" : "HAPPY WALL PUTTY Putty",
    "hsn" : "321410",
    "pack" : "1.0 KG",
    "nop" : 2,
    "qty" : 2.0,
    "rate" : 67.8,
    "taxRt" : 18.0,
    "cgst" : 12.2,
    "sgst" : 12.2,
    "total" : 159.0,
    "valBefTax" : 135.6
  } ],
  "totalCgst" : 313.01,
  "totalSgst" : 313.01,
  "total" : 4101.0,
  "totalvbt" : 3477.9,
  "totalNop" : 7.0,
  "totqty" : 9.4,
  "paymentMode" : "Cash"
}