{
  "invoiceNo" : "000181",
  "date" : "18/04/2022",
  "cname" : "M RAJU BISWAS",
  "caddress" : null,
  "cgstno" : null,
  "items" : [ {
    "serialNo" : "1",
    "pname" : "P0 WLL Xp Wcoat Long Life",
    "hsn" : "320910",
    "pack" : "20.0 LTR",
    "nop" : 1,
    "qty" : 20.0,
    "rate" : 8813.5,
    "taxRt" : 18.0,
    "cgst" : 793.21,
    "sgst" : 793.21,
    "total" : 10399.0,
    "valBefTax" : 8813.5
  } ],
  "totalCgst" : 793.21,
  "totalSgst" : 793.21,
  "total" : 10399.0,
  "totalvbt" : 8813.5,
  "totalNop" : 1.0,
  "totqty" : 20.0,
  "paymentMode" : "Credit"
}