{
  "invoiceNo" : "000152",
  "date" : "16/04/2022",
  "cname" : "A B GROUP",
  "caddress" : "1/1 A BHOLA NATH PAUL ROAD KOL 700006",
  "cgstno" : null,
  "items" : [ {
    "serialNo" : "1",
    "pname" : "HAPPY WALL PUTTY Putty",
    "hsn" : "321410",
    "pack" : "20.0 KG",
    "nop" : 2,
    "qty" : 40.0,
    "rate" : 1059.3,
    "taxRt" : 18.0,
    "cgst" : 190.68,
    "sgst" : 190.68,
    "total" : 2499.0,
    "valBefTax" : 2118.6
  }, {
    "serialNo" : "2",
    "pname" : "BISON EXT PUTTY Putty",
    "hsn" : "321410",
    "pack" : "30.0 KG",
    "nop" : 2,
    "qty" : 60.0,
    "rate" : 525.42,
    "taxRt" : 18.0,
    "cgst" : 94.58,
    "sgst" : 94.58,
    "total" : 1240.0,
    "valBefTax" : 1050.84
  }, {
    "serialNo" : "3",
    "pname" : "80NO 9\" Velcro Disc 8 Hol",
    "hsn" : "68052010",
    "pack" : "1.0 PCS",
    "nop" : 4,
    "qty" : 4.0,
    "rate" : 42.37,
    "taxRt" : 18.0,
    "cgst" : 15.24,
    "sgst" : 15.24,
    "total" : 199.0,
    "valBefTax" : 169.48
  }, {
    "serialNo" : "4",
    "pname" : "220 NO Wet & Dry Sandpaper",
    "hsn" : "680510",
    "pack" : "1.0 PCS",
    "nop" : 12,
    "qty" : 12.0,
    "rate" : 14.41,
    "taxRt" : 18.0,
    "cgst" : 15.6,
    "sgst" : 15.6,
    "total" : 204.0,
    "valBefTax" : 172.92
  } ],
  "totalCgst" : 316.1,
  "totalSgst" : 316.1,
  "total" : 4142.0,
  "totalvbt" : 3511.84,
  "totalNop" : 20.0,
  "totqty" : 116.0,
  "paymentMode" : "Credit"
}