{
  "invoiceNo" : "000124",
  "date" : "13/04/2022",
  "cname" : "NITYANANDA GHOSH 9830318633",
  "caddress" : "GF 8/2 RABINDRA PALLY ZARDA BAGAN KOL 59",
  "cgstno" : null,
  "items" : [ {
    "serialNo" : "1",
    "pname" : "N2 LONG LIFE Xp Wcoat Long Life",
    "hsn" : "320910",
    "pack" : "9.0 LTR",
    "nop" : 1,
    "qty" : 9.0,
    "rate" : 4394.9,
    "taxRt" : 18.0,
    "cgst" : 395.54,
    "sgst" : 395.54,
    "total" : 5185.0,
    "valBefTax" : 4394.9
  } ],
  "totalCgst" : 395.54,
  "totalSgst" : 395.54,
  "total" : 5185.0,
  "totalvbt" : 4394.9,
  "totalNop" : 1.0,
  "totqty" : 9.0,
  "paymentMode" : "Credit"
}