{
  "invoiceNo" : "000196",
  "date" : "19/04/2022",
  "cname" : "SOHAM COMMERCIAL",
  "caddress" : "7B,KAPALITOLA LANE 2ND FLOOR KOL-12",
  "cgstno" : null,
  "items" : [ {
    "serialNo" : "1",
    "pname" : "WCOAT EXT PRIMER Exterior Wall Primer",
    "hsn" : "320910",
    "pack" : "4.0 LT",
    "nop" : 1,
    "qty" : 4.0,
    "rate" : 610.16,
    "taxRt" : 18.0,
    "cgst" : 54.91,
    "sgst" : 54.91,
    "total" : 719.0,
    "valBefTax" : 610.16
  }, {
    "serialNo" : "2",
    "pname" : "P0 WLL 8' Wll Flexo",
    "hsn" : "320910",
    "pack" : "10.0 LTR",
    "nop" : 1,
    "qty" : 10.0,
    "rate" : 4025.4,
    "taxRt" : 18.0,
    "cgst" : 362.28,
    "sgst" : 362.28,
    "total" : 4749.0,
    "valBefTax" : 4025.4
  } ],
  "totalCgst" : 417.19,
  "totalSgst" : 417.19,
  "total" : 5468.0,
  "totalvbt" : 4635.56,
  "totalNop" : 2.0,
  "totqty" : 14.0,
  "paymentMode" : "Credit"
}