{
  "invoiceNo" : "000118",
  "date" : "13/04/2022",
  "cname" : "NATH DECORATORS & CATERER",
  "caddress" : "JHEEL BAGAN HATIARA",
  "cgstno" : null,
  "items" : [ {
    "serialNo" : "1",
    "pname" : "P0 EC C B Easy Clean Luxur",
    "hsn" : "320910",
    "pack" : "10.0 LT",
    "nop" : 2,
    "qty" : 20.0,
    "rate" : 3703.4,
    "taxRt" : 18.0,
    "cgst" : 666.6,
    "sgst" : 666.6,
    "total" : 8739.0,
    "valBefTax" : 7406.8
  }, {
    "serialNo" : "2",
    "pname" : "BASE COAT Silk B E Base Coat",
    "hsn" : "320910",
    "pack" : "20.0 LTR",
    "nop" : 1,
    "qty" : 20.0,
    "rate" : 3093.2,
    "taxRt" : 18.0,
    "cgst" : 278.39,
    "sgst" : 278.39,
    "total" : 3649.0,
    "valBefTax" : 3093.2
  }, {
    "serialNo" : "3",
    "pname" : "GP THINNER Thinners",
    "hsn" : "320810",
    "pack" : "1.0 LTR",
    "nop" : 1,
    "qty" : 1.0,
    "rate" : 97.46,
    "taxRt" : 18.0,
    "cgst" : 8.77,
    "sgst" : 8.77,
    "total" : 115.0,
    "valBefTax" : 97.46
  }, {
    "serialNo" : "4",
    "pname" : "WHITE Luxol-7-in-1 White",
    "hsn" : "320890",
    "pack" : "1.0 LTR",
    "nop" : 2,
    "qty" : 2.0,
    "rate" : 292.37,
    "taxRt" : 18.0,
    "cgst" : 52.62,
    "sgst" : 52.62,
    "total" : 690.0,
    "valBefTax" : 584.74
  }, {
    "serialNo" : "5",
    "pname" : "GOLD MTLK illusion Designer Fi",
    "hsn" : "320910",
    "pack" : "1.0 LT",
    "nop" : 4,
    "qty" : 4.0,
    "rate" : 694.91,
    "taxRt" : 18.0,
    "cgst" : 250.16,
    "sgst" : 250.16,
    "total" : 3279.0,
    "valBefTax" : 2779.64
  } ],
  "totalCgst" : 1256.54,
  "totalSgst" : 1256.54,
  "total" : 16472.0,
  "totalvbt" : 13961.84,
  "totalNop" : 10.0,
  "totqty" : 47.0,
  "paymentMode" : "Credit"
}