{
  "invoiceNo" : "000133",
  "date" : "14/04/2022",
  "cname" : "KALIM ENTERPRISE",
  "caddress" : "VIL&PO GHUNI KOL 157",
  "cgstno" : null,
  "items" : [ {
    "serialNo" : "1",
    "pname" : "BPCPWT Interior Wall Primer",
    "hsn" : "320910",
    "pack" : "1.0 LT",
    "nop" : 2,
    "qty" : 2.0,
    "rate" : 148.3,
    "taxRt" : 18.0,
    "cgst" : 26.7,
    "sgst" : 26.7,
    "total" : 349.0,
    "valBefTax" : 296.6
  } ],
  "totalCgst" : 26.7,
  "totalSgst" : 26.7,
  "total" : 349.0,
  "totalvbt" : 296.6,
  "totalNop" : 2.0,
  "totqty" : 2.0,
  "paymentMode" : "Credit"
}