{
  "invoiceNo" : "000108",
  "date" : "12/04/2022",
  "cname" : "CASH A/C",
  "caddress" : null,
  "cgstno" : null,
  "items" : [ {
    "serialNo" : "1",
    "pname" : "N2 BISON C B Bison Emulsion",
    "hsn" : "320910",
    "pack" : "3.6 LT",
    "nop" : 1,
    "qty" : 3.6,
    "rate" : 849.99,
    "taxRt" : 18.0,
    "cgst" : 76.5,
    "sgst" : 76.5,
    "total" : 1002.0,
    "valBefTax" : 849.99
  }, {
    "serialNo" : "2",
    "pname" : "YLW BISON C B Bison Emulsion",
    "hsn" : "320910",
    "pack" : "0.9 LT",
    "nop" : 2,
    "qty" : 1.8,
    "rate" : 210.17,
    "taxRt" : 18.0,
    "cgst" : 37.84,
    "sgst" : 37.84,
    "total" : 496.0,
    "valBefTax" : 420.34
  } ],
  "totalCgst" : 114.34,
  "totalSgst" : 114.34,
  "total" : 1498.0,
  "totalvbt" : 1270.33,
  "totalNop" : 3.0,
  "totqty" : 5.4,
  "paymentMode" : "Cash"
}