{
  "invoiceNo" : "000149",
  "date" : "16/04/2022",
  "cname" : "CASH A/C",
  "caddress" : null,
  "cgstno" : null,
  "items" : [ {
    "serialNo" : "1",
    "pname" : "SIGNAL RED Weather Coat Smooth",
    "hsn" : "320910",
    "pack" : "1.0 LTR",
    "nop" : 1,
    "qty" : 1.0,
    "rate" : 292.37,
    "taxRt" : 18.0,
    "cgst" : 26.31,
    "sgst" : 26.31,
    "total" : 344.0,
    "valBefTax" : 292.37
  }, {
    "serialNo" : "2",
    "pname" : "P0 ANTI DUST C B Xp Wcoat Anti Du",
    "hsn" : "320910",
    "pack" : "1.0 LTR",
    "nop" : 1,
    "qty" : 1.0,
    "rate" : 332.2,
    "taxRt" : 18.0,
    "cgst" : 29.9,
    "sgst" : 29.9,
    "total" : 392.0,
    "valBefTax" : 332.2
  } ],
  "totalCgst" : 56.21,
  "totalSgst" : 56.21,
  "total" : 736.0,
  "totalvbt" : 624.57,
  "totalNop" : 2.0,
  "totqty" : 2.0,
  "paymentMode" : "Cash",
  "phone" : null
}