{
  "invoiceNo" : "000143",
  "date" : "15/04/2022",
  "cname" : "KALIM ENTERPRISE",
  "caddress" : "VIL&PO GHUNI KOL 157",
  "cgstno" : null,
  "items" : [ {
    "serialNo" : "1",
    "pname" : "HAPPY WALL PUTTY Putty",
    "hsn" : "321410",
    "pack" : "10.0 KG",
    "nop" : 1,
    "qty" : 10.0,
    "rate" : 572.03,
    "taxRt" : 18.0,
    "cgst" : 51.48,
    "sgst" : 51.48,
    "total" : 674.0,
    "valBefTax" : 572.03
  } ],
  "totalCgst" : 51.48,
  "totalSgst" : 51.48,
  "total" : 674.0,
  "totalvbt" : 572.03,
  "totalNop" : 1.0,
  "totqty" : 10.0,
  "paymentMode" : "Credit"
}