{
  "invoiceNo" : "000260",
  "date" : "23/04/2022",
  "cname" : "CASH A/C",
  "caddress" : null,
  "cgstno" : null,
  "items" : [ {
    "serialNo" : "1",
    "pname" : "N2 SLK C B Silk Luxury Emul",
    "hsn" : "320910",
    "pack" : "0.9 LT",
    "nop" : 1,
    "qty" : 0.9,
    "rate" : 518.64,
    "taxRt" : 18.0,
    "cgst" : 46.68,
    "sgst" : 46.68,
    "total" : 612.0,
    "valBefTax" : 518.64
  }, {
    "serialNo" : "2",
    "pname" : "GOLD MTLK illusion Designer Fi",
    "hsn" : "320910",
    "pack" : "0.2 LT",
    "nop" : 4,
    "qty" : 0.8,
    "rate" : 158.9,
    "taxRt" : 18.0,
    "cgst" : 57.2,
    "sgst" : 57.2,
    "total" : 749.0,
    "valBefTax" : 635.6
  }, {
    "serialNo" : "3",
    "pname" : "SILVER MTLK illusion Designer Fi",
    "hsn" : "320910",
    "pack" : "0.2 LT",
    "nop" : 2,
    "qty" : 0.4,
    "rate" : 156.78,
    "taxRt" : 18.0,
    "cgst" : 28.22,
    "sgst" : 28.22,
    "total" : 370.0,
    "valBefTax" : 313.56
  }, {
    "serialNo" : "4",
    "pname" : "N2 SLK C B Silk Luxury Emul",
    "hsn" : "320910",
    "pack" : "0.9 LT",
    "nop" : 1,
    "qty" : 0.9,
    "rate" : 562.71,
    "taxRt" : 18.0,
    "cgst" : 50.64,
    "sgst" : 50.64,
    "total" : 663.0,
    "valBefTax" : 562.71
  }, {
    "serialNo" : "5",
    "pname" : "W1 EC C B Easy Clean Luxur",
    "hsn" : "320910",
    "pack" : "0.9 LT",
    "nop" : 2,
    "qty" : 1.8,
    "rate" : 386.44,
    "taxRt" : 18.0,
    "cgst" : 69.56,
    "sgst" : 69.56,
    "total" : 911.0,
    "valBefTax" : 772.88
  }, {
    "serialNo" : "6",
    "pname" : "WHT ACRYLIC DISTEMPE Duwel Acrylic Distem",
    "hsn" : "32099090",
    "pack" : "20.0 KG",
    "nop" : 1,
    "qty" : 20.0,
    "rate" : 974.57,
    "taxRt" : 18.0,
    "cgst" : 87.71,
    "sgst" : 87.71,
    "total" : 1149.0,
    "valBefTax" : 974.57
  }, {
    "serialNo" : "7",
    "pname" : "BR GREEN Unitint",
    "hsn" : "321390",
    "pack" : "0.1 LTR",
    "nop" : 1,
    "qty" : 0.1,
    "rate" : 59.32,
    "taxRt" : 18.0,
    "cgst" : 5.34,
    "sgst" : 5.34,
    "total" : 70.0,
    "valBefTax" : 59.32
  }, {
    "serialNo" : "8",
    "pname" : "Y OXIDE Unitint",
    "hsn" : "32139000",
    "pack" : "0.1 LTR",
    "nop" : 1,
    "qty" : 0.1,
    "rate" : 76.27,
    "taxRt" : 18.0,
    "cgst" : 6.86,
    "sgst" : 6.86,
    "total" : 89.0,
    "valBefTax" : 76.27
  }, {
    "serialNo" : "9",
    "pname" : "W2 PU Base Pu Enamel",
    "hsn" : "320890",
    "pack" : "0.45 LTR",
    "nop" : 1,
    "qty" : 0.45,
    "rate" : 144.07,
    "taxRt" : 18.0,
    "cgst" : 12.97,
    "sgst" : 12.97,
    "total" : 170.0,
    "valBefTax" : 144.07
  }, {
    "serialNo" : "10",
    "pname" : "TRUCK BROWN Luxol High Gloss Ena",
    "hsn" : "320890",
    "pack" : "0.5 LT",
    "nop" : 1,
    "qty" : 0.5,
    "rate" : 118.64,
    "taxRt" : 18.0,
    "cgst" : 10.68,
    "sgst" : 10.68,
    "total" : 140.0,
    "valBefTax" : 118.64
  }, {
    "serialNo" : "11",
    "pname" : "BP WHT PRIMER WT Interior Wall Primer",
    "hsn" : "320910",
    "pack" : "10.0 LTR",
    "nop" : 1,
    "qty" : 10.0,
    "rate" : 974.57,
    "taxRt" : 18.0,
    "cgst" : 87.71,
    "sgst" : 87.71,
    "total" : 1149.0,
    "valBefTax" : 974.57
  }, {
    "serialNo" : "12",
    "pname" : "P0 BISON C B Bison Emulsion",
    "hsn" : "320910",
    "pack" : "4.0 LT",
    "nop" : 1,
    "qty" : 4.0,
    "rate" : 572.03,
    "taxRt" : 18.0,
    "cgst" : 51.48,
    "sgst" : 51.48,
    "total" : 674.0,
    "valBefTax" : 572.03
  }, {
    "serialNo" : "13",
    "pname" : "1\" MASKING TAPE BERG Painting Tools Rolle",
    "hsn" : "391910",
    "pack" : "1.0 LTR",
    "nop" : 1,
    "qty" : 1.0,
    "rate" : 25.42,
    "taxRt" : 18.0,
    "cgst" : 2.29,
    "sgst" : 2.29,
    "total" : 30.0,
    "valBefTax" : 25.42
  }, {
    "serialNo" : "14",
    "pname" : "92 SUPER CLEAN Super Clean",
    "hsn" : "32091010",
    "pack" : "1.0 LTR",
    "nop" : 1,
    "qty" : 1.0,
    "rate" : 313.56,
    "taxRt" : 18.0,
    "cgst" : 28.22,
    "sgst" : 28.22,
    "total" : 370.0,
    "valBefTax" : 313.56
  }, {
    "serialNo" : "15",
    "pname" : "94 SUPER CLEAN Super Clean",
    "hsn" : "32091010",
    "pack" : "1.0 LTR",
    "nop" : 1,
    "qty" : 1.0,
    "rate" : 369.49,
    "taxRt" : 18.0,
    "cgst" : 33.25,
    "sgst" : 33.25,
    "total" : 435.0,
    "valBefTax" : 369.49
  } ],
  "totalCgst" : 578.81,
  "totalSgst" : 578.81,
  "total" : 7581.0,
  "totalvbt" : 6431.33,
  "totalNop" : 20.0,
  "totqty" : 42.95,
  "paymentMode" : "Cash"
}