{
  "invoiceNo" : "000276",
  "date" : "24/04/2022",
  "cname" : "KALIM ENTERPRISE",
  "caddress" : "VIL&PO GHUNI KOL 157",
  "cgstno" : null,
  "items" : [ {
    "serialNo" : "1",
    "pname" : "RED GLMR C B Xp Silk Glamour",
    "hsn" : "320910",
    "pack" : "0.9 LTR",
    "nop" : 1,
    "qty" : 0.9,
    "rate" : 524.57,
    "taxRt" : 18.0,
    "cgst" : 47.21,
    "sgst" : 47.21,
    "total" : 618.0,
    "valBefTax" : 524.57
  } ],
  "totalCgst" : 47.21,
  "totalSgst" : 47.21,
  "total" : 618.0,
  "totalvbt" : 524.57,
  "totalNop" : 1.0,
  "totqty" : 0.9,
  "paymentMode" : "Credit",
  "phone" : null
}