{
  "invoiceNo" : "000201",
  "date" : "19/04/2022",
  "cname" : "KALIM ENTERPRISE",
  "caddress" : "VIL&PO GHUNI KOL 157",
  "cgstno" : null,
  "items" : [ {
    "serialNo" : "1",
    "pname" : "4\" SMART Brushes",
    "hsn" : "96034010",
    "pack" : "1.0 PCS",
    "nop" : 1,
    "qty" : 1.0,
    "rate" : 296.61,
    "taxRt" : 18.0,
    "cgst" : 26.69,
    "sgst" : 26.69,
    "total" : 349.0,
    "valBefTax" : 296.61
  }, {
    "serialNo" : "2",
    "pname" : "W1 GLMR C B Xp Silk Glamour",
    "hsn" : "320910",
    "pack" : "3.6 LTR",
    "nop" : 1,
    "qty" : 3.6,
    "rate" : 2025.4,
    "taxRt" : 18.0,
    "cgst" : 182.29,
    "sgst" : 182.29,
    "total" : 2389.0,
    "valBefTax" : 2025.4
  }, {
    "serialNo" : "3",
    "pname" : "RED GLMR C B Xp Silk Glamour",
    "hsn" : "320910",
    "pack" : "0.9 LTR",
    "nop" : 1,
    "qty" : 0.9,
    "rate" : 557.62,
    "taxRt" : 18.0,
    "cgst" : 50.19,
    "sgst" : 50.19,
    "total" : 658.0,
    "valBefTax" : 557.62
  }, {
    "serialNo" : "4",
    "pname" : "BLACK Luxol Pu Enamel",
    "hsn" : "320890",
    "pack" : "1.0 LTR",
    "nop" : 2,
    "qty" : 2.0,
    "rate" : 233.05,
    "taxRt" : 18.0,
    "cgst" : 41.94,
    "sgst" : 41.94,
    "total" : 550.0,
    "valBefTax" : 466.1
  }, {
    "serialNo" : "5",
    "pname" : "LEAF BROWN Luxol High Gloss Ena",
    "hsn" : "320890",
    "pack" : "1.0 LT",
    "nop" : 2,
    "qty" : 2.0,
    "rate" : 220.34,
    "taxRt" : 18.0,
    "cgst" : 39.66,
    "sgst" : 39.66,
    "total" : 519.0,
    "valBefTax" : 440.68
  } ],
  "totalCgst" : 340.77,
  "totalSgst" : 340.77,
  "total" : 4465.0,
  "totalvbt" : 3786.41,
  "totalNop" : 7.0,
  "totqty" : 9.5,
  "paymentMode" : "Credit",
  "phone" : null
}