{
  "invoiceNo" : "000246",
  "date" : "22/04/2022",
  "cname" : "CASH A/C",
  "caddress" : null,
  "cgstno" : null,
  "items" : [ {
    "serialNo" : "1",
    "pname" : "BIRLA WALL CARE PUTT Wallcare Putty Fine",
    "hsn" : "32141000",
    "pack" : "40.0 KGS",
    "nop" : 1,
    "qty" : 40.0,
    "rate" : 635.59,
    "taxRt" : 18.0,
    "cgst" : 57.2,
    "sgst" : 57.2,
    "total" : 749.0,
    "valBefTax" : 635.59
  }, {
    "serialNo" : "2",
    "pname" : "BLK Tinters",
    "hsn" : "32130000",
    "pack" : "1.0 LTR",
    "nop" : 1,
    "qty" : 1.0,
    "rate" : 0.85,
    "taxRt" : 18.0,
    "cgst" : 0.08,
    "sgst" : 0.08,
    "total" : 1.0,
    "valBefTax" : 0.85
  } ],
  "totalCgst" : 57.28,
  "totalSgst" : 57.28,
  "total" : 750.0,
  "totalvbt" : 636.44,
  "totalNop" : 2.0,
  "totqty" : 41.0,
  "paymentMode" : "Cash"
}