{
  "invoiceNo" : "000285",
  "date" : "25/04/2022",
  "cname" : "SRIKANTA BRAMHA",
  "caddress" : "JAGATPUR",
  "cgstno" : null,
  "items" : [ {
    "serialNo" : "1",
    "pname" : "PASTE WALL PUTTY DUW Putty & Others",
    "hsn" : "32091010",
    "pack" : "1.0 KGS",
    "nop" : 1,
    "qty" : 1.0,
    "rate" : 67.8,
    "taxRt" : 18.0,
    "cgst" : 6.1,
    "sgst" : 6.1,
    "total" : 80.0,
    "valBefTax" : 67.8
  } ],
  "totalCgst" : 6.1,
  "totalSgst" : 6.1,
  "total" : 80.0,
  "totalvbt" : 67.8,
  "totalNop" : 1.0,
  "totqty" : 1.0,
  "paymentMode" : "Cash"
}