{
  "invoiceNo" : "000247",
  "date" : "22/04/2022",
  "cname" : "CASH A/C",
  "caddress" : null,
  "cgstno" : null,
  "items" : [ {
    "serialNo" : "1",
    "pname" : "SEAL O PRIME Xp Hs Seal O Prime",
    "hsn" : "320910",
    "pack" : "20.0 LT",
    "nop" : 1,
    "qty" : 20.0,
    "rate" : 2966.1,
    "taxRt" : 18.0,
    "cgst" : 266.95,
    "sgst" : 266.95,
    "total" : 3499.0,
    "valBefTax" : 2966.1
  }, {
    "serialNo" : "2",
    "pname" : "P0 RTC C B Rangoli Total Ca",
    "hsn" : "320910",
    "pack" : "4.0 LT",
    "nop" : 1,
    "qty" : 4.0,
    "rate" : 1127.1,
    "taxRt" : 18.0,
    "cgst" : 101.44,
    "sgst" : 101.44,
    "total" : 1329.0,
    "valBefTax" : 1127.1
  }, {
    "serialNo" : "3",
    "pname" : "PASTE WALL PUTTY DUW Putty & Others",
    "hsn" : "32141000",
    "pack" : "5.0 KGS",
    "nop" : 1,
    "qty" : 5.0,
    "rate" : 296.61,
    "taxRt" : 18.0,
    "cgst" : 26.69,
    "sgst" : 26.69,
    "total" : 349.0,
    "valBefTax" : 296.61
  }, {
    "serialNo" : "4",
    "pname" : "1\" MASKING TAPE BERG Painting Tools Rolle",
    "hsn" : "391910",
    "pack" : "1.0 LTR",
    "nop" : 6,
    "qty" : 6.0,
    "rate" : 25.42,
    "taxRt" : 18.0,
    "cgst" : 13.74,
    "sgst" : 13.74,
    "total" : 180.0,
    "valBefTax" : 152.52
  } ],
  "totalCgst" : 408.82,
  "totalSgst" : 408.82,
  "total" : 5357.0,
  "totalvbt" : 4542.33,
  "totalNop" : 9.0,
  "totqty" : 35.0,
  "paymentMode" : "Cash"
}