{
  "invoiceNo" : "000298",
  "date" : "26/04/2022",
  "cname" : "NITYANANDA GHOSH 9830318633",
  "caddress" : "GF 8/2 RABINDRA PALLY ZARDA BAGAN KOL 59",
  "cgstno" : null,
  "items" : [ {
    "serialNo" : "1",
    "pname" : "SMOKE GREY LHG Luxol High Gloss Ena",
    "hsn" : "320890",
    "pack" : "4.0 LT",
    "nop" : 1,
    "qty" : 4.0,
    "rate" : 855.92,
    "taxRt" : 18.0,
    "cgst" : 77.03,
    "sgst" : 77.03,
    "total" : 1009.0,
    "valBefTax" : 855.92
  } ],
  "totalCgst" : 77.03,
  "totalSgst" : 77.03,
  "total" : 1009.0,
  "totalvbt" : 855.92,
  "totalNop" : 1.0,
  "totqty" : 4.0,
  "paymentMode" : "Cash"
}