{
  "invoiceNo" : "000256",
  "date" : "22/04/2022",
  "cname" : "CASH A/C",
  "caddress" : null,
  "cgstno" : null,
  "items" : [ {
    "serialNo" : "1",
    "pname" : "80 NO Wet & Dry Sandpaper",
    "hsn" : "68051010",
    "pack" : "1.0 PCS",
    "nop" : 12,
    "qty" : 12.0,
    "rate" : 14.12,
    "taxRt" : 18.0,
    "cgst" : 15.24,
    "sgst" : 15.24,
    "total" : 199.0,
    "valBefTax" : 169.44
  }, {
    "serialNo" : "2",
    "pname" : "6\" SLEEVE Roller",
    "hsn" : "960310",
    "pack" : "1.0 LTR",
    "nop" : 2,
    "qty" : 2.0,
    "rate" : 42.37,
    "taxRt" : 18.0,
    "cgst" : 7.62,
    "sgst" : 7.62,
    "total" : 100.0,
    "valBefTax" : 84.74
  }, {
    "serialNo" : "3",
    "pname" : "F GREEN Unitint",
    "hsn" : "321390",
    "pack" : "0.05 LTR",
    "nop" : 1,
    "qty" : 0.05,
    "rate" : 32.2,
    "taxRt" : 18.0,
    "cgst" : 2.9,
    "sgst" : 2.9,
    "total" : 38.0,
    "valBefTax" : 32.2
  }, {
    "serialNo" : "4",
    "pname" : "PALE CREAM Luxol High Gloss Ena",
    "hsn" : "320890",
    "pack" : "1.0 LT",
    "nop" : 2,
    "qty" : 2.0,
    "rate" : 250.0,
    "taxRt" : 18.0,
    "cgst" : 45.0,
    "sgst" : 45.0,
    "total" : 590.0,
    "valBefTax" : 500.0
  }, {
    "serialNo" : "5",
    "pname" : "LIME FROST Luxol High Gloss Ena",
    "hsn" : "320890",
    "pack" : "1.0 LT",
    "nop" : 1,
    "qty" : 1.0,
    "rate" : 250.0,
    "taxRt" : 18.0,
    "cgst" : 22.5,
    "sgst" : 22.5,
    "total" : 295.0,
    "valBefTax" : 250.0
  }, {
    "serialNo" : "6",
    "pname" : "100 NO 4 Handy Sheet",
    "hsn" : "68051010",
    "pack" : "1.0 PCS",
    "nop" : 1,
    "qty" : 1.0,
    "rate" : 8.47,
    "taxRt" : 18.0,
    "cgst" : 0.76,
    "sgst" : 0.76,
    "total" : 9.0,
    "valBefTax" : 8.47
  }, {
    "serialNo" : "7",
    "pname" : "WHITE GLOSS Spray Paint",
    "hsn" : "32089090",
    "pack" : "0.4 LTR",
    "nop" : 1,
    "qty" : 0.4,
    "rate" : 161.02,
    "taxRt" : 18.0,
    "cgst" : 14.49,
    "sgst" : 14.49,
    "total" : 190.0,
    "valBefTax" : 161.02
  } ],
  "totalCgst" : 108.51,
  "totalSgst" : 108.51,
  "total" : 1421.0,
  "totalvbt" : 1205.87,
  "totalNop" : 20.0,
  "totqty" : 18.45,
  "paymentMode" : "Cash",
  "phone" : null
}