{
  "invoiceNo" : "000251",
  "date" : "22/04/2022",
  "cname" : "KALIM ENTERPRISE",
  "caddress" : "VIL&PO GHUNI KOL 157",
  "cgstno" : null,
  "items" : [ {
    "serialNo" : "1",
    "pname" : "YLW WCS C B Weathercoat Smoo",
    "hsn" : "320910",
    "pack" : "0.9 LTR",
    "nop" : 3,
    "qty" : 2.7,
    "rate" : 360.17,
    "taxRt" : 18.0,
    "cgst" : 97.23,
    "sgst" : 97.23,
    "total" : 1274.0,
    "valBefTax" : 1080.51
  }, {
    "serialNo" : "2",
    "pname" : "N2 GLMR C B Xp Silk Glamour",
    "hsn" : "320910",
    "pack" : "0.9 LT",
    "nop" : 1,
    "qty" : 0.9,
    "rate" : 559.32,
    "taxRt" : 18.0,
    "cgst" : 50.34,
    "sgst" : 50.34,
    "total" : 660.0,
    "valBefTax" : 559.32
  }, {
    "serialNo" : "3",
    "pname" : "YLW GLMR C B Xp Silk Glamour",
    "hsn" : "320910",
    "pack" : "0.9 LT",
    "nop" : 1,
    "qty" : 0.9,
    "rate" : 580.5,
    "taxRt" : 18.0,
    "cgst" : 52.25,
    "sgst" : 52.25,
    "total" : 685.0,
    "valBefTax" : 580.5
  } ],
  "totalCgst" : 199.82,
  "totalSgst" : 199.82,
  "total" : 2619.0,
  "totalvbt" : 2220.33,
  "totalNop" : 5.0,
  "totqty" : 4.5,
  "paymentMode" : "Credit"
}