{
  "invoiceNo" : "000283",
  "date" : "25/04/2022",
  "cname" : "CASH A/C",
  "caddress" : null,
  "cgstno" : null,
  "items" : [ {
    "serialNo" : "1",
    "pname" : "P0 PU ENAMEL Base Pu Enamel",
    "hsn" : "320890",
    "pack" : "0.985 LTR",
    "nop" : 1,
    "qty" : 0.985,
    "rate" : 262.71,
    "taxRt" : 18.0,
    "cgst" : 23.64,
    "sgst" : 23.64,
    "total" : 309.0,
    "valBefTax" : 262.71
  }, {
    "serialNo" : "2",
    "pname" : "P0 EC C B Easy Clean Luxur",
    "hsn" : "320910",
    "pack" : "4.0 LT",
    "nop" : 2,
    "qty" : 8.0,
    "rate" : 1432.2,
    "taxRt" : 18.0,
    "cgst" : 257.8,
    "sgst" : 257.8,
    "total" : 3379.0,
    "valBefTax" : 2864.4
  }, {
    "serialNo" : "3",
    "pname" : "LB MAGENTA Luxol High Gloss Ena",
    "hsn" : "320890",
    "pack" : "0.5 LTR",
    "nop" : 1,
    "qty" : 0.5,
    "rate" : 135.59,
    "taxRt" : 18.0,
    "cgst" : 12.2,
    "sgst" : 12.2,
    "total" : 159.0,
    "valBefTax" : 135.59
  }, {
    "serialNo" : "4",
    "pname" : "WCOAT EXT PRIMER Exterior Wall Primer",
    "hsn" : "320910",
    "pack" : "10.0 LT",
    "nop" : 1,
    "qty" : 10.0,
    "rate" : 1254.2,
    "taxRt" : 18.0,
    "cgst" : 112.88,
    "sgst" : 112.88,
    "total" : 1479.0,
    "valBefTax" : 1254.2
  }, {
    "serialNo" : "5",
    "pname" : "F Y GREEN Unitint",
    "hsn" : "32139000",
    "pack" : "0.05 LTR",
    "nop" : 1,
    "qty" : 0.05,
    "rate" : 32.2,
    "taxRt" : 18.0,
    "cgst" : 2.9,
    "sgst" : 2.9,
    "total" : 38.0,
    "valBefTax" : 32.2
  }, {
    "serialNo" : "6",
    "pname" : "100 Mk Eco Wet Paper",
    "hsn" : "68052090",
    "pack" : "1.0 PCS",
    "nop" : 1,
    "qty" : 1.0,
    "rate" : 14.41,
    "taxRt" : 18.0,
    "cgst" : 1.3,
    "sgst" : 1.3,
    "total" : 17.0,
    "valBefTax" : 14.41
  }, {
    "serialNo" : "7",
    "pname" : "PARROT WOOD PRIMER Wood  Primer Solvent",
    "hsn" : "320890",
    "pack" : "4.0 LT",
    "nop" : 1,
    "qty" : 4.0,
    "rate" : 703.38,
    "taxRt" : 18.0,
    "cgst" : 63.3,
    "sgst" : 63.3,
    "total" : 829.0,
    "valBefTax" : 703.38
  }, {
    "serialNo" : "8",
    "pname" : "2\" ARJUN Brushes",
    "hsn" : "96034010",
    "pack" : "1.0 PCS",
    "nop" : 2,
    "qty" : 2.0,
    "rate" : 42.37,
    "taxRt" : 18.0,
    "cgst" : 7.62,
    "sgst" : 7.62,
    "total" : 100.0,
    "valBefTax" : 84.74
  }, {
    "serialNo" : "9",
    "pname" : "100 SAND IT ALL Handy Sheet",
    "hsn" : "68051010",
    "pack" : "1.0 PCS",
    "nop" : 2,
    "qty" : 2.0,
    "rate" : 8.47,
    "taxRt" : 18.0,
    "cgst" : 1.52,
    "sgst" : 1.52,
    "total" : 20.0,
    "valBefTax" : 16.94
  }, {
    "serialNo" : "10",
    "pname" : "W0 BISON C B Bison Super Dist",
    "hsn" : "320910",
    "pack" : "5.0 KG",
    "nop" : 1,
    "qty" : 5.0,
    "rate" : 296.61,
    "taxRt" : 18.0,
    "cgst" : 26.69,
    "sgst" : 26.69,
    "total" : 349.0,
    "valBefTax" : 296.61
  }, {
    "serialNo" : "11",
    "pname" : "LW+ PIDIPROOF Dr Fixit Pidiproof L",
    "hsn" : "38244010",
    "pack" : "5.0 LTR",
    "nop" : 1,
    "qty" : 5.0,
    "rate" : 487.28,
    "taxRt" : 18.0,
    "cgst" : 43.86,
    "sgst" : 43.86,
    "total" : 575.0,
    "valBefTax" : 487.28
  }, {
    "serialNo" : "12",
    "pname" : "BP WHT PRIMER WT Interior Wall Primer",
    "hsn" : "320910",
    "pack" : "20.0 LTR",
    "nop" : 1,
    "qty" : 20.0,
    "rate" : 1864.4,
    "taxRt" : 18.0,
    "cgst" : 167.8,
    "sgst" : 167.8,
    "total" : 2199.0,
    "valBefTax" : 1864.4
  }, {
    "serialNo" : "13",
    "pname" : "F YLW Unitint",
    "hsn" : "32139000",
    "pack" : "0.1 LTR",
    "nop" : 1,
    "qty" : 0.1,
    "rate" : 59.32,
    "taxRt" : 18.0,
    "cgst" : 5.34,
    "sgst" : 5.34,
    "total" : 70.0,
    "valBefTax" : 59.32
  }, {
    "serialNo" : "14",
    "pname" : "FIRE RED Unitint",
    "hsn" : "321390",
    "pack" : "0.1 LTR",
    "nop" : 1,
    "qty" : 0.1,
    "rate" : 59.32,
    "taxRt" : 18.0,
    "cgst" : 5.34,
    "sgst" : 5.34,
    "total" : 70.0,
    "valBefTax" : 59.32
  }, {
    "serialNo" : "15",
    "pname" : "FIRE RED Unitint",
    "hsn" : "32139000",
    "pack" : "0.05 LTR",
    "nop" : 1,
    "qty" : 0.05,
    "rate" : 32.2,
    "taxRt" : 18.0,
    "cgst" : 2.9,
    "sgst" : 2.9,
    "total" : 38.0,
    "valBefTax" : 32.2
  }, {
    "serialNo" : "16",
    "pname" : "R BLUE Robin Blue",
    "hsn" : "32064100",
    "pack" : "0.05 KG",
    "nop" : 1,
    "qty" : 0.05,
    "rate" : 22.03,
    "taxRt" : 18.0,
    "cgst" : 1.98,
    "sgst" : 1.98,
    "total" : 25.0,
    "valBefTax" : 22.03
  } ],
  "totalCgst" : 737.07,
  "totalSgst" : 737.07,
  "total" : 9656.0,
  "totalvbt" : 8189.73,
  "totalNop" : 19.0,
  "totqty" : 58.83,
  "paymentMode" : "Cash",
  "phone" : null
}