{
  "invoiceNo" : "000211",
  "date" : "20/04/2022",
  "cname" : "CASH A/C",
  "caddress" : null,
  "cgstno" : null,
  "items" : [ {
    "serialNo" : "1",
    "pname" : "N2 BISON C B Bison Emulsion",
    "hsn" : "320910",
    "pack" : "0.9 LT",
    "nop" : 2,
    "qty" : 1.8,
    "rate" : 201.69,
    "taxRt" : 18.0,
    "cgst" : 36.3,
    "sgst" : 36.3,
    "total" : 475.0,
    "valBefTax" : 403.38
  }, {
    "serialNo" : "2",
    "pname" : "YLW BISON XP C B Xp Bison Emulsio",
    "hsn" : "320910",
    "pack" : "0.9 LT",
    "nop" : 1,
    "qty" : 0.9,
    "rate" : 230.51,
    "taxRt" : 18.0,
    "cgst" : 20.75,
    "sgst" : 20.75,
    "total" : 272.0,
    "valBefTax" : 230.51
  }, {
    "serialNo" : "3",
    "pname" : "N2 BISON C B Bison Emulsion",
    "hsn" : "320910",
    "pack" : "0.9 LT",
    "nop" : 2,
    "qty" : 1.8,
    "rate" : 227.12,
    "taxRt" : 18.0,
    "cgst" : 40.88,
    "sgst" : 40.88,
    "total" : 535.0,
    "valBefTax" : 454.24
  }, {
    "serialNo" : "4",
    "pname" : "YLW BISON XP C B Xp Bison Emulsio",
    "hsn" : "320910",
    "pack" : "0.9 LT",
    "nop" : 1,
    "qty" : 0.9,
    "rate" : 224.57,
    "taxRt" : 18.0,
    "cgst" : 20.21,
    "sgst" : 20.21,
    "total" : 264.0,
    "valBefTax" : 224.57
  }, {
    "serialNo" : "5",
    "pname" : "W1 BISON C B Bison Emulsion",
    "hsn" : "320910",
    "pack" : "0.9 LT",
    "nop" : 3,
    "qty" : 2.7,
    "rate" : 183.9,
    "taxRt" : 18.0,
    "cgst" : 49.65,
    "sgst" : 49.65,
    "total" : 650.0,
    "valBefTax" : 551.7
  }, {
    "serialNo" : "6",
    "pname" : "W1 BISON C B Bison Emulsion",
    "hsn" : "320910",
    "pack" : "0.9 LT",
    "nop" : 1,
    "qty" : 0.9,
    "rate" : 177.96,
    "taxRt" : 18.0,
    "cgst" : 16.02,
    "sgst" : 16.02,
    "total" : 210.0,
    "valBefTax" : 177.96
  }, {
    "serialNo" : "7",
    "pname" : "PALE CREAM Luxol High Gloss Ena",
    "hsn" : "320890",
    "pack" : "4.0 LT",
    "nop" : 1,
    "qty" : 4.0,
    "rate" : 974.57,
    "taxRt" : 18.0,
    "cgst" : 87.71,
    "sgst" : 87.71,
    "total" : 1149.0,
    "valBefTax" : 974.57
  } ],
  "totalCgst" : 271.52,
  "totalSgst" : 271.52,
  "total" : 3555.0,
  "totalvbt" : 3016.93,
  "totalNop" : 11.0,
  "totqty" : 13.0,
  "paymentMode" : "Cash"
}