{
  "invoiceNo" : "000207",
  "date" : "19/04/2022",
  "cname" : "CASH A/C",
  "caddress" : null,
  "cgstno" : null,
  "items" : [ {
    "serialNo" : "1",
    "pname" : "BLACK GPE Gloss Premium Enamel",
    "hsn" : "32081010",
    "pack" : "1.0 LTR",
    "nop" : 2,
    "qty" : 2.0,
    "rate" : 233.05,
    "taxRt" : 18.0,
    "cgst" : 41.94,
    "sgst" : 41.94,
    "total" : 550.0,
    "valBefTax" : 466.1
  }, {
    "serialNo" : "2",
    "pname" : "90 DSE Gloss Premium  Ename",
    "hsn" : "32081010",
    "pack" : "4.0 LTR",
    "nop" : 1,
    "qty" : 4.0,
    "rate" : 974.57,
    "taxRt" : 18.0,
    "cgst" : 87.71,
    "sgst" : 87.71,
    "total" : 1149.0,
    "valBefTax" : 974.57
  }, {
    "serialNo" : "3",
    "pname" : "GP THINNER Thinners",
    "hsn" : "320810",
    "pack" : "1.0 LTR",
    "nop" : 2,
    "qty" : 2.0,
    "rate" : 97.46,
    "taxRt" : 18.0,
    "cgst" : 17.54,
    "sgst" : 17.54,
    "total" : 229.0,
    "valBefTax" : 194.92
  }, {
    "serialNo" : "4",
    "pname" : "WOODKEEPER 1K PU INT Woodkeeper 1k Pu Sin",
    "hsn" : "320810",
    "pack" : "0.5 LTR",
    "nop" : 1,
    "qty" : 0.5,
    "rate" : 148.3,
    "taxRt" : 18.0,
    "cgst" : 13.35,
    "sgst" : 13.35,
    "total" : 175.0,
    "valBefTax" : 148.3
  }, {
    "serialNo" : "5",
    "pname" : "SALVALINE ALUMINIUM Aliminium Paint",
    "hsn" : "320890",
    "pack" : "0.5 LTR",
    "nop" : 2,
    "qty" : 1.0,
    "rate" : 158.9,
    "taxRt" : 18.0,
    "cgst" : 28.6,
    "sgst" : 28.6,
    "total" : 374.0,
    "valBefTax" : 317.8
  } ],
  "totalCgst" : 189.14,
  "totalSgst" : 189.14,
  "total" : 2477.0,
  "totalvbt" : 2101.69,
  "totalNop" : 8.0,
  "totqty" : 9.5,
  "paymentMode" : "Cash"
}