{
  "invoiceNo" : "000266",
  "date" : "23/04/2022",
  "cname" : "M SABHYASCHI",
  "caddress" : null,
  "cgstno" : null,
  "items" : [ {
    "serialNo" : "1",
    "pname" : "P0 LUX XTRA C B Luxol Xtra Ename",
    "hsn" : "320890",
    "pack" : "0.985 LT",
    "nop" : 2,
    "qty" : 1.97,
    "rate" : 267.79,
    "taxRt" : 18.0,
    "cgst" : 48.2,
    "sgst" : 48.2,
    "total" : 631.0,
    "valBefTax" : 535.58
  }, {
    "serialNo" : "2",
    "pname" : "WHITE Luxol-7-in-1 White",
    "hsn" : "320890",
    "pack" : "1.0 LTR",
    "nop" : 2,
    "qty" : 2.0,
    "rate" : 292.37,
    "taxRt" : 18.0,
    "cgst" : 52.62,
    "sgst" : 52.62,
    "total" : 690.0,
    "valBefTax" : 584.74
  }, {
    "serialNo" : "3",
    "pname" : "GP THINNER Thinners",
    "hsn" : "320810",
    "pack" : "5.0 LTR",
    "nop" : 1,
    "qty" : 5.0,
    "rate" : 487.28,
    "taxRt" : 18.0,
    "cgst" : 43.86,
    "sgst" : 43.86,
    "total" : 575.0,
    "valBefTax" : 487.28
  } ],
  "totalCgst" : 144.68,
  "totalSgst" : 144.68,
  "total" : 1896.0,
  "totalvbt" : 1607.6,
  "totalNop" : 5.0,
  "totqty" : 8.97,
  "paymentMode" : "Credit",
  "phone" : null
}