{
  "invoiceNo" : "000270",
  "date" : "23/04/2022",
  "cname" : "CASH A/C",
  "caddress" : null,
  "cgstno" : null,
  "items" : [ {
    "serialNo" : "1",
    "pname" : "96 VT DG Vt Diamond Glo",
    "hsn" : "32091010",
    "pack" : "1.0 LTR",
    "nop" : 1,
    "qty" : 1.0,
    "rate" : 572.88,
    "taxRt" : 18.0,
    "cgst" : 51.56,
    "sgst" : 51.56,
    "total" : 676.0,
    "valBefTax" : 572.88
  }, {
    "serialNo" : "2",
    "pname" : "BR WHITE VT DG Vt Diamond Glo",
    "hsn" : "32091010",
    "pack" : "1.0 LTR",
    "nop" : 1,
    "qty" : 1.0,
    "rate" : 508.47,
    "taxRt" : 18.0,
    "cgst" : 45.76,
    "sgst" : 45.76,
    "total" : 599.0,
    "valBefTax" : 508.47
  } ],
  "totalCgst" : 97.32,
  "totalSgst" : 97.32,
  "total" : 1275.0,
  "totalvbt" : 1081.35,
  "totalNop" : 2.0,
  "totqty" : 2.0,
  "paymentMode" : "Cash",
  "phone" : null
}