{
  "invoiceNo" : "000295",
  "date" : "26/04/2022",
  "cname" : "SRIKANTA BRAMHA",
  "caddress" : "JAGATPUR",
  "cgstno" : null,
  "items" : [ {
    "serialNo" : "1",
    "pname" : "P0 EC C B Easy Clean Luxur",
    "hsn" : "320910",
    "pack" : "1.0 LT",
    "nop" : 1,
    "qty" : 1.0,
    "rate" : 364.4,
    "taxRt" : 18.0,
    "cgst" : 32.8,
    "sgst" : 32.8,
    "total" : 430.0,
    "valBefTax" : 364.4
  } ],
  "totalCgst" : 32.8,
  "totalSgst" : 32.8,
  "total" : 430.0,
  "totalvbt" : 364.4,
  "totalNop" : 1.0,
  "totqty" : 1.0,
  "paymentMode" : "Cash",
  "phone" : null
}