{
  "invoiceNo" : "000241",
  "date" : "21/04/2022",
  "cname" : "CASH A/C",
  "caddress" : null,
  "cgstno" : null,
  "items" : [ {
    "serialNo" : "1",
    "pname" : "P0 SLK GLOW Silk Glow",
    "hsn" : "320910",
    "pack" : "4.0 LTR",
    "nop" : 6,
    "qty" : 24.0,
    "rate" : 2009.3,
    "taxRt" : 18.0,
    "cgst" : 1085.04,
    "sgst" : 1085.04,
    "total" : 14225.0,
    "valBefTax" : 12055.8
  }, {
    "serialNo" : "2",
    "pname" : "L BRN Base Pu Enamel",
    "hsn" : "320890",
    "pack" : "3.8 LTR",
    "nop" : 2,
    "qty" : 7.6,
    "rate" : 915.25,
    "taxRt" : 18.0,
    "cgst" : 164.74,
    "sgst" : 164.74,
    "total" : 2159.0,
    "valBefTax" : 1830.5
  }, {
    "serialNo" : "3",
    "pname" : "BUTTERFLY AC METAL Metal Primer Solvent",
    "hsn" : "320890",
    "pack" : "4.0 LT",
    "nop" : 1,
    "qty" : 4.0,
    "rate" : 669.49,
    "taxRt" : 18.0,
    "cgst" : 60.25,
    "sgst" : 60.25,
    "total" : 789.0,
    "valBefTax" : 669.49
  } ],
  "totalCgst" : 1310.03,
  "totalSgst" : 1310.03,
  "total" : 17173.0,
  "totalvbt" : 14555.79,
  "totalNop" : 9.0,
  "totqty" : 35.6,
  "paymentMode" : "Cash"
}