{
  "invoiceNo" : "000328",
  "date" : "28/04/2022",
  "cname" : "CASH A/C",
  "caddress" : null,
  "cgstno" : null,
  "items" : [ {
    "serialNo" : "1",
    "pname" : "PIDIFIN 2K Dr Fixit Pidifin",
    "hsn" : "32149090",
    "pack" : "15.0 KGS",
    "nop" : 1,
    "qty" : 15.0,
    "rate" : 1398.3,
    "taxRt" : 18.0,
    "cgst" : 125.85,
    "sgst" : 125.85,
    "total" : 1649.0,
    "valBefTax" : 1398.3
  }, {
    "serialNo" : "2",
    "pname" : "4\" STANDARD BRUSH Brushes",
    "hsn" : "960310",
    "pack" : "1.0 LTR",
    "nop" : 1,
    "qty" : 1.0,
    "rate" : 127.12,
    "taxRt" : 18.0,
    "cgst" : 11.44,
    "sgst" : 11.44,
    "total" : 150.0,
    "valBefTax" : 127.12
  } ],
  "totalCgst" : 137.29,
  "totalSgst" : 137.29,
  "total" : 1799.0,
  "totalvbt" : 1525.42,
  "totalNop" : 2.0,
  "totqty" : 16.0,
  "paymentMode" : "Cash",
  "phone" : null
}