{
  "invoiceNo" : "000354",
  "date" : "30/04/2022",
  "cname" : "M SABHYASCHI",
  "caddress" : null,
  "cgstno" : null,
  "items" : [ {
    "serialNo" : "1",
    "pname" : "BASE COAT Silk B E Base Coat",
    "hsn" : "320910",
    "pack" : "10.0 LTR",
    "nop" : 1,
    "qty" : 10.0,
    "rate" : 1796.6,
    "taxRt" : 18.0,
    "cgst" : 161.69,
    "sgst" : 161.69,
    "total" : 2119.0,
    "valBefTax" : 1796.6
  } ],
  "totalCgst" : 161.69,
  "totalSgst" : 161.69,
  "total" : 2119.0,
  "totalvbt" : 1796.6,
  "totalNop" : 1.0,
  "totqty" : 10.0,
  "paymentMode" : "Credit"
}