{
  "invoiceNo" : "000364",
  "date" : "01/05/2022",
  "cname" : "CASH A/C",
  "caddress" : null,
  "cgstno" : null,
  "items" : [ {
    "serialNo" : "1",
    "pname" : "YLW EC C B Easy Clean Luxur",
    "hsn" : "320910",
    "pack" : "0.9 LT",
    "nop" : 1,
    "qty" : 0.9,
    "rate" : 338.13,
    "taxRt" : 18.0,
    "cgst" : 30.43,
    "sgst" : 30.43,
    "total" : 398.0,
    "valBefTax" : 338.13
  } ],
  "totalCgst" : 30.43,
  "totalSgst" : 30.43,
  "total" : 398.0,
  "totalvbt" : 338.13,
  "totalNop" : 1.0,
  "totqty" : 0.9,
  "paymentMode" : "Cash",
  "phone" : null
}