{
  "invoiceNo" : "000323",
  "date" : "28/04/2022",
  "cname" : "CASH A/C",
  "caddress" : null,
  "cgstno" : null,
  "items" : [ {
    "serialNo" : "1",
    "pname" : "BPCPWT Interior Wall Primer",
    "hsn" : "320910",
    "pack" : "1.0 LT",
    "nop" : 1,
    "qty" : 1.0,
    "rate" : 55.08,
    "taxRt" : 18.0,
    "cgst" : 4.96,
    "sgst" : 4.96,
    "total" : 65.0,
    "valBefTax" : 55.08
  }, {
    "serialNo" : "2",
    "pname" : "W1 BISON C B Bison Emulsion",
    "hsn" : "320910",
    "pack" : "0.9 LT",
    "nop" : 1,
    "qty" : 0.9,
    "rate" : 203.39,
    "taxRt" : 18.0,
    "cgst" : 18.3,
    "sgst" : 18.3,
    "total" : 239.0,
    "valBefTax" : 203.39
  } ],
  "totalCgst" : 23.26,
  "totalSgst" : 23.26,
  "total" : 304.0,
  "totalvbt" : 258.47,
  "totalNop" : 2.0,
  "totqty" : 1.9,
  "paymentMode" : "Cash"
}