{
  "invoiceNo" : "000324",
  "date" : "28/04/2022",
  "cname" : "SRIKANTA BRAMHA",
  "caddress" : "JAGATPUR",
  "cgstno" : null,
  "items" : [ {
    "serialNo" : "1",
    "pname" : "P0 SLK GLOW Silk Glow",
    "hsn" : "320910",
    "pack" : "1.0 LTR",
    "nop" : 3,
    "qty" : 3.0,
    "rate" : 493.22,
    "taxRt" : 18.0,
    "cgst" : 133.17,
    "sgst" : 133.17,
    "total" : 1745.0,
    "valBefTax" : 1479.66
  }, {
    "serialNo" : "2",
    "pname" : "P0 LUX XTRA C B Luxol Xtra Ename",
    "hsn" : "320890",
    "pack" : "0.985 LT",
    "nop" : 2,
    "qty" : 1.97,
    "rate" : 250.0,
    "taxRt" : 18.0,
    "cgst" : 45.0,
    "sgst" : 45.0,
    "total" : 590.0,
    "valBefTax" : 500.0
  } ],
  "totalCgst" : 178.17,
  "totalSgst" : 178.17,
  "total" : 2335.0,
  "totalvbt" : 1979.66,
  "totalNop" : 5.0,
  "totqty" : 4.97,
  "paymentMode" : "Cash"
}