{
  "invoiceNo" : "000348",
  "date" : "30/04/2022",
  "cname" : "CASH A/C",
  "caddress" : null,
  "cgstno" : null,
  "items" : [ {
    "serialNo" : "1",
    "pname" : "N SLK C B Silk Luxury Emul",
    "hsn" : "320910",
    "pack" : "0.9 LTR",
    "nop" : 2,
    "qty" : 1.8,
    "rate" : 495.76,
    "taxRt" : 18.0,
    "cgst" : 89.24,
    "sgst" : 89.24,
    "total" : 1170.0,
    "valBefTax" : 991.52
  } ],
  "totalCgst" : 89.24,
  "totalSgst" : 89.24,
  "total" : 1170.0,
  "totalvbt" : 991.52,
  "totalNop" : 2.0,
  "totqty" : 1.8,
  "paymentMode" : "Cash"
}