{
  "invoiceNo" : "000332",
  "date" : "29/04/2022",
  "cname" : "CASH A/C",
  "caddress" : null,
  "cgstno" : null,
  "items" : [ {
    "serialNo" : "1",
    "pname" : "ARALDITE Araldite",
    "hsn" : "35061000",
    "pack" : "0.18 KGS",
    "nop" : 1,
    "qty" : 0.18,
    "rate" : 326.27,
    "taxRt" : 18.0,
    "cgst" : 29.36,
    "sgst" : 29.36,
    "total" : 384.0,
    "valBefTax" : 326.27
  }, {
    "serialNo" : "2",
    "pname" : "FLEX KWIK Others",
    "hsn" : "350610",
    "pack" : "0.02 KGS",
    "nop" : 1,
    "qty" : 0.02,
    "rate" : 46.61,
    "taxRt" : 18.0,
    "cgst" : 4.19,
    "sgst" : 4.19,
    "total" : 54.0,
    "valBefTax" : 46.61
  } ],
  "totalCgst" : 33.55,
  "totalSgst" : 33.55,
  "total" : 438.0,
  "totalvbt" : 372.88,
  "totalNop" : 2.0,
  "totqty" : 0.2,
  "paymentMode" : "Cash",
  "phone" : null
}