{
  "invoiceNo" : "000372",
  "date" : "03/05/2022",
  "cname" : "M SABHYASCHI",
  "caddress" : null,
  "cgstno" : null,
  "items" : [ {
    "serialNo" : "1",
    "pname" : "BASE COAT Silk B E Base Coat",
    "hsn" : "320910",
    "pack" : "20.0 LTR",
    "nop" : 1,
    "qty" : 20.0,
    "rate" : 3093.2,
    "taxRt" : 18.0,
    "cgst" : 278.39,
    "sgst" : 278.39,
    "total" : 3649.0,
    "valBefTax" : 3093.2
  }, {
    "serialNo" : "2",
    "pname" : "R BLUE Robin Blue",
    "hsn" : "32064100",
    "pack" : "0.05 KG",
    "nop" : 1,
    "qty" : 0.05,
    "rate" : 22.03,
    "taxRt" : 18.0,
    "cgst" : 1.98,
    "sgst" : 1.98,
    "total" : 25.0,
    "valBefTax" : 22.03
  } ],
  "totalCgst" : 280.37,
  "totalSgst" : 280.37,
  "total" : 3674.0,
  "totalvbt" : 3115.23,
  "totalNop" : 2.0,
  "totqty" : 20.05,
  "paymentMode" : "Credit",
  "phone" : null
}