{
  "invoiceNo" : "000349",
  "date" : "30/04/2022",
  "cname" : "CASH A/C",
  "caddress" : null,
  "cgstno" : null,
  "items" : [ {
    "serialNo" : "1",
    "pname" : "ROYAL IVORY Luxol High Gloss Ena",
    "hsn" : "320890",
    "pack" : "1.0 LT",
    "nop" : 1,
    "qty" : 1.0,
    "rate" : 250.0,
    "taxRt" : 18.0,
    "cgst" : 22.5,
    "sgst" : 22.5,
    "total" : 295.0,
    "valBefTax" : 250.0
  }, {
    "serialNo" : "2",
    "pname" : "220 NO Wet & Dry Sandpaper",
    "hsn" : "680510",
    "pack" : "1.0 PCS",
    "nop" : 6,
    "qty" : 6.0,
    "rate" : 13.88,
    "taxRt" : 18.0,
    "cgst" : 7.5,
    "sgst" : 7.5,
    "total" : 98.0,
    "valBefTax" : 83.28
  }, {
    "serialNo" : "3",
    "pname" : "TILE CLEANER Construction Chemica",
    "hsn" : "340220",
    "pack" : "0.5 LT",
    "nop" : 2,
    "qty" : 1.0,
    "rate" : 76.27,
    "taxRt" : 18.0,
    "cgst" : 13.72,
    "sgst" : 13.72,
    "total" : 180.0,
    "valBefTax" : 152.54
  }, {
    "serialNo" : "4",
    "pname" : "N2 EC C B Easy Clean Luxur",
    "hsn" : "320910",
    "pack" : "0.9 LT",
    "nop" : 1,
    "qty" : 0.9,
    "rate" : 415.25,
    "taxRt" : 18.0,
    "cgst" : 37.37,
    "sgst" : 37.37,
    "total" : 489.0,
    "valBefTax" : 415.25
  }, {
    "serialNo" : "5",
    "pname" : "MOTI Ddl",
    "hsn" : "320910",
    "pack" : "1.0 KGS",
    "nop" : 2,
    "qty" : 2.0,
    "rate" : 50.85,
    "taxRt" : 18.0,
    "cgst" : 9.16,
    "sgst" : 9.16,
    "total" : 119.0,
    "valBefTax" : 101.7
  }, {
    "serialNo" : "6",
    "pname" : "YLW BISON DISTEMPER C B Bison Super Dist",
    "hsn" : "320910",
    "pack" : "10.0 KG",
    "nop" : 1,
    "qty" : 10.0,
    "rate" : 580.5,
    "taxRt" : 18.0,
    "cgst" : 52.25,
    "sgst" : 52.25,
    "total" : 685.0,
    "valBefTax" : 580.5
  }, {
    "serialNo" : "7",
    "pname" : "W2 LUX XTRA C B Luxol Xtra Ename",
    "hsn" : "320890",
    "pack" : "0.95 LT",
    "nop" : 2,
    "qty" : 1.9,
    "rate" : 258.47,
    "taxRt" : 18.0,
    "cgst" : 46.52,
    "sgst" : 46.52,
    "total" : 610.0,
    "valBefTax" : 516.94
  }, {
    "serialNo" : "8",
    "pname" : "GULAB Ddl",
    "hsn" : "320910",
    "pack" : "1.0 KGS",
    "nop" : 3,
    "qty" : 3.0,
    "rate" : 46.61,
    "taxRt" : 18.0,
    "cgst" : 12.57,
    "sgst" : 12.57,
    "total" : 164.0,
    "valBefTax" : 139.83
  }, {
    "serialNo" : "9",
    "pname" : "FIRE RED Unitint",
    "hsn" : "32139000",
    "pack" : "0.05 LTR",
    "nop" : 1,
    "qty" : 0.05,
    "rate" : 32.2,
    "taxRt" : 18.0,
    "cgst" : 2.9,
    "sgst" : 2.9,
    "total" : 38.0,
    "valBefTax" : 32.2
  } ],
  "totalCgst" : 204.49,
  "totalSgst" : 204.49,
  "total" : 2678.0,
  "totalvbt" : 2272.24,
  "totalNop" : 19.0,
  "totqty" : 25.85,
  "paymentMode" : "Cash",
  "phone" : null
}