{
  "invoiceNo" : "000312",
  "date" : "27/04/2022",
  "cname" : "MAA CONSTRUCTION",
  "caddress" : "SUKANTA PALLY JYANGRA BAGUIATI",
  "cgstno" : null,
  "items" : [ {
    "serialNo" : "1",
    "pname" : "BISON EXT PUTTY Putty",
    "hsn" : "321410",
    "pack" : "40.0 KG",
    "nop" : 15,
    "qty" : 600.0,
    "rate" : 618.64,
    "taxRt" : 18.0,
    "cgst" : 835.2,
    "sgst" : 835.2,
    "total" : 10949.0,
    "valBefTax" : 9279.6
  } ],
  "totalCgst" : 835.2,
  "totalSgst" : 835.2,
  "total" : 10949.0,
  "totalvbt" : 9279.6,
  "totalNop" : 15.0,
  "totqty" : 600.0,
  "paymentMode" : "Credit"
}