{
  "invoiceNo" : "000345",
  "date" : "29/04/2022",
  "cname" : "CASH A/C",
  "caddress" : null,
  "cgstno" : null,
  "items" : [ {
    "serialNo" : "1",
    "pname" : "MOTI Ddl",
    "hsn" : "320910",
    "pack" : "1.0 KGS",
    "nop" : 3,
    "qty" : 3.0,
    "rate" : 50.85,
    "taxRt" : 18.0,
    "cgst" : 13.74,
    "sgst" : 13.74,
    "total" : 180.0,
    "valBefTax" : 152.55
  } ],
  "totalCgst" : 13.74,
  "totalSgst" : 13.74,
  "total" : 180.0,
  "totalvbt" : 152.55,
  "totalNop" : 3.0,
  "totqty" : 3.0,
  "paymentMode" : "Cash"
}