{
  "invoiceNo" : "000381",
  "date" : "04/05/2022",
  "cname" : "CASH A/C",
  "caddress" : null,
  "cgstno" : null,
  "items" : [ {
    "serialNo" : "1",
    "pname" : "PHIROZA BLUE Luxol Pu Enamel",
    "hsn" : "320890",
    "pack" : "1.0 LTR",
    "nop" : 1,
    "qty" : 1.0,
    "rate" : 37.29,
    "taxRt" : 18.0,
    "cgst" : 3.36,
    "sgst" : 3.36,
    "total" : 44.0,
    "valBefTax" : 37.29
  }, {
    "serialNo" : "2",
    "pname" : "BPCPWT Interior Wall Primer",
    "hsn" : "320910",
    "pack" : "1.0 LT",
    "nop" : 1,
    "qty" : 1.0,
    "rate" : 29.66,
    "taxRt" : 18.0,
    "cgst" : 2.67,
    "sgst" : 2.67,
    "total" : 35.0,
    "valBefTax" : 29.66
  } ],
  "totalCgst" : 6.03,
  "totalSgst" : 6.03,
  "total" : 79.0,
  "totalvbt" : 66.95,
  "totalNop" : 2.0,
  "totqty" : 2.0,
  "paymentMode" : "Cash"
}