{
  "invoiceNo" : "000355",
  "date" : "30/04/2022",
  "cname" : "CASH A/C",
  "caddress" : null,
  "cgstno" : null,
  "items" : [ {
    "serialNo" : "1",
    "pname" : "BROWN TEKB JL422 Spray Paint",
    "hsn" : "32089090",
    "pack" : "1.0 PCS",
    "nop" : 2,
    "qty" : 2.0,
    "rate" : 161.02,
    "taxRt" : 18.0,
    "cgst" : 28.98,
    "sgst" : 28.98,
    "total" : 379.0,
    "valBefTax" : 322.04
  }, {
    "serialNo" : "2",
    "pname" : "BPCPST Wall Primer Solvent",
    "hsn" : "320890",
    "pack" : "4.0 LT",
    "nop" : 1,
    "qty" : 4.0,
    "rate" : 703.38,
    "taxRt" : 18.0,
    "cgst" : 63.3,
    "sgst" : 63.3,
    "total" : 829.0,
    "valBefTax" : 703.38
  }, {
    "serialNo" : "3",
    "pname" : "BLACK Luxol Pu Enamel",
    "hsn" : "320890",
    "pack" : "1.0 LTR",
    "nop" : 1,
    "qty" : 1.0,
    "rate" : 233.05,
    "taxRt" : 18.0,
    "cgst" : 20.97,
    "sgst" : 20.97,
    "total" : 274.0,
    "valBefTax" : 233.05
  }, {
    "serialNo" : "4",
    "pname" : "D BRN Base Pu Enamel",
    "hsn" : "320890",
    "pack" : "0.9 LTR",
    "nop" : 1,
    "qty" : 0.9,
    "rate" : 262.71,
    "taxRt" : 18.0,
    "cgst" : 23.64,
    "sgst" : 23.64,
    "total" : 309.0,
    "valBefTax" : 262.71
  }, {
    "serialNo" : "5",
    "pname" : "P0 BISON XP C B Xp Bison Emulsio",
    "hsn" : "320910",
    "pack" : "10.0 LT",
    "nop" : 1,
    "qty" : 10.0,
    "rate" : 1466.1,
    "taxRt" : 18.0,
    "cgst" : 131.95,
    "sgst" : 131.95,
    "total" : 1729.0,
    "valBefTax" : 1466.1
  }, {
    "serialNo" : "6",
    "pname" : "PALE CREAM Luxol High Gloss Ena",
    "hsn" : "320890",
    "pack" : "0.5 LT",
    "nop" : 1,
    "qty" : 0.5,
    "rate" : 135.59,
    "taxRt" : 18.0,
    "cgst" : 12.2,
    "sgst" : 12.2,
    "total" : 159.0,
    "valBefTax" : 135.59
  } ],
  "totalCgst" : 281.04,
  "totalSgst" : 281.04,
  "total" : 3679.0,
  "totalvbt" : 3122.87,
  "totalNop" : 7.0,
  "totqty" : 18.4,
  "paymentMode" : "Cash"
}