{
  "invoiceNo" : "000325",
  "date" : "28/04/2022",
  "cname" : "CASH A/C",
  "caddress" : null,
  "cgstno" : null,
  "items" : [ {
    "serialNo" : "1",
    "pname" : "MINT GREEN Luxol High Gloss Ena",
    "hsn" : "320890",
    "pack" : "1.0 LTR",
    "nop" : 2,
    "qty" : 2.0,
    "rate" : 241.52,
    "taxRt" : 18.0,
    "cgst" : 43.48,
    "sgst" : 43.48,
    "total" : 569.0,
    "valBefTax" : 483.04
  }, {
    "serialNo" : "2",
    "pname" : "GLDN BROWN Luxol High Gloss Ena",
    "hsn" : "320890",
    "pack" : "1.0 LT",
    "nop" : 2,
    "qty" : 2.0,
    "rate" : 220.34,
    "taxRt" : 18.0,
    "cgst" : 39.66,
    "sgst" : 39.66,
    "total" : 519.0,
    "valBefTax" : 440.68
  }, {
    "serialNo" : "3",
    "pname" : "PALE CREAM Luxol High Gloss Ena",
    "hsn" : "320890",
    "pack" : "1.0 LT",
    "nop" : 2,
    "qty" : 2.0,
    "rate" : 250.0,
    "taxRt" : 18.0,
    "cgst" : 45.0,
    "sgst" : 45.0,
    "total" : 590.0,
    "valBefTax" : 500.0
  }, {
    "serialNo" : "4",
    "pname" : "BLACK LHG Luxol High Gloss Ena",
    "hsn" : "320890",
    "pack" : "1.0 LT",
    "nop" : 1,
    "qty" : 1.0,
    "rate" : 220.34,
    "taxRt" : 18.0,
    "cgst" : 19.83,
    "sgst" : 19.83,
    "total" : 260.0,
    "valBefTax" : 220.34
  }, {
    "serialNo" : "5",
    "pname" : "GP THINNER Thinners",
    "hsn" : "320810",
    "pack" : "1.0 LTR",
    "nop" : 1,
    "qty" : 1.0,
    "rate" : 101.69,
    "taxRt" : 18.0,
    "cgst" : 9.15,
    "sgst" : 9.15,
    "total" : 119.0,
    "valBefTax" : 101.69
  } ],
  "totalCgst" : 157.12,
  "totalSgst" : 157.12,
  "total" : 2057.0,
  "totalvbt" : 1745.75,
  "totalNop" : 8.0,
  "totqty" : 8.0,
  "paymentMode" : "Cash",
  "phone" : null
}