{
  "invoiceNo" : "000358",
  "date" : "30/04/2022",
  "cname" : "CASH A/C",
  "caddress" : null,
  "cgstno" : null,
  "items" : [ {
    "serialNo" : "1",
    "pname" : "HEATEX Fevicol Heatx",
    "hsn" : "35061000",
    "pack" : "0.5 LTR",
    "nop" : 1,
    "qty" : 0.5,
    "rate" : 220.34,
    "taxRt" : 18.0,
    "cgst" : 19.83,
    "sgst" : 19.83,
    "total" : 260.0,
    "valBefTax" : 220.34
  } ],
  "totalCgst" : 19.83,
  "totalSgst" : 19.83,
  "total" : 260.0,
  "totalvbt" : 220.34,
  "totalNop" : 1.0,
  "totqty" : 0.5,
  "paymentMode" : "Cash"
}