{
  "invoiceNo" : "000304",
  "date" : "27/04/2022",
  "cname" : "CASH A/C",
  "caddress" : null,
  "cgstno" : null,
  "items" : [ {
    "serialNo" : "1",
    "pname" : "P0 EC XP FRESH Xp E. Clean Fresh",
    "hsn" : "320910",
    "pack" : "1.0 LTR",
    "nop" : 2,
    "qty" : 2.0,
    "rate" : 518.64,
    "taxRt" : 18.0,
    "cgst" : 93.36,
    "sgst" : 93.36,
    "total" : 1224.0,
    "valBefTax" : 1037.28
  }, {
    "serialNo" : "2",
    "pname" : "PALE CREAM Luxol High Gloss Ena",
    "hsn" : "320890",
    "pack" : "1.0 LT",
    "nop" : 2,
    "qty" : 2.0,
    "rate" : 250.0,
    "taxRt" : 18.0,
    "cgst" : 45.0,
    "sgst" : 45.0,
    "total" : 590.0,
    "valBefTax" : 500.0
  }, {
    "serialNo" : "3",
    "pname" : "BROWN LHG Luxol High Gloss Ena",
    "hsn" : "320890",
    "pack" : "4.0 LT",
    "nop" : 1,
    "qty" : 4.0,
    "rate" : 855.92,
    "taxRt" : 18.0,
    "cgst" : 77.03,
    "sgst" : 77.03,
    "total" : 1009.0,
    "valBefTax" : 855.92
  }, {
    "serialNo" : "4",
    "pname" : "W2 LUX XTRA C B Luxol Xtra Ename",
    "hsn" : "320890",
    "pack" : "0.95 LT",
    "nop" : 4,
    "qty" : 3.8,
    "rate" : 243.64,
    "taxRt" : 18.0,
    "cgst" : 87.72,
    "sgst" : 87.72,
    "total" : 1149.0,
    "valBefTax" : 974.56
  }, {
    "serialNo" : "5",
    "pname" : "P0 PU ENAMEL Base Pu Enamel",
    "hsn" : "320890",
    "pack" : "0.985 LTR",
    "nop" : 2,
    "qty" : 1.97,
    "rate" : 279.66,
    "taxRt" : 18.0,
    "cgst" : 50.34,
    "sgst" : 50.34,
    "total" : 660.0,
    "valBefTax" : 559.32
  } ],
  "totalCgst" : 353.45,
  "totalSgst" : 353.45,
  "total" : 4632.0,
  "totalvbt" : 3927.08,
  "totalNop" : 11.0,
  "totqty" : 13.77,
  "paymentMode" : "Cash"
}