{
  "invoiceNo" : "000319",
  "date" : "28/04/2022",
  "cname" : "NATH DECORATORS & CATERER",
  "caddress" : "JHEEL BAGAN HATIARA",
  "cgstno" : null,
  "items" : [ {
    "serialNo" : "1",
    "pname" : "N2 LONG LIFE Xp Wcoat Long Life",
    "hsn" : "320910",
    "pack" : "0.9 LTR",
    "nop" : 1,
    "qty" : 0.9,
    "rate" : 548.3,
    "taxRt" : 18.0,
    "cgst" : 49.35,
    "sgst" : 49.35,
    "total" : 647.0,
    "valBefTax" : 548.3
  }, {
    "serialNo" : "2",
    "pname" : "N1 LONG LIFE XP Xp Wcoat Long Life",
    "hsn" : "320910",
    "pack" : "0.9 LTR",
    "nop" : 1,
    "qty" : 0.9,
    "rate" : 586.44,
    "taxRt" : 18.0,
    "cgst" : 52.78,
    "sgst" : 52.78,
    "total" : 692.0,
    "valBefTax" : 586.44
  }, {
    "serialNo" : "3",
    "pname" : "P0 EC C B Easy Clean Luxur",
    "hsn" : "320910",
    "pack" : "1.0 LT",
    "nop" : 1,
    "qty" : 1.0,
    "rate" : 364.4,
    "taxRt" : 18.0,
    "cgst" : 32.8,
    "sgst" : 32.8,
    "total" : 430.0,
    "valBefTax" : 364.4
  } ],
  "totalCgst" : 134.93,
  "totalSgst" : 134.93,
  "total" : 1769.0,
  "totalvbt" : 1499.14,
  "totalNop" : 3.0,
  "totqty" : 2.8,
  "paymentMode" : "Credit"
}