{
  "invoiceNo" : "000365",
  "date" : "02/05/2022",
  "cname" : "SRIKANTA BRAMHA",
  "caddress" : "JAGATPUR",
  "cgstno" : null,
  "items" : [ {
    "serialNo" : "1",
    "pname" : "P0 LUX XTRA C B Luxol Xtra Ename",
    "hsn" : "320890",
    "pack" : "0.5 LT",
    "nop" : 2,
    "qty" : 1.0,
    "rate" : 125.0,
    "taxRt" : 18.0,
    "cgst" : 22.5,
    "sgst" : 22.5,
    "total" : 295.0,
    "valBefTax" : 250.0
  } ],
  "totalCgst" : 22.5,
  "totalSgst" : 22.5,
  "total" : 295.0,
  "totalvbt" : 250.0,
  "totalNop" : 2.0,
  "totqty" : 1.0,
  "paymentMode" : "Cash"
}