{
  "invoiceNo" : "000315",
  "date" : "27/04/2022",
  "cname" : "M SABHYASCHI",
  "caddress" : null,
  "cgstno" : null,
  "items" : [ {
    "serialNo" : "1",
    "pname" : "PRO YLW WLL 10 Long Life 10 Profess",
    "hsn" : "320910",
    "pack" : "18.0 LTR",
    "nop" : 1,
    "qty" : 18.0,
    "rate" : 8516.9,
    "taxRt" : 18.0,
    "cgst" : 766.52,
    "sgst" : 766.52,
    "total" : 10049.0,
    "valBefTax" : 8516.9
  } ],
  "totalCgst" : 766.52,
  "totalSgst" : 766.52,
  "total" : 10049.0,
  "totalvbt" : 8516.9,
  "totalNop" : 1.0,
  "totqty" : 18.0,
  "paymentMode" : "Credit"
}