{
  "invoiceNo" : "000333",
  "date" : "29/04/2022",
  "cname" : "CASH A/C",
  "caddress" : null,
  "cgstno" : null,
  "items" : [ {
    "serialNo" : "1",
    "pname" : "P0 EC C B Easy Clean Luxur",
    "hsn" : "320910",
    "pack" : "4.0 LT",
    "nop" : 1,
    "qty" : 4.0,
    "rate" : 1530.5,
    "taxRt" : 18.0,
    "cgst" : 137.74,
    "sgst" : 137.74,
    "total" : 1805.0,
    "valBefTax" : 1530.5
  }, {
    "serialNo" : "2",
    "pname" : "P0 EC C B Easy Clean Luxur",
    "hsn" : "320910",
    "pack" : "1.0 LT",
    "nop" : 2,
    "qty" : 2.0,
    "rate" : 364.4,
    "taxRt" : 18.0,
    "cgst" : 65.6,
    "sgst" : 65.6,
    "total" : 859.0,
    "valBefTax" : 728.8
  }, {
    "serialNo" : "3",
    "pname" : "220 NO Wet & Dry Sandpaper",
    "hsn" : "680510",
    "pack" : "1.0 PCS",
    "nop" : 6,
    "qty" : 6.0,
    "rate" : 13.56,
    "taxRt" : 18.0,
    "cgst" : 7.32,
    "sgst" : 7.32,
    "total" : 96.0,
    "valBefTax" : 81.36
  } ],
  "totalCgst" : 210.66,
  "totalSgst" : 210.66,
  "total" : 2760.0,
  "totalvbt" : 2340.66,
  "totalNop" : 9.0,
  "totqty" : 12.0,
  "paymentMode" : "Cash",
  "phone" : null
}