{
  "invoiceNo" : "000386",
  "date" : "04/05/2022",
  "cname" : "SOHAM COMMERCIAL",
  "caddress" : "7B,KAPALITOLA LANE 2ND FLOOR KOL-12",
  "cgstno" : "19ANMPS2080F1ZP",
  "items" : [ {
    "serialNo" : "1",
    "pname" : "BLACK Luxol-7-in-1 Colours",
    "hsn" : "320890",
    "pack" : "1.0 LTR",
    "nop" : 2,
    "qty" : 2.0,
    "rate" : 283.9,
    "taxRt" : 18.0,
    "cgst" : 51.1,
    "sgst" : 51.1,
    "total" : 669.0,
    "valBefTax" : 567.8
  }, {
    "serialNo" : "2",
    "pname" : "GP THINNER Thinners",
    "hsn" : "320810",
    "pack" : "1.0 LTR",
    "nop" : 1,
    "qty" : 1.0,
    "rate" : 101.69,
    "taxRt" : 18.0,
    "cgst" : 9.15,
    "sgst" : 9.15,
    "total" : 119.0,
    "valBefTax" : 101.69
  } ],
  "totalCgst" : 60.25,
  "totalSgst" : 60.25,
  "total" : 788.0,
  "totalvbt" : 669.49,
  "totalNop" : 3.0,
  "totqty" : 3.0,
  "paymentMode" : "Credit",
  "phone" : null
}