{
  "invoiceNo" : "000494",
  "date" : "13/05/2022",
  "cname" : "HIRALAL DAS (MAMA)",
  "caddress" : null,
  "cgstno" : null,
  "items" : [ {
    "serialNo" : "1",
    "pname" : "BPCPWT Interior Wall Primer",
    "hsn" : "320910",
    "pack" : "4.0 LT",
    "nop" : 1,
    "qty" : 4.0,
    "rate" : 542.37,
    "taxRt" : 18.0,
    "cgst" : 48.81,
    "sgst" : 48.81,
    "total" : 639.0,
    "valBefTax" : 542.37
  } ],
  "totalCgst" : 48.81,
  "totalSgst" : 48.81,
  "total" : 639.0,
  "totalvbt" : 542.37,
  "totalNop" : 1.0,
  "totqty" : 4.0,
  "paymentMode" : "Cash"
}