{
  "invoiceNo" : "000493",
  "date" : "13/05/2022",
  "cname" : "CASH A/C",
  "caddress" : null,
  "cgstno" : null,
  "items" : [ {
    "serialNo" : "1",
    "pname" : "R BLUE Robin Blue",
    "hsn" : "32064100",
    "pack" : "0.2 KG",
    "nop" : 1,
    "qty" : 0.2,
    "rate" : 57.63,
    "taxRt" : 18.0,
    "cgst" : 5.19,
    "sgst" : 5.19,
    "total" : 68.0,
    "valBefTax" : 57.63
  } ],
  "totalCgst" : 5.19,
  "totalSgst" : 5.19,
  "total" : 68.0,
  "totalvbt" : 57.63,
  "totalNop" : 1.0,
  "totqty" : 0.2,
  "paymentMode" : "Cash",
  "phone" : null
}