{
  "invoiceNo" : "000466",
  "date" : "10/05/2022",
  "cname" : "CASH A/C",
  "caddress" : null,
  "cgstno" : null,
  "items" : [ {
    "serialNo" : "1",
    "pname" : "UW EC XP FRESH Xp E. Clean Fresh",
    "hsn" : "320910",
    "pack" : "1.0 LTR",
    "nop" : 1,
    "qty" : 1.0,
    "rate" : 398.3,
    "taxRt" : 18.0,
    "cgst" : 35.85,
    "sgst" : 35.85,
    "total" : 470.0,
    "valBefTax" : 398.3
  }, {
    "serialNo" : "2",
    "pname" : "P0 EC XP FRESH Xp E. Clean Fresh",
    "hsn" : "320910",
    "pack" : "1.0 LTR",
    "nop" : 2,
    "qty" : 2.0,
    "rate" : 398.3,
    "taxRt" : 18.0,
    "cgst" : 71.7,
    "sgst" : 71.7,
    "total" : 939.0,
    "valBefTax" : 796.6
  }, {
    "serialNo" : "3",
    "pname" : "ALKALI BLOC Wb Primers",
    "hsn" : "32091090",
    "pack" : "1.0 LTR",
    "nop" : 2,
    "qty" : 2.0,
    "rate" : 194.91,
    "taxRt" : 18.0,
    "cgst" : 35.08,
    "sgst" : 35.08,
    "total" : 459.0,
    "valBefTax" : 389.82
  }, {
    "serialNo" : "4",
    "pname" : "100 NO Wet & Dry Sandpaper",
    "hsn" : "680510",
    "pack" : "1.0 PCS",
    "nop" : 5,
    "qty" : 5.0,
    "rate" : 14.41,
    "taxRt" : 18.0,
    "cgst" : 6.5,
    "sgst" : 6.5,
    "total" : 84.0,
    "valBefTax" : 72.05
  }, {
    "serialNo" : "5",
    "pname" : "BLACK Luxol Pu Enamel",
    "hsn" : "320890",
    "pack" : "0.5 LTR",
    "nop" : 1,
    "qty" : 0.5,
    "rate" : 127.12,
    "taxRt" : 18.0,
    "cgst" : 11.44,
    "sgst" : 11.44,
    "total" : 150.0,
    "valBefTax" : 127.12
  } ],
  "totalCgst" : 160.57,
  "totalSgst" : 160.57,
  "total" : 2102.0,
  "totalvbt" : 1783.89,
  "totalNop" : 11.0,
  "totqty" : 10.5,
  "paymentMode" : "Cash"
}