{
  "invoiceNo" : "000460",
  "date" : "10/05/2022",
  "cname" : "CASH A/C",
  "caddress" : null,
  "cgstno" : null,
  "items" : [ {
    "serialNo" : "1",
    "pname" : "BLACK GLOSSY Spray Paint",
    "hsn" : "32089090",
    "pack" : "0.4 LTR",
    "nop" : 1,
    "qty" : 0.4,
    "rate" : 161.02,
    "taxRt" : 18.0,
    "cgst" : 14.49,
    "sgst" : 14.49,
    "total" : 190.0,
    "valBefTax" : 161.02
  }, {
    "serialNo" : "2",
    "pname" : "60 NO 4\"X9\" Handy Sheet",
    "hsn" : "68051010",
    "pack" : "1.0 PCS",
    "nop" : 1,
    "qty" : 1.0,
    "rate" : 8.47,
    "taxRt" : 18.0,
    "cgst" : 0.76,
    "sgst" : 0.76,
    "total" : 9.0,
    "valBefTax" : 8.47
  }, {
    "serialNo" : "3",
    "pname" : "4\" WALLMAST Brushes",
    "hsn" : "96034010",
    "pack" : "1.0 PCS",
    "nop" : 1,
    "qty" : 1.0,
    "rate" : 190.68,
    "taxRt" : 18.0,
    "cgst" : 17.16,
    "sgst" : 17.16,
    "total" : 225.0,
    "valBefTax" : 190.68
  }, {
    "serialNo" : "4",
    "pname" : "GLDN BROWN Luxol High Gloss Ena",
    "hsn" : "320890",
    "pack" : "1.0 LT",
    "nop" : 1,
    "qty" : 1.0,
    "rate" : 224.57,
    "taxRt" : 18.0,
    "cgst" : 20.21,
    "sgst" : 20.21,
    "total" : 264.0,
    "valBefTax" : 224.57
  }, {
    "serialNo" : "5",
    "pname" : "PHIROZA BLUE Luxol Pu Enamel",
    "hsn" : "320890",
    "pack" : "1.0 LTR",
    "nop" : 1,
    "qty" : 1.0,
    "rate" : 237.29,
    "taxRt" : 18.0,
    "cgst" : 21.36,
    "sgst" : 21.36,
    "total" : 280.0,
    "valBefTax" : 237.29
  }, {
    "serialNo" : "6",
    "pname" : "WHITE CEMENT White Cement",
    "hsn" : "25232100",
    "pack" : "1.0 KGS",
    "nop" : 1,
    "qty" : 1.0,
    "rate" : 27.34,
    "taxRt" : 28.0,
    "cgst" : 3.83,
    "sgst" : 3.83,
    "total" : 35.0,
    "valBefTax" : 27.34
  }, {
    "serialNo" : "7",
    "pname" : "BISON EXT PUTTY Putty",
    "hsn" : "321410",
    "pack" : "30.0 KG",
    "nop" : 1,
    "qty" : 30.0,
    "rate" : 474.57,
    "taxRt" : 18.0,
    "cgst" : 42.71,
    "sgst" : 42.71,
    "total" : 559.0,
    "valBefTax" : 474.57
  }, {
    "serialNo" : "8",
    "pname" : "YLW LUXOL XTRA C B Luxol Xtra Ename",
    "hsn" : "320890",
    "pack" : "0.95 LTR",
    "nop" : 3,
    "qty" : 2.8499999999999996,
    "rate" : 259.32,
    "taxRt" : 18.0,
    "cgst" : 70.02,
    "sgst" : 70.02,
    "total" : 918.0,
    "valBefTax" : 777.96
  }, {
    "serialNo" : "9",
    "pname" : "YLW BISON DISTEMPER C B Bison Super Dist",
    "hsn" : "320910",
    "pack" : "5.0 KG",
    "nop" : 1,
    "qty" : 5.0,
    "rate" : 305.08,
    "taxRt" : 18.0,
    "cgst" : 27.46,
    "sgst" : 27.46,
    "total" : 360.0,
    "valBefTax" : 305.08
  } ],
  "totalCgst" : 218.0,
  "totalSgst" : 218.0,
  "total" : 2840.0,
  "totalvbt" : 2406.98,
  "totalNop" : 11.0,
  "totqty" : 43.25,
  "paymentMode" : "Cash"
}