{
  "invoiceNo" : "000406",
  "date" : "06/05/2022",
  "cname" : "CASH A/C",
  "caddress" : null,
  "cgstno" : null,
  "items" : [ {
    "serialNo" : "1",
    "pname" : "BASE COAT Silk B E Base Coat",
    "hsn" : "320910",
    "pack" : "1.0 LTR",
    "nop" : 3,
    "qty" : 3.0,
    "rate" : 211.86,
    "taxRt" : 18.0,
    "cgst" : 57.21,
    "sgst" : 57.21,
    "total" : 749.0,
    "valBefTax" : 635.58
  }, {
    "serialNo" : "2",
    "pname" : "180 BLACK LION WPP Water Paper",
    "hsn" : "68052010",
    "pack" : "1.0 PCS",
    "nop" : 4,
    "qty" : 4.0,
    "rate" : 14.41,
    "taxRt" : 18.0,
    "cgst" : 5.2,
    "sgst" : 5.2,
    "total" : 68.0,
    "valBefTax" : 57.64
  }, {
    "serialNo" : "3",
    "pname" : "W1 SLK C B Silk Luxury Emul",
    "hsn" : "320910",
    "pack" : "0.9 LT",
    "nop" : 1,
    "qty" : 0.9,
    "rate" : 498.3,
    "taxRt" : 18.0,
    "cgst" : 44.85,
    "sgst" : 44.85,
    "total" : 588.0,
    "valBefTax" : 498.3
  }, {
    "serialNo" : "4",
    "pname" : "YLW SLK C B Silk Luxury Emul",
    "hsn" : "320910",
    "pack" : "0.9 LT",
    "nop" : 1,
    "qty" : 0.9,
    "rate" : 531.35,
    "taxRt" : 18.0,
    "cgst" : 47.82,
    "sgst" : 47.82,
    "total" : 626.0,
    "valBefTax" : 531.35
  }, {
    "serialNo" : "5",
    "pname" : "YLW SLK C B Silk Luxury Emul",
    "hsn" : "320910",
    "pack" : "0.9 LT",
    "nop" : 1,
    "qty" : 0.9,
    "rate" : 505.93,
    "taxRt" : 18.0,
    "cgst" : 45.53,
    "sgst" : 45.53,
    "total" : 596.0,
    "valBefTax" : 505.93
  }, {
    "serialNo" : "6",
    "pname" : "P0 SLK C B Silk Luxury Emul",
    "hsn" : "320910",
    "pack" : "1.0 LT",
    "nop" : 1,
    "qty" : 1.0,
    "rate" : 504.23,
    "taxRt" : 18.0,
    "cgst" : 45.38,
    "sgst" : 45.38,
    "total" : 594.0,
    "valBefTax" : 504.23
  }, {
    "serialNo" : "7",
    "pname" : "YLW SLK C B Silk Luxury Emul",
    "hsn" : "320910",
    "pack" : "0.9 LT",
    "nop" : 1,
    "qty" : 0.9,
    "rate" : 630.5,
    "taxRt" : 18.0,
    "cgst" : 56.75,
    "sgst" : 56.75,
    "total" : 744.0,
    "valBefTax" : 630.5
  }, {
    "serialNo" : "8",
    "pname" : "P0 SLK C B Silk Luxury Emul",
    "hsn" : "320910",
    "pack" : "1.0 LT",
    "nop" : 1,
    "qty" : 1.0,
    "rate" : 508.47,
    "taxRt" : 18.0,
    "cgst" : 45.76,
    "sgst" : 45.76,
    "total" : 599.0,
    "valBefTax" : 508.47
  }, {
    "serialNo" : "9",
    "pname" : "P0 SLK C B Silk Luxury Emul",
    "hsn" : "320910",
    "pack" : "1.0 LT",
    "nop" : 1,
    "qty" : 1.0,
    "rate" : 527.11,
    "taxRt" : 18.0,
    "cgst" : 47.44,
    "sgst" : 47.44,
    "total" : 621.0,
    "valBefTax" : 527.11
  }, {
    "serialNo" : "10",
    "pname" : "2\" ARJUN Brushes",
    "hsn" : "96034010",
    "pack" : "1.0 PCS",
    "nop" : 1,
    "qty" : 1.0,
    "rate" : 42.37,
    "taxRt" : 18.0,
    "cgst" : 3.81,
    "sgst" : 3.81,
    "total" : 49.0,
    "valBefTax" : 42.37
  }, {
    "serialNo" : "11",
    "pname" : "W1 BISON C B Bison Emulsion",
    "hsn" : "320910",
    "pack" : "0.9 LT",
    "nop" : 1,
    "qty" : 0.9,
    "rate" : 155.93,
    "taxRt" : 18.0,
    "cgst" : 14.03,
    "sgst" : 14.03,
    "total" : 183.0,
    "valBefTax" : 155.93
  }, {
    "serialNo" : "12",
    "pname" : "YLW BISON C B Bison Emulsion",
    "hsn" : "320910",
    "pack" : "0.9 LT",
    "nop" : 1,
    "qty" : 0.9,
    "rate" : 235.59,
    "taxRt" : 18.0,
    "cgst" : 21.2,
    "sgst" : 21.2,
    "total" : 277.0,
    "valBefTax" : 235.59
  }, {
    "serialNo" : "13",
    "pname" : "YLW BISON C B Bison Emulsion",
    "hsn" : "320910",
    "pack" : "0.9 LT",
    "nop" : 1,
    "qty" : 0.9,
    "rate" : 210.17,
    "taxRt" : 18.0,
    "cgst" : 18.92,
    "sgst" : 18.92,
    "total" : 248.0,
    "valBefTax" : 210.17
  }, {
    "serialNo" : "14",
    "pname" : "P0 BISON C B Bison Emulsion",
    "hsn" : "320910",
    "pack" : "1.0 LT",
    "nop" : 1,
    "qty" : 1.0,
    "rate" : 152.54,
    "taxRt" : 18.0,
    "cgst" : 13.73,
    "sgst" : 13.73,
    "total" : 180.0,
    "valBefTax" : 152.54
  }, {
    "serialNo" : "15",
    "pname" : "YLW BISON C B Bison Emulsion",
    "hsn" : "320910",
    "pack" : "0.9 LT",
    "nop" : 1,
    "qty" : 0.9,
    "rate" : 278.81,
    "taxRt" : 18.0,
    "cgst" : 25.09,
    "sgst" : 25.09,
    "total" : 328.0,
    "valBefTax" : 278.81
  }, {
    "serialNo" : "16",
    "pname" : "P0 BISON C B Bison Emulsion",
    "hsn" : "320910",
    "pack" : "1.0 LT",
    "nop" : 1,
    "qty" : 1.0,
    "rate" : 156.78,
    "taxRt" : 18.0,
    "cgst" : 14.11,
    "sgst" : 14.11,
    "total" : 185.0,
    "valBefTax" : 156.78
  }, {
    "serialNo" : "17",
    "pname" : "P0 BISON C B Bison Emulsion",
    "hsn" : "320910",
    "pack" : "1.0 LT",
    "nop" : 1,
    "qty" : 1.0,
    "rate" : 166.95,
    "taxRt" : 18.0,
    "cgst" : 15.03,
    "sgst" : 15.03,
    "total" : 197.0,
    "valBefTax" : 166.95
  } ],
  "totalCgst" : 521.86,
  "totalSgst" : 521.86,
  "total" : 6832.0,
  "totalvbt" : 5798.25,
  "totalNop" : 22.0,
  "totqty" : 21.2,
  "paymentMode" : "Cash",
  "phone" : null
}