{
  "invoiceNo" : "000495",
  "date" : "13/05/2022",
  "cname" : "CASH A/C",
  "caddress" : null,
  "cgstno" : null,
  "items" : [ {
    "serialNo" : "1",
    "pname" : "P0 BISON C B Bison Emulsion",
    "hsn" : "320910",
    "pack" : "1.0 LT",
    "nop" : 2,
    "qty" : 2.0,
    "rate" : 167.8,
    "taxRt" : 18.0,
    "cgst" : 30.2,
    "sgst" : 30.2,
    "total" : 395.0,
    "valBefTax" : 335.6
  } ],
  "totalCgst" : 30.2,
  "totalSgst" : 30.2,
  "total" : 395.0,
  "totalvbt" : 335.6,
  "totalNop" : 2.0,
  "totqty" : 2.0,
  "paymentMode" : "Cash"
}