{
  "invoiceNo" : "000488",
  "date" : "12/05/2022",
  "cname" : "CASH A/C",
  "caddress" : null,
  "cgstno" : null,
  "items" : [ {
    "serialNo" : "1",
    "pname" : "PHIROZA BLUE Luxol Pu Enamel",
    "hsn" : "320890",
    "pack" : "1.0 LTR",
    "nop" : 1,
    "qty" : 1.0,
    "rate" : 220.34,
    "taxRt" : 18.0,
    "cgst" : 19.83,
    "sgst" : 19.83,
    "total" : 260.0,
    "valBefTax" : 220.34
  }, {
    "serialNo" : "2",
    "pname" : "F GREEN Unitint",
    "hsn" : "321390",
    "pack" : "0.05 LTR",
    "nop" : 2,
    "qty" : 0.1,
    "rate" : 29.66,
    "taxRt" : 18.0,
    "cgst" : 5.34,
    "sgst" : 5.34,
    "total" : 70.0,
    "valBefTax" : 59.32
  } ],
  "totalCgst" : 25.17,
  "totalSgst" : 25.17,
  "total" : 330.0,
  "totalvbt" : 279.66,
  "totalNop" : 3.0,
  "totqty" : 1.1,
  "paymentMode" : "Cash",
  "phone" : null
}