{
  "invoiceNo" : "000431",
  "date" : "07/05/2022",
  "cname" : "CASH A/C",
  "caddress" : null,
  "cgstno" : null,
  "items" : [ {
    "serialNo" : "1",
    "pname" : "BPCPWT Interior Wall Primer",
    "hsn" : "320910",
    "pack" : "1.0 LT",
    "nop" : 2,
    "qty" : 2.0,
    "rate" : 82.63,
    "taxRt" : 18.0,
    "cgst" : 14.88,
    "sgst" : 14.88,
    "total" : 194.0,
    "valBefTax" : 165.26
  }, {
    "serialNo" : "2",
    "pname" : "MINT GREEN Luxol High Gloss Ena",
    "hsn" : "320890",
    "pack" : "1.0 LTR",
    "nop" : 1,
    "qty" : 1.0,
    "rate" : 55.08,
    "taxRt" : 18.0,
    "cgst" : 4.96,
    "sgst" : 4.96,
    "total" : 65.0,
    "valBefTax" : 55.08
  } ],
  "totalCgst" : 19.84,
  "totalSgst" : 19.84,
  "total" : 259.0,
  "totalvbt" : 220.34,
  "totalNop" : 3.0,
  "totqty" : 3.0,
  "paymentMode" : "Cash"
}