{
  "invoiceNo" : "000476",
  "date" : "11/05/2022",
  "cname" : "CASH A/C",
  "caddress" : null,
  "cgstno" : null,
  "items" : [ {
    "serialNo" : "1",
    "pname" : "BP WHT PRIMER WT Interior Wall Primer",
    "hsn" : "320910",
    "pack" : "4.0 LTR",
    "nop" : 1,
    "qty" : 4.0,
    "rate" : 423.73,
    "taxRt" : 18.0,
    "cgst" : 38.14,
    "sgst" : 38.14,
    "total" : 500.0,
    "valBefTax" : 423.73
  } ],
  "totalCgst" : 38.14,
  "totalSgst" : 38.14,
  "total" : 500.0,
  "totalvbt" : 423.73,
  "totalNop" : 1.0,
  "totqty" : 4.0,
  "paymentMode" : "Cash"
}