{
  "invoiceNo" : "000430",
  "date" : "07/05/2022",
  "cname" : "CASH A/C",
  "caddress" : null,
  "cgstno" : null,
  "items" : [ {
    "serialNo" : "1",
    "pname" : "GLDN BROWN Luxol High Gloss Ena",
    "hsn" : "320890",
    "pack" : "1.0 LT",
    "nop" : 2,
    "qty" : 2.0,
    "rate" : 189.83,
    "taxRt" : 18.0,
    "cgst" : 34.16,
    "sgst" : 34.16,
    "total" : 448.0,
    "valBefTax" : 379.66
  }, {
    "serialNo" : "2",
    "pname" : "BLACK LHG Luxol High Gloss Ena",
    "hsn" : "320890",
    "pack" : "1.0 LT",
    "nop" : 2,
    "qty" : 2.0,
    "rate" : 189.83,
    "taxRt" : 18.0,
    "cgst" : 34.16,
    "sgst" : 34.16,
    "total" : 448.0,
    "valBefTax" : 379.66
  }, {
    "serialNo" : "3",
    "pname" : "PALE CREAM Luxol High Gloss Ena",
    "hsn" : "320890",
    "pack" : "1.0 LT",
    "nop" : 2,
    "qty" : 2.0,
    "rate" : 215.25,
    "taxRt" : 18.0,
    "cgst" : 38.74,
    "sgst" : 38.74,
    "total" : 508.0,
    "valBefTax" : 430.5
  } ],
  "totalCgst" : 107.06,
  "totalSgst" : 107.06,
  "total" : 1404.0,
  "totalvbt" : 1189.82,
  "totalNop" : 6.0,
  "totqty" : 6.0,
  "paymentMode" : "Cash"
}