{
  "invoiceNo" : "000499",
  "date" : "14/05/2022",
  "cname" : "CASH A/C",
  "caddress" : null,
  "cgstno" : null,
  "items" : [ {
    "serialNo" : "1",
    "pname" : "SURE SEAL Dr.fixit",
    "hsn" : "320910",
    "pack" : "1.0 KGS",
    "nop" : 1,
    "qty" : 1.0,
    "rate" : 254.24,
    "taxRt" : 18.0,
    "cgst" : 22.88,
    "sgst" : 22.88,
    "total" : 300.0,
    "valBefTax" : 254.24
  }, {
    "serialNo" : "2",
    "pname" : "100 NO Wet & Dry Sandpaper",
    "hsn" : "680510",
    "pack" : "1.0 PCS",
    "nop" : 6,
    "qty" : 6.0,
    "rate" : 14.41,
    "taxRt" : 18.0,
    "cgst" : 7.8,
    "sgst" : 7.8,
    "total" : 102.0,
    "valBefTax" : 86.46
  }, {
    "serialNo" : "3",
    "pname" : "80 NO Mk Eco Wet Paper",
    "hsn" : "68052090",
    "pack" : "1.0 PCS",
    "nop" : 6,
    "qty" : 6.0,
    "rate" : 14.41,
    "taxRt" : 18.0,
    "cgst" : 7.8,
    "sgst" : 7.8,
    "total" : 102.0,
    "valBefTax" : 86.46
  }, {
    "serialNo" : "4",
    "pname" : "BIRLA WPP Wall Seal Waterproof",
    "hsn" : "32141000",
    "pack" : "30.0 KGS",
    "nop" : 1,
    "qty" : 30.0,
    "rate" : 974.57,
    "taxRt" : 18.0,
    "cgst" : 87.71,
    "sgst" : 87.71,
    "total" : 1149.0,
    "valBefTax" : 974.57
  } ],
  "totalCgst" : 126.19,
  "totalSgst" : 126.19,
  "total" : 1653.0,
  "totalvbt" : 1401.73,
  "totalNop" : 14.0,
  "totqty" : 43.0,
  "paymentMode" : "Cash"
}