{
  "invoiceNo" : "000484",
  "date" : "12/05/2022",
  "cname" : "M SABHYASCHI",
  "caddress" : null,
  "cgstno" : null,
  "items" : [ {
    "serialNo" : "1",
    "pname" : "N2 SLK GLOW Silk Glow",
    "hsn" : "320910",
    "pack" : "0.9 LTR",
    "nop" : 3,
    "qty" : 2.7,
    "rate" : 602.54,
    "taxRt" : 18.0,
    "cgst" : 162.69,
    "sgst" : 162.69,
    "total" : 2132.0,
    "valBefTax" : 1807.62
  }, {
    "serialNo" : "2",
    "pname" : "P0 SLK GLOW Silk Glow",
    "hsn" : "320910",
    "pack" : "1.0 LTR",
    "nop" : 1,
    "qty" : 1.0,
    "rate" : 492.37,
    "taxRt" : 18.0,
    "cgst" : 44.31,
    "sgst" : 44.31,
    "total" : 580.0,
    "valBefTax" : 492.37
  }, {
    "serialNo" : "3",
    "pname" : "BASE COAT Silk B E Base Coat",
    "hsn" : "320910",
    "pack" : "10.0 LTR",
    "nop" : 1,
    "qty" : 10.0,
    "rate" : 1796.6,
    "taxRt" : 18.0,
    "cgst" : 161.69,
    "sgst" : 161.69,
    "total" : 2119.0,
    "valBefTax" : 1796.6
  } ],
  "totalCgst" : 368.69,
  "totalSgst" : 368.69,
  "total" : 4831.0,
  "totalvbt" : 4096.59,
  "totalNop" : 5.0,
  "totqty" : 13.7,
  "paymentMode" : "Cash"
}