{
  "invoiceNo" : "000407",
  "date" : "06/05/2022",
  "cname" : "KUNDU UDYOG",
  "caddress" : "100/2A, MATHAPUR 3RD LANE NABADWIP NADIA",
  "cgstno" : "19DHXPK6855E1ZJ",
  "items" : [ {
    "serialNo" : "1",
    "pname" : "WATERBLOCK 2K Aqua Tech Waterproof",
    "hsn" : "32091010",
    "pack" : "3.0 KGS",
    "nop" : 1,
    "qty" : 3.0,
    "rate" : 398.3,
    "taxRt" : 18.0,
    "cgst" : 35.85,
    "sgst" : 35.85,
    "total" : 470.0,
    "valBefTax" : 398.3
  } ],
  "totalCgst" : 35.85,
  "totalSgst" : 35.85,
  "total" : 470.0,
  "totalvbt" : 398.3,
  "totalNop" : 1.0,
  "totqty" : 3.0,
  "paymentMode" : "Cash",
  "phone" : null
}