{
  "invoiceNo" : "000525",
  "date" : "16/05/2022",
  "cname" : "M RAJU BISWAS",
  "caddress" : null,
  "cgstno" : null,
  "items" : [ {
    "serialNo" : "1",
    "pname" : "P0 RTC C B Rangoli Total Ca",
    "hsn" : "320910",
    "pack" : "1.0 LT",
    "nop" : 1,
    "qty" : 1.0,
    "rate" : 288.13,
    "taxRt" : 18.0,
    "cgst" : 25.93,
    "sgst" : 25.93,
    "total" : 339.0,
    "valBefTax" : 288.13
  }, {
    "serialNo" : "2",
    "pname" : "P0 RTC C B Rangoli Total Ca",
    "hsn" : "320910",
    "pack" : "1.0 LT",
    "nop" : 2,
    "qty" : 2.0,
    "rate" : 298.3,
    "taxRt" : 18.0,
    "cgst" : 53.7,
    "sgst" : 53.7,
    "total" : 703.0,
    "valBefTax" : 596.6
  } ],
  "totalCgst" : 79.63,
  "totalSgst" : 79.63,
  "total" : 1042.0,
  "totalvbt" : 884.73,
  "totalNop" : 3.0,
  "totqty" : 3.0,
  "paymentMode" : "Credit"
}