{
  "invoiceNo" : "000538",
  "date" : "17/05/2022",
  "cname" : "M SABHYASCHI",
  "caddress" : null,
  "cgstno" : null,
  "items" : [ {
    "serialNo" : "1",
    "pname" : "BIRLA WALL CARE PUTT Wallcare Putty Fine",
    "hsn" : "32141000",
    "pack" : "40.0 KGS",
    "nop" : 5,
    "qty" : 200.0,
    "rate" : 618.64,
    "taxRt" : 18.0,
    "cgst" : 278.4,
    "sgst" : 278.4,
    "total" : 3649.0,
    "valBefTax" : 3093.2
  } ],
  "totalCgst" : 278.4,
  "totalSgst" : 278.4,
  "total" : 3649.0,
  "totalvbt" : 3093.2,
  "totalNop" : 5.0,
  "totqty" : 200.0,
  "paymentMode" : "Credit"
}