{
  "invoiceNo" : "000522",
  "date" : "16/05/2022",
  "cname" : "CASH A/C",
  "caddress" : null,
  "cgstno" : null,
  "items" : [ {
    "serialNo" : "1",
    "pname" : "BUTTERFLY AC METAL Metal Primer Solvent",
    "hsn" : "320890",
    "pack" : "0.5 LT",
    "nop" : 1,
    "qty" : 0.5,
    "rate" : 97.46,
    "taxRt" : 18.0,
    "cgst" : 8.77,
    "sgst" : 8.77,
    "total" : 115.0,
    "valBefTax" : 97.46
  }, {
    "serialNo" : "2",
    "pname" : "BLACK LHG Luxol High Gloss Ena",
    "hsn" : "320890",
    "pack" : "0.5 LT",
    "nop" : 1,
    "qty" : 0.5,
    "rate" : 122.88,
    "taxRt" : 18.0,
    "cgst" : 11.06,
    "sgst" : 11.06,
    "total" : 145.0,
    "valBefTax" : 122.88
  } ],
  "totalCgst" : 19.83,
  "totalSgst" : 19.83,
  "total" : 260.0,
  "totalvbt" : 220.34,
  "totalNop" : 2.0,
  "totqty" : 1.0,
  "paymentMode" : "Cash"
}