{
  "invoiceNo" : "000578",
  "date" : "20/05/2022",
  "cname" : "CASH A/C",
  "caddress" : null,
  "cgstno" : null,
  "items" : [ {
    "serialNo" : "1",
    "pname" : "BISON EXT PUTTY Putty",
    "hsn" : "321410",
    "pack" : "30.0 KG",
    "nop" : 10,
    "qty" : 300.0,
    "rate" : 525.42,
    "taxRt" : 18.0,
    "cgst" : 472.9,
    "sgst" : 472.9,
    "total" : 6199.0,
    "valBefTax" : 5254.2
  } ],
  "totalCgst" : 472.9,
  "totalSgst" : 472.9,
  "total" : 6199.0,
  "totalvbt" : 5254.2,
  "totalNop" : 10.0,
  "totqty" : 300.0,
  "paymentMode" : "Cash"
}