{
  "invoiceNo" : "000528",
  "date" : "16/05/2022",
  "cname" : "CASH A/C",
  "caddress" : null,
  "cgstno" : null,
  "items" : [ {
    "serialNo" : "1",
    "pname" : "SUP LATEX PLUS Construction Chemica",
    "hsn" : "400211",
    "pack" : "5.0 KG",
    "nop" : 1,
    "qty" : 5.0,
    "rate" : 1271.2,
    "taxRt" : 18.0,
    "cgst" : 114.41,
    "sgst" : 114.41,
    "total" : 1500.0,
    "valBefTax" : 1271.2
  } ],
  "totalCgst" : 114.41,
  "totalSgst" : 114.41,
  "total" : 1500.0,
  "totalvbt" : 1271.2,
  "totalNop" : 1.0,
  "totqty" : 5.0,
  "paymentMode" : "Cash"
}