{
  "invoiceNo" : "000574",
  "date" : "20/05/2022",
  "cname" : "HIRALAL DAS (MAMA)",
  "caddress" : null,
  "cgstno" : null,
  "items" : [ {
    "serialNo" : "1",
    "pname" : "YLW LUXOL XTRA C B Luxol Xtra Ename",
    "hsn" : "320890",
    "pack" : "0.95 LTR",
    "nop" : 2,
    "qty" : 1.9,
    "rate" : 275.42,
    "taxRt" : 18.0,
    "cgst" : 49.58,
    "sgst" : 49.58,
    "total" : 650.0,
    "valBefTax" : 550.84
  }, {
    "serialNo" : "2",
    "pname" : "P0 WCS C B Weathercoat Smoo",
    "hsn" : "320910",
    "pack" : "1.0 LTR",
    "nop" : 2,
    "qty" : 2.0,
    "rate" : 296.61,
    "taxRt" : 18.0,
    "cgst" : 53.38,
    "sgst" : 53.38,
    "total" : 700.0,
    "valBefTax" : 593.22
  }, {
    "serialNo" : "3",
    "pname" : "BROWN LHG Luxol High Gloss Ena",
    "hsn" : "320890",
    "pack" : "0.5 LT",
    "nop" : 1,
    "qty" : 0.5,
    "rate" : 127.12,
    "taxRt" : 18.0,
    "cgst" : 11.44,
    "sgst" : 11.44,
    "total" : 150.0,
    "valBefTax" : 127.12
  }, {
    "serialNo" : "4",
    "pname" : "GOLD MTLK illusion Designer Fi",
    "hsn" : "320910",
    "pack" : "0.2 LT",
    "nop" : 2,
    "qty" : 0.4,
    "rate" : 156.78,
    "taxRt" : 18.0,
    "cgst" : 28.22,
    "sgst" : 28.22,
    "total" : 370.0,
    "valBefTax" : 313.56
  } ],
  "totalCgst" : 142.62,
  "totalSgst" : 142.62,
  "total" : 1870.0,
  "totalvbt" : 1584.74,
  "totalNop" : 7.0,
  "totqty" : 4.8,
  "paymentMode" : "Credit",
  "phone" : null
}