{
  "invoiceNo" : "000579",
  "date" : "20/05/2022",
  "cname" : "CASH A/C",
  "caddress" : null,
  "cgstno" : null,
  "items" : [ {
    "serialNo" : "1",
    "pname" : "BROWN Luxol High Gloss Ena",
    "hsn" : "320890",
    "pack" : "0.05 LTR",
    "nop" : 2,
    "qty" : 0.1,
    "rate" : 21.19,
    "taxRt" : 18.0,
    "cgst" : 3.82,
    "sgst" : 3.82,
    "total" : 49.0,
    "valBefTax" : 42.38
  }, {
    "serialNo" : "2",
    "pname" : "R BLUE Robin Blue",
    "hsn" : "32064100",
    "pack" : "0.05 KG",
    "nop" : 1,
    "qty" : 0.05,
    "rate" : 22.03,
    "taxRt" : 18.0,
    "cgst" : 1.98,
    "sgst" : 1.98,
    "total" : 25.0,
    "valBefTax" : 22.03
  } ],
  "totalCgst" : 5.8,
  "totalSgst" : 5.8,
  "total" : 74.0,
  "totalvbt" : 64.41,
  "totalNop" : 3.0,
  "totqty" : 0.15,
  "paymentMode" : "Cash",
  "phone" : null
}