{
  "invoiceNo" : "000558",
  "date" : "18/05/2022",
  "cname" : "CASH A/C",
  "caddress" : null,
  "cgstno" : null,
  "items" : [ {
    "serialNo" : "1",
    "pname" : "BUTTERFLY AC METAL Metal Primer Solvent",
    "hsn" : "320890",
    "pack" : "0.5 LT",
    "nop" : 1,
    "qty" : 0.5,
    "rate" : 97.46,
    "taxRt" : 18.0,
    "cgst" : 8.77,
    "sgst" : 8.77,
    "total" : 115.0,
    "valBefTax" : 97.46
  } ],
  "totalCgst" : 8.77,
  "totalSgst" : 8.77,
  "total" : 115.0,
  "totalvbt" : 97.46,
  "totalNop" : 1.0,
  "totqty" : 0.5,
  "paymentMode" : "Cash"
}