{
  "invoiceNo" : "000539",
  "date" : "17/05/2022",
  "cname" : "KALIM ENTERPRISE",
  "caddress" : "VIL&PO GHUNI KOL 157",
  "cgstno" : null,
  "items" : [ {
    "serialNo" : "1",
    "pname" : "RED SLK C B Silk Luxury Emul",
    "hsn" : "320910",
    "pack" : "0.9 LT",
    "nop" : 1,
    "qty" : 0.9,
    "rate" : 515.25,
    "taxRt" : 18.0,
    "cgst" : 46.37,
    "sgst" : 46.37,
    "total" : 607.0,
    "valBefTax" : 515.25
  }, {
    "serialNo" : "2",
    "pname" : "YLW EC C B Easy Clean Luxur",
    "hsn" : "320910",
    "pack" : "0.9 LT",
    "nop" : 1,
    "qty" : 0.9,
    "rate" : 438.98,
    "taxRt" : 18.0,
    "cgst" : 39.51,
    "sgst" : 39.51,
    "total" : 518.0,
    "valBefTax" : 438.98
  }, {
    "serialNo" : "3",
    "pname" : "GP THINNER Thinners",
    "hsn" : "320810",
    "pack" : "1.0 LTR",
    "nop" : 2,
    "qty" : 2.0,
    "rate" : 101.69,
    "taxRt" : 18.0,
    "cgst" : 18.3,
    "sgst" : 18.3,
    "total" : 239.0,
    "valBefTax" : 203.38
  }, {
    "serialNo" : "4",
    "pname" : "P0 PU ENAMEL Base Pu Enamel",
    "hsn" : "320890",
    "pack" : "0.985 LTR",
    "nop" : 2,
    "qty" : 1.97,
    "rate" : 271.18,
    "taxRt" : 18.0,
    "cgst" : 48.82,
    "sgst" : 48.82,
    "total" : 639.0,
    "valBefTax" : 542.36
  }, {
    "serialNo" : "5",
    "pname" : "BLACK LHG Luxol High Gloss Ena",
    "hsn" : "320890",
    "pack" : "1.0 LT",
    "nop" : 1,
    "qty" : 1.0,
    "rate" : 228.81,
    "taxRt" : 18.0,
    "cgst" : 20.59,
    "sgst" : 20.59,
    "total" : 269.0,
    "valBefTax" : 228.81
  } ],
  "totalCgst" : 173.59,
  "totalSgst" : 173.59,
  "total" : 2272.0,
  "totalvbt" : 1928.78,
  "totalNop" : 7.0,
  "totqty" : 6.77,
  "paymentMode" : "Credit"
}