{
  "invoiceNo" : "000587",
  "date" : "21/05/2022",
  "cname" : "CASH A/C",
  "caddress" : null,
  "cgstno" : null,
  "items" : [ {
    "serialNo" : "1",
    "pname" : "MORTIN INST VPR Mortin",
    "hsn" : "38089191",
    "pack" : "0.045 LTR",
    "nop" : 4,
    "qty" : 0.18,
    "rate" : 46.61,
    "taxRt" : 18.0,
    "cgst" : 16.76,
    "sgst" : 16.76,
    "total" : 220.0,
    "valBefTax" : 186.44
  } ],
  "totalCgst" : 16.76,
  "totalSgst" : 16.76,
  "total" : 220.0,
  "totalvbt" : 186.44,
  "totalNop" : 4.0,
  "totqty" : 0.18,
  "paymentMode" : "Cash"
}