{
  "invoiceNo" : "000590",
  "date" : "22/05/2022",
  "cname" : "M SABHYASCHI",
  "caddress" : null,
  "cgstno" : null,
  "items" : [ {
    "serialNo" : "1",
    "pname" : "P0 RTC C B Rangoli Total Ca",
    "hsn" : "320910",
    "pack" : "4.0 LT",
    "nop" : 1,
    "qty" : 4.0,
    "rate" : 1127.1,
    "taxRt" : 18.0,
    "cgst" : 101.44,
    "sgst" : 101.44,
    "total" : 1329.0,
    "valBefTax" : 1127.1
  } ],
  "totalCgst" : 101.44,
  "totalSgst" : 101.44,
  "total" : 1329.0,
  "totalvbt" : 1127.1,
  "totalNop" : 1.0,
  "totqty" : 4.0,
  "paymentMode" : "Credit"
}