{
  "invoiceNo" : "000544",
  "date" : "17/05/2022",
  "cname" : "CASH A/C",
  "caddress" : null,
  "cgstno" : null,
  "items" : [ {
    "serialNo" : "1",
    "pname" : "ROOFKOAT PU HS Roof Coating",
    "hsn" : "320910",
    "pack" : "20.0 LTR",
    "nop" : 1,
    "qty" : 20.0,
    "rate" : 6652.5,
    "taxRt" : 18.0,
    "cgst" : 598.72,
    "sgst" : 598.72,
    "total" : 7849.0,
    "valBefTax" : 6652.5
  } ],
  "totalCgst" : 598.72,
  "totalSgst" : 598.72,
  "total" : 7849.0,
  "totalvbt" : 6652.5,
  "totalNop" : 1.0,
  "totqty" : 20.0,
  "paymentMode" : "Cash"
}