{
  "invoiceNo" : "000554",
  "date" : "18/05/2022",
  "cname" : "CASH A/C",
  "caddress" : null,
  "cgstno" : null,
  "items" : [ {
    "serialNo" : "1",
    "pname" : "100 NO Wet & Dry Sandpaper",
    "hsn" : "680510",
    "pack" : "1.0 PCS",
    "nop" : 3,
    "qty" : 3.0,
    "rate" : 14.41,
    "taxRt" : 18.0,
    "cgst" : 3.9,
    "sgst" : 3.9,
    "total" : 51.0,
    "valBefTax" : 43.23
  }, {
    "serialNo" : "2",
    "pname" : "120 Mk Eco Wet Paper",
    "hsn" : "68052090",
    "pack" : "1.0 PCS",
    "nop" : 3,
    "qty" : 3.0,
    "rate" : 14.41,
    "taxRt" : 18.0,
    "cgst" : 3.9,
    "sgst" : 3.9,
    "total" : 51.0,
    "valBefTax" : 43.23
  }, {
    "serialNo" : "3",
    "pname" : "R BLUE Robin Blue",
    "hsn" : "32064100",
    "pack" : "0.05 KG",
    "nop" : 2,
    "qty" : 0.1,
    "rate" : 22.03,
    "taxRt" : 18.0,
    "cgst" : 3.96,
    "sgst" : 3.96,
    "total" : 52.0,
    "valBefTax" : 44.06
  }, {
    "serialNo" : "4",
    "pname" : "BP WHT PRIMER WT Interior Wall Primer",
    "hsn" : "320910",
    "pack" : "10.0 LTR",
    "nop" : 1,
    "qty" : 10.0,
    "rate" : 932.2,
    "taxRt" : 18.0,
    "cgst" : 83.9,
    "sgst" : 83.9,
    "total" : 1100.0,
    "valBefTax" : 932.2
  } ],
  "totalCgst" : 95.66,
  "totalSgst" : 95.66,
  "total" : 1254.0,
  "totalvbt" : 1062.72,
  "totalNop" : 9.0,
  "totqty" : 16.1,
  "paymentMode" : "Cash"
}