{
  "invoiceNo" : "000564",
  "date" : "19/05/2022",
  "cname" : "CASH A/C",
  "caddress" : null,
  "cgstno" : null,
  "items" : [ {
    "serialNo" : "1",
    "pname" : "WHITE CEMENT White Cement",
    "hsn" : "25232100",
    "pack" : "1.0 KGS",
    "nop" : 3,
    "qty" : 3.0,
    "rate" : 27.34,
    "taxRt" : 28.0,
    "cgst" : 11.49,
    "sgst" : 11.49,
    "total" : 104.0,
    "valBefTax" : 82.02
  } ],
  "totalCgst" : 11.49,
  "totalSgst" : 11.49,
  "total" : 104.0,
  "totalvbt" : 82.02,
  "totalNop" : 3.0,
  "totqty" : 3.0,
  "paymentMode" : "Cash"
}