{
  "invoiceNo" : "000503",
  "date" : "14/05/2022",
  "cname" : "HIRALAL DAS (MAMA)",
  "caddress" : null,
  "cgstno" : null,
  "items" : [ {
    "serialNo" : "1",
    "pname" : "YLW WCS C B Weathercoat Smoo",
    "hsn" : "320910",
    "pack" : "0.9 LTR",
    "nop" : 2,
    "qty" : 1.8,
    "rate" : 350.0,
    "taxRt" : 18.0,
    "cgst" : 63.0,
    "sgst" : 63.0,
    "total" : 825.0,
    "valBefTax" : 700.0
  } ],
  "totalCgst" : 63.0,
  "totalSgst" : 63.0,
  "total" : 825.0,
  "totalvbt" : 700.0,
  "totalNop" : 2.0,
  "totqty" : 1.8,
  "paymentMode" : "Cash",
  "phone" : null
}