{
  "invoiceNo" : "000575",
  "date" : "20/05/2022",
  "cname" : "CASH A/C",
  "caddress" : null,
  "cgstno" : null,
  "items" : [ {
    "serialNo" : "1",
    "pname" : "P0 EC C B Easy Clean Luxur",
    "hsn" : "320910",
    "pack" : "1.0 LT",
    "nop" : 2,
    "qty" : 2.0,
    "rate" : 380.51,
    "taxRt" : 18.0,
    "cgst" : 68.5,
    "sgst" : 68.5,
    "total" : 897.0,
    "valBefTax" : 761.02
  }, {
    "serialNo" : "2",
    "pname" : "BLACK Luxol Universal Stai",
    "hsn" : "321390",
    "pack" : "0.05 LTR",
    "nop" : 1,
    "qty" : 0.05,
    "rate" : 35.59,
    "taxRt" : 18.0,
    "cgst" : 3.2,
    "sgst" : 3.2,
    "total" : 41.0,
    "valBefTax" : 35.59
  } ],
  "totalCgst" : 71.7,
  "totalSgst" : 71.7,
  "total" : 938.0,
  "totalvbt" : 796.61,
  "totalNop" : 3.0,
  "totqty" : 2.05,
  "paymentMode" : "Cash"
}