{
  "invoiceNo" : "000543",
  "date" : "17/05/2022",
  "cname" : "CASH A/C",
  "caddress" : null,
  "cgstno" : null,
  "items" : [ {
    "serialNo" : "1",
    "pname" : "RED GLMR C B Xp Silk Glamour",
    "hsn" : "320910",
    "pack" : "0.9 LTR",
    "nop" : 1,
    "qty" : 0.9,
    "rate" : 536.44,
    "taxRt" : 18.0,
    "cgst" : 48.28,
    "sgst" : 48.28,
    "total" : 633.0,
    "valBefTax" : 536.44
  }, {
    "serialNo" : "2",
    "pname" : "P1 WLL 7 Xp Long Life 7",
    "hsn" : "320910",
    "pack" : "0.9 LTR",
    "nop" : 1,
    "qty" : 0.9,
    "rate" : 428.81,
    "taxRt" : 18.0,
    "cgst" : 38.59,
    "sgst" : 38.59,
    "total" : 505.0,
    "valBefTax" : 428.81
  } ],
  "totalCgst" : 86.87,
  "totalSgst" : 86.87,
  "total" : 1138.0,
  "totalvbt" : 965.25,
  "totalNop" : 2.0,
  "totqty" : 1.8,
  "paymentMode" : "Cash",
  "phone" : null
}