{
  "invoiceNo" : "000514",
  "date" : "15/05/2022",
  "cname" : "CASH A/C",
  "caddress" : null,
  "cgstno" : null,
  "items" : [ {
    "serialNo" : "1",
    "pname" : "SH Fevicol",
    "hsn" : "35061000",
    "pack" : "0.25 KGS",
    "nop" : 1,
    "qty" : 0.25,
    "rate" : 76.27,
    "taxRt" : 18.0,
    "cgst" : 6.86,
    "sgst" : 6.86,
    "total" : 89.0,
    "valBefTax" : 76.27
  }, {
    "serialNo" : "2",
    "pname" : "MASTERLOK Adhesive",
    "hsn" : "350610",
    "pack" : "0.25 KGS",
    "nop" : 1,
    "qty" : 0.25,
    "rate" : 42.37,
    "taxRt" : 18.0,
    "cgst" : 3.81,
    "sgst" : 3.81,
    "total" : 49.0,
    "valBefTax" : 42.37
  } ],
  "totalCgst" : 10.67,
  "totalSgst" : 10.67,
  "total" : 138.0,
  "totalvbt" : 118.64,
  "totalNop" : 2.0,
  "totqty" : 0.5,
  "paymentMode" : "Cash",
  "phone" : null
}