{
  "invoiceNo" : "000563",
  "date" : "19/05/2022",
  "cname" : "M RAJU BISWAS",
  "caddress" : null,
  "cgstno" : null,
  "items" : [ {
    "serialNo" : "1",
    "pname" : "1\" MASKING TAPE BERG Painting Tools Rolle",
    "hsn" : "391910",
    "pack" : "1.0 LTR",
    "nop" : 6,
    "qty" : 6.0,
    "rate" : 23.73,
    "taxRt" : 18.0,
    "cgst" : 12.84,
    "sgst" : 12.84,
    "total" : 167.0,
    "valBefTax" : 142.38
  } ],
  "totalCgst" : 12.84,
  "totalSgst" : 12.84,
  "total" : 167.0,
  "totalvbt" : 142.38,
  "totalNop" : 6.0,
  "totqty" : 6.0,
  "paymentMode" : "Credit",
  "phone" : null
}