{
  "invoiceNo" : "000562",
  "date" : "19/05/2022",
  "cname" : "M RAJU BISWAS",
  "caddress" : null,
  "cgstno" : null,
  "items" : [ {
    "serialNo" : "1",
    "pname" : "P0 EC C B Easy Clean Luxur",
    "hsn" : "320910",
    "pack" : "1.0 LT",
    "nop" : 2,
    "qty" : 2.0,
    "rate" : 386.44,
    "taxRt" : 18.0,
    "cgst" : 69.56,
    "sgst" : 69.56,
    "total" : 911.0,
    "valBefTax" : 772.88
  }, {
    "serialNo" : "2",
    "pname" : "P0 EC C B Easy Clean Luxur",
    "hsn" : "320910",
    "pack" : "1.0 LT",
    "nop" : 1,
    "qty" : 1.0,
    "rate" : 368.64,
    "taxRt" : 18.0,
    "cgst" : 33.18,
    "sgst" : 33.18,
    "total" : 435.0,
    "valBefTax" : 368.64
  }, {
    "serialNo" : "3",
    "pname" : "P0 EC C B Easy Clean Luxur",
    "hsn" : "320910",
    "pack" : "1.0 LT",
    "nop" : 1,
    "qty" : 1.0,
    "rate" : 371.18,
    "taxRt" : 18.0,
    "cgst" : 33.41,
    "sgst" : 33.41,
    "total" : 438.0,
    "valBefTax" : 371.18
  }, {
    "serialNo" : "4",
    "pname" : "220 NO Wet & Dry Sandpaper",
    "hsn" : "680510",
    "pack" : "1.0 PCS",
    "nop" : 2,
    "qty" : 2.0,
    "rate" : 13.56,
    "taxRt" : 18.0,
    "cgst" : 2.44,
    "sgst" : 2.44,
    "total" : 32.0,
    "valBefTax" : 27.12
  } ],
  "totalCgst" : 138.59,
  "totalSgst" : 138.59,
  "total" : 1816.0,
  "totalvbt" : 1539.82,
  "totalNop" : 6.0,
  "totqty" : 6.0,
  "paymentMode" : "Credit"
}