{
  "invoiceNo" : "000533",
  "date" : "16/05/2022",
  "cname" : "PRADIP KR BHOWMICK",
  "caddress" : "1NO GATE AIRPORT KOL 700028",
  "cgstno" : null,
  "items" : [ {
    "serialNo" : "1",
    "pname" : "P1 EC XP FRESH Xp E. Clean Fresh",
    "hsn" : "320910",
    "pack" : "0.9 LTR",
    "nop" : 3,
    "qty" : 2.7,
    "rate" : 403.39,
    "taxRt" : 18.0,
    "cgst" : 108.9,
    "sgst" : 108.9,
    "total" : 1427.0,
    "valBefTax" : 1210.17
  }, {
    "serialNo" : "2",
    "pname" : "N2 EC XP FRESH Xp E. Clean Fresh",
    "hsn" : "320910",
    "pack" : "0.9 LTR",
    "nop" : 1,
    "qty" : 0.9,
    "rate" : 426.27,
    "taxRt" : 18.0,
    "cgst" : 38.36,
    "sgst" : 38.36,
    "total" : 502.0,
    "valBefTax" : 426.27
  }, {
    "serialNo" : "3",
    "pname" : "UW EC XP FRESH Xp E. Clean Fresh",
    "hsn" : "320910",
    "pack" : "1.0 LTR",
    "nop" : 1,
    "qty" : 1.0,
    "rate" : 465.25,
    "taxRt" : 18.0,
    "cgst" : 41.87,
    "sgst" : 41.87,
    "total" : 548.0,
    "valBefTax" : 465.25
  }, {
    "serialNo" : "4",
    "pname" : "UW EC XP FRESH Xp E. Clean Fresh",
    "hsn" : "320910",
    "pack" : "1.0 LTR",
    "nop" : 3,
    "qty" : 3.0,
    "rate" : 401.69,
    "taxRt" : 18.0,
    "cgst" : 108.45,
    "sgst" : 108.45,
    "total" : 1421.0,
    "valBefTax" : 1205.07
  }, {
    "serialNo" : "5",
    "pname" : "UW EC XP FRESH Xp E. Clean Fresh",
    "hsn" : "320910",
    "pack" : "1.0 LTR",
    "nop" : 3,
    "qty" : 3.0,
    "rate" : 460.17,
    "taxRt" : 18.0,
    "cgst" : 124.23,
    "sgst" : 124.23,
    "total" : 1628.0,
    "valBefTax" : 1380.51
  }, {
    "serialNo" : "6",
    "pname" : "N2 EC XP FRESH Xp E. Clean Fresh",
    "hsn" : "320910",
    "pack" : "0.9 LTR",
    "nop" : 1,
    "qty" : 0.9,
    "rate" : 428.81,
    "taxRt" : 18.0,
    "cgst" : 38.59,
    "sgst" : 38.59,
    "total" : 505.0,
    "valBefTax" : 428.81
  }, {
    "serialNo" : "7",
    "pname" : "W2 LUX XTRA C B Luxol Xtra Ename",
    "hsn" : "320890",
    "pack" : "0.95 LT",
    "nop" : 1,
    "qty" : 0.95,
    "rate" : 271.18,
    "taxRt" : 18.0,
    "cgst" : 24.41,
    "sgst" : 24.41,
    "total" : 320.0,
    "valBefTax" : 271.18
  }, {
    "serialNo" : "8",
    "pname" : "BASE COAT Silk B E Base Coat",
    "hsn" : "320910",
    "pack" : "10.0 LTR",
    "nop" : 1,
    "qty" : 10.0,
    "rate" : 1796.6,
    "taxRt" : 18.0,
    "cgst" : 161.69,
    "sgst" : 161.69,
    "total" : 2119.0,
    "valBefTax" : 1796.6
  }, {
    "serialNo" : "9",
    "pname" : "BASE COAT Silk B E Base Coat",
    "hsn" : "320910",
    "pack" : "4.0 LTR",
    "nop" : 1,
    "qty" : 4.0,
    "rate" : 788.13,
    "taxRt" : 18.0,
    "cgst" : 70.93,
    "sgst" : 70.93,
    "total" : 929.0,
    "valBefTax" : 788.13
  }, {
    "serialNo" : "10",
    "pname" : "120 Mk Eco Wet Paper",
    "hsn" : "68052090",
    "pack" : "1.0 PCS",
    "nop" : 15,
    "qty" : 15.0,
    "rate" : 14.41,
    "taxRt" : 18.0,
    "cgst" : 19.5,
    "sgst" : 19.5,
    "total" : 255.0,
    "valBefTax" : 216.15
  }, {
    "serialNo" : "11",
    "pname" : "R BLUE Robin Blue",
    "hsn" : "32064100",
    "pack" : "0.05 KG",
    "nop" : 1,
    "qty" : 0.05,
    "rate" : 22.03,
    "taxRt" : 18.0,
    "cgst" : 1.98,
    "sgst" : 1.98,
    "total" : 25.0,
    "valBefTax" : 22.03
  }, {
    "serialNo" : "12",
    "pname" : "HAPPY WALL PUTTY Putty",
    "hsn" : "321410",
    "pack" : "1.0 KG",
    "nop" : 1,
    "qty" : 1.0,
    "rate" : 67.8,
    "taxRt" : 18.0,
    "cgst" : 6.1,
    "sgst" : 6.1,
    "total" : 80.0,
    "valBefTax" : 67.8
  }, {
    "serialNo" : "13",
    "pname" : "BLACK LHG Luxol High Gloss Ena",
    "hsn" : "320890",
    "pack" : "0.5 LT",
    "nop" : 1,
    "qty" : 0.5,
    "rate" : 127.12,
    "taxRt" : 18.0,
    "cgst" : 11.44,
    "sgst" : 11.44,
    "total" : 150.0,
    "valBefTax" : 127.12
  }, {
    "serialNo" : "14",
    "pname" : "2\" ARJUN Brushes",
    "hsn" : "96034010",
    "pack" : "1.0 PCS",
    "nop" : 2,
    "qty" : 2.0,
    "rate" : 42.37,
    "taxRt" : 18.0,
    "cgst" : 7.62,
    "sgst" : 7.62,
    "total" : 100.0,
    "valBefTax" : 84.74
  } ],
  "totalCgst" : 764.07,
  "totalSgst" : 764.07,
  "total" : 10009.0,
  "totalvbt" : 8489.83,
  "totalNop" : 35.0,
  "totqty" : 45.0,
  "paymentMode" : "Credit"
}