{
  "invoiceNo" : "000542",
  "date" : "17/05/2022",
  "cname" : "CASH A/C",
  "caddress" : null,
  "cgstno" : null,
  "items" : [ {
    "serialNo" : "1",
    "pname" : "BIRLA WALL CARE PUTT Wallcare Putty Fine",
    "hsn" : "32141000",
    "pack" : "40.0 KGS",
    "nop" : 1,
    "qty" : 40.0,
    "rate" : 576.27,
    "taxRt" : 18.0,
    "cgst" : 51.86,
    "sgst" : 51.86,
    "total" : 679.0,
    "valBefTax" : 576.27
  } ],
  "totalCgst" : 51.86,
  "totalSgst" : 51.86,
  "total" : 679.0,
  "totalvbt" : 576.27,
  "totalNop" : 1.0,
  "totqty" : 40.0,
  "paymentMode" : "Cash",
  "phone" : null
}