{
  "invoiceNo" : "000552",
  "date" : "18/05/2022",
  "cname" : "KALIM ENTERPRISE",
  "caddress" : "VIL&PO GHUNI KOL 157",
  "cgstno" : null,
  "items" : [ {
    "serialNo" : "1",
    "pname" : "RED EC C B Easy Clean Luxur",
    "hsn" : "320910",
    "pack" : "0.9 LTR",
    "nop" : 1,
    "qty" : 0.9,
    "rate" : 440.67,
    "taxRt" : 18.0,
    "cgst" : 39.66,
    "sgst" : 39.66,
    "total" : 519.0,
    "valBefTax" : 440.67
  }, {
    "serialNo" : "2",
    "pname" : "W3 LUX  XTRA C B Luxol Xtra Ename",
    "hsn" : "320890",
    "pack" : "0.95 LT",
    "nop" : 2,
    "qty" : 1.9,
    "rate" : 254.24,
    "taxRt" : 18.0,
    "cgst" : 45.76,
    "sgst" : 45.76,
    "total" : 599.0,
    "valBefTax" : 508.48
  }, {
    "serialNo" : "3",
    "pname" : "W3 LUX  XTRA C B Luxol Xtra Ename",
    "hsn" : "320890",
    "pack" : "0.95 LT",
    "nop" : 2,
    "qty" : 1.9,
    "rate" : 228.81,
    "taxRt" : 18.0,
    "cgst" : 41.18,
    "sgst" : 41.18,
    "total" : 540.0,
    "valBefTax" : 457.62
  } ],
  "totalCgst" : 126.6,
  "totalSgst" : 126.6,
  "total" : 1658.0,
  "totalvbt" : 1406.77,
  "totalNop" : 5.0,
  "totqty" : 4.7,
  "paymentMode" : "Credit"
}