{
  "invoiceNo" : "000597",
  "date" : "22/05/2022",
  "cname" : "KALIM ENTERPRISE",
  "caddress" : "VIL&PO GHUNI KOL 157",
  "cgstno" : null,
  "items" : [ {
    "serialNo" : "1",
    "pname" : "W2 PU Base Pu Enamel",
    "hsn" : "320890",
    "pack" : "3.8 LTR",
    "nop" : 1,
    "qty" : 3.8,
    "rate" : 1050.8,
    "taxRt" : 18.0,
    "cgst" : 94.58,
    "sgst" : 94.58,
    "total" : 1240.0,
    "valBefTax" : 1050.8
  }, {
    "serialNo" : "2",
    "pname" : "GP THINNER Thinners",
    "hsn" : "320810",
    "pack" : "1.0 LTR",
    "nop" : 1,
    "qty" : 1.0,
    "rate" : 101.69,
    "taxRt" : 18.0,
    "cgst" : 9.15,
    "sgst" : 9.15,
    "total" : 119.0,
    "valBefTax" : 101.69
  }, {
    "serialNo" : "3",
    "pname" : "2\" ARJUN Brushes",
    "hsn" : "96034010",
    "pack" : "1.0 PCS",
    "nop" : 1,
    "qty" : 1.0,
    "rate" : 42.37,
    "taxRt" : 18.0,
    "cgst" : 3.81,
    "sgst" : 3.81,
    "total" : 49.0,
    "valBefTax" : 42.37
  } ],
  "totalCgst" : 107.54,
  "totalSgst" : 107.54,
  "total" : 1408.0,
  "totalvbt" : 1194.86,
  "totalNop" : 3.0,
  "totqty" : 5.8,
  "paymentMode" : "Credit",
  "phone" : null
}