{
  "invoiceNo" : "000504",
  "date" : "14/05/2022",
  "cname" : "KALIM ENTERPRISE",
  "caddress" : "VIL&PO GHUNI KOL 157",
  "cgstno" : null,
  "items" : [ {
    "serialNo" : "1",
    "pname" : "P0 RTC C B Rangoli Total Ca",
    "hsn" : "320910",
    "pack" : "1.0 LT",
    "nop" : 2,
    "qty" : 2.0,
    "rate" : 315.25,
    "taxRt" : 18.0,
    "cgst" : 56.74,
    "sgst" : 56.74,
    "total" : 744.0,
    "valBefTax" : 630.5
  }, {
    "serialNo" : "2",
    "pname" : "N2 RTC C B Rangoli Total Ca",
    "hsn" : "320910",
    "pack" : "0.9 LT",
    "nop" : 1,
    "qty" : 0.9,
    "rate" : 304.23,
    "taxRt" : 18.0,
    "cgst" : 27.38,
    "sgst" : 27.38,
    "total" : 358.0,
    "valBefTax" : 304.23
  }, {
    "serialNo" : "3",
    "pname" : "YLW RTC C B Rangoli Total Ca",
    "hsn" : "320910",
    "pack" : "0.9 LT",
    "nop" : 2,
    "qty" : 1.8,
    "rate" : 315.25,
    "taxRt" : 18.0,
    "cgst" : 56.74,
    "sgst" : 56.74,
    "total" : 744.0,
    "valBefTax" : 630.5
  }, {
    "serialNo" : "4",
    "pname" : "YLW RTC C B Rangoli Total Ca",
    "hsn" : "320910",
    "pack" : "0.9 LT",
    "nop" : 1,
    "qty" : 0.9,
    "rate" : 365.25,
    "taxRt" : 18.0,
    "cgst" : 32.87,
    "sgst" : 32.87,
    "total" : 430.0,
    "valBefTax" : 365.25
  }, {
    "serialNo" : "5",
    "pname" : "W1 RTC C B Rangoli Total Ca",
    "hsn" : "320910",
    "pack" : "0.9 LT",
    "nop" : 2,
    "qty" : 1.8,
    "rate" : 296.61,
    "taxRt" : 18.0,
    "cgst" : 53.38,
    "sgst" : 53.38,
    "total" : 700.0,
    "valBefTax" : 593.22
  }, {
    "serialNo" : "6",
    "pname" : "P0 RTC C B Rangoli Total Ca",
    "hsn" : "320910",
    "pack" : "1.0 LT",
    "nop" : 2,
    "qty" : 2.0,
    "rate" : 283.9,
    "taxRt" : 18.0,
    "cgst" : 51.1,
    "sgst" : 51.1,
    "total" : 669.0,
    "valBefTax" : 567.8
  }, {
    "serialNo" : "7",
    "pname" : "P0 RTC C B Rangoli Total Ca",
    "hsn" : "320910",
    "pack" : "4.0 LT",
    "nop" : 1,
    "qty" : 4.0,
    "rate" : 1110.2,
    "taxRt" : 18.0,
    "cgst" : 99.91,
    "sgst" : 99.91,
    "total" : 1309.0,
    "valBefTax" : 1110.2
  }, {
    "serialNo" : "8",
    "pname" : "R BLUE Robin Blue",
    "hsn" : "32064100",
    "pack" : "0.05 KG",
    "nop" : 2,
    "qty" : 0.1,
    "rate" : 22.03,
    "taxRt" : 18.0,
    "cgst" : 3.96,
    "sgst" : 3.96,
    "total" : 52.0,
    "valBefTax" : 44.06
  }, {
    "serialNo" : "9",
    "pname" : "BIG BOY 4\" Brushes",
    "hsn" : "96034010",
    "pack" : "1.0 PCS",
    "nop" : 1,
    "qty" : 1.0,
    "rate" : 444.91,
    "taxRt" : 18.0,
    "cgst" : 40.04,
    "sgst" : 40.04,
    "total" : 524.0,
    "valBefTax" : 444.91
  }, {
    "serialNo" : "10",
    "pname" : "80 NO Wet & Dry Sandpaper",
    "hsn" : "68051010",
    "pack" : "1.0 PCS",
    "nop" : 1,
    "qty" : 1.0,
    "rate" : 14.41,
    "taxRt" : 18.0,
    "cgst" : 1.3,
    "sgst" : 1.3,
    "total" : 17.0,
    "valBefTax" : 14.41
  }, {
    "serialNo" : "11",
    "pname" : "2\" ARJUN Brushes",
    "hsn" : "96034010",
    "pack" : "1.0 PCS",
    "nop" : 2,
    "qty" : 2.0,
    "rate" : 42.37,
    "taxRt" : 18.0,
    "cgst" : 7.62,
    "sgst" : 7.62,
    "total" : 100.0,
    "valBefTax" : 84.74
  }, {
    "serialNo" : "12",
    "pname" : "TRAY Painting Tools Rolle",
    "hsn" : "392330",
    "pack" : "1.0 PCS",
    "nop" : 2,
    "qty" : 2.0,
    "rate" : 127.12,
    "taxRt" : 18.0,
    "cgst" : 22.88,
    "sgst" : 22.88,
    "total" : 300.0,
    "valBefTax" : 254.24
  } ],
  "totalCgst" : 453.92,
  "totalSgst" : 453.92,
  "total" : 5947.0,
  "totalvbt" : 5044.06,
  "totalNop" : 19.0,
  "totqty" : 19.5,
  "paymentMode" : "Credit"
}