{
  "invoiceNo" : "000502",
  "date" : "14/05/2022",
  "cname" : "M RAJU BISWAS",
  "caddress" : null,
  "cgstno" : null,
  "items" : [ {
    "serialNo" : "1",
    "pname" : "P0 RTC C B Rangoli Total Ca",
    "hsn" : "320910",
    "pack" : "1.0 LT",
    "nop" : 3,
    "qty" : 3.0,
    "rate" : 283.9,
    "taxRt" : 18.0,
    "cgst" : 76.65,
    "sgst" : 76.65,
    "total" : 1004.0,
    "valBefTax" : 851.7
  }, {
    "serialNo" : "2",
    "pname" : "P0 EC C B Easy Clean Luxur",
    "hsn" : "320910",
    "pack" : "1.0 LT",
    "nop" : 2,
    "qty" : 2.0,
    "rate" : 368.64,
    "taxRt" : 18.0,
    "cgst" : 66.36,
    "sgst" : 66.36,
    "total" : 870.0,
    "valBefTax" : 737.28
  }, {
    "serialNo" : "3",
    "pname" : "BLACK LHG Luxol High Gloss Ena",
    "hsn" : "320890",
    "pack" : "1.0 LT",
    "nop" : 1,
    "qty" : 1.0,
    "rate" : 224.57,
    "taxRt" : 18.0,
    "cgst" : 20.21,
    "sgst" : 20.21,
    "total" : 264.0,
    "valBefTax" : 224.57
  } ],
  "totalCgst" : 163.22,
  "totalSgst" : 163.22,
  "total" : 2138.0,
  "totalvbt" : 1813.55,
  "totalNop" : 6.0,
  "totqty" : 6.0,
  "paymentMode" : "Credit",
  "phone" : null
}