{
  "invoiceNo" : "000505",
  "date" : "14/05/2022",
  "cname" : "CASH A/C",
  "caddress" : null,
  "cgstno" : null,
  "items" : [ {
    "serialNo" : "1",
    "pname" : "BLACK Luxol Pu Enamel",
    "hsn" : "320890",
    "pack" : "1.0 LTR",
    "nop" : 1,
    "qty" : 1.0,
    "rate" : 233.05,
    "taxRt" : 18.0,
    "cgst" : 20.97,
    "sgst" : 20.97,
    "total" : 274.0,
    "valBefTax" : 233.05
  }, {
    "serialNo" : "2",
    "pname" : "80 SAND IT ALL Handy Sheet",
    "hsn" : "68051010",
    "pack" : "1.0 PCS",
    "nop" : 1,
    "qty" : 1.0,
    "rate" : 8.47,
    "taxRt" : 18.0,
    "cgst" : 0.76,
    "sgst" : 0.76,
    "total" : 9.0,
    "valBefTax" : 8.47
  }, {
    "serialNo" : "3",
    "pname" : "180 BLACK LION WPP Water Paper",
    "hsn" : "68052010",
    "pack" : "1.0 PCS",
    "nop" : 6,
    "qty" : 6.0,
    "rate" : 14.24,
    "taxRt" : 18.0,
    "cgst" : 7.68,
    "sgst" : 7.68,
    "total" : 100.0,
    "valBefTax" : 85.44
  } ],
  "totalCgst" : 29.41,
  "totalSgst" : 29.41,
  "total" : 383.0,
  "totalvbt" : 326.96,
  "totalNop" : 8.0,
  "totqty" : 8.0,
  "paymentMode" : "Cash"
}