{
  "invoiceNo" : "000523",
  "date" : "16/05/2022",
  "cname" : "CASH A/C",
  "caddress" : null,
  "cgstno" : null,
  "items" : [ {
    "serialNo" : "1",
    "pname" : "LW+ PIDIPROOF Dr.fixit",
    "hsn" : "382440",
    "pack" : "1.0 LTR",
    "nop" : 1,
    "qty" : 1.0,
    "rate" : 135.59,
    "taxRt" : 18.0,
    "cgst" : 12.2,
    "sgst" : 12.2,
    "total" : 159.0,
    "valBefTax" : 135.59
  }, {
    "serialNo" : "2",
    "pname" : "BLACK LHG Luxol High Gloss Ena",
    "hsn" : "320890",
    "pack" : "0.5 LT",
    "nop" : 1,
    "qty" : 0.5,
    "rate" : 122.88,
    "taxRt" : 18.0,
    "cgst" : 11.06,
    "sgst" : 11.06,
    "total" : 145.0,
    "valBefTax" : 122.88
  }, {
    "serialNo" : "3",
    "pname" : "W2 PU Base Pu Enamel",
    "hsn" : "320890",
    "pack" : "0.45 LTR",
    "nop" : 1,
    "qty" : 0.45,
    "rate" : 144.07,
    "taxRt" : 18.0,
    "cgst" : 12.97,
    "sgst" : 12.97,
    "total" : 170.0,
    "valBefTax" : 144.07
  }, {
    "serialNo" : "4",
    "pname" : "YLW LUXOL XTRA C B Luxol Xtra Ename",
    "hsn" : "320890",
    "pack" : "0.95 LTR",
    "nop" : 3,
    "qty" : 2.8499999999999996,
    "rate" : 262.71,
    "taxRt" : 18.0,
    "cgst" : 70.92,
    "sgst" : 70.92,
    "total" : 929.0,
    "valBefTax" : 788.13
  } ],
  "totalCgst" : 107.15,
  "totalSgst" : 107.15,
  "total" : 1403.0,
  "totalvbt" : 1190.67,
  "totalNop" : 6.0,
  "totqty" : 4.8,
  "paymentMode" : "Cash"
}