{
  "invoiceNo" : "000586",
  "date" : "21/05/2022",
  "cname" : "BHASKAR ROY",
  "caddress" : "GH/1A HATIARA RD. KOL 59",
  "cgstno" : null,
  "items" : [ {
    "serialNo" : "1",
    "pname" : "P0 WLL 8' Wll Flexo",
    "hsn" : "320910",
    "pack" : "20.0 LTR",
    "nop" : 1,
    "qty" : 20.0,
    "rate" : 8898.2,
    "taxRt" : 18.0,
    "cgst" : 800.84,
    "sgst" : 800.84,
    "total" : 10499.0,
    "valBefTax" : 8898.2
  } ],
  "totalCgst" : 800.84,
  "totalSgst" : 800.84,
  "total" : 10499.0,
  "totalvbt" : 8898.2,
  "totalNop" : 1.0,
  "totqty" : 20.0,
  "paymentMode" : "Credit"
}