{
  "invoiceNo" : "000555",
  "date" : "18/05/2022",
  "cname" : "CASH A/C",
  "caddress" : null,
  "cgstno" : null,
  "items" : [ {
    "serialNo" : "1",
    "pname" : "HEATEX Fevicol Heatx",
    "hsn" : "35061000",
    "pack" : "0.2 LTR",
    "nop" : 1,
    "qty" : 0.2,
    "rate" : 110.17,
    "taxRt" : 18.0,
    "cgst" : 9.92,
    "sgst" : 9.92,
    "total" : 130.0,
    "valBefTax" : 110.17
  }, {
    "serialNo" : "2",
    "pname" : "W3 LUX  XTRA C B Luxol Xtra Ename",
    "hsn" : "320890",
    "pack" : "0.95 LT",
    "nop" : 1,
    "qty" : 0.95,
    "rate" : 254.24,
    "taxRt" : 18.0,
    "cgst" : 22.88,
    "sgst" : 22.88,
    "total" : 300.0,
    "valBefTax" : 254.24
  }, {
    "serialNo" : "3",
    "pname" : "BPCPWT Interior Wall Primer",
    "hsn" : "320910",
    "pack" : "1.0 LT",
    "nop" : 1,
    "qty" : 1.0,
    "rate" : 148.3,
    "taxRt" : 18.0,
    "cgst" : 13.35,
    "sgst" : 13.35,
    "total" : 175.0,
    "valBefTax" : 148.3
  }, {
    "serialNo" : "4",
    "pname" : "P0 BISON C B Bison Emulsion",
    "hsn" : "320910",
    "pack" : "1.0 LT",
    "nop" : 1,
    "qty" : 1.0,
    "rate" : 156.78,
    "taxRt" : 18.0,
    "cgst" : 14.11,
    "sgst" : 14.11,
    "total" : 185.0,
    "valBefTax" : 156.78
  } ],
  "totalCgst" : 60.26,
  "totalSgst" : 60.26,
  "total" : 790.0,
  "totalvbt" : 669.49,
  "totalNop" : 4.0,
  "totqty" : 3.15,
  "paymentMode" : "Cash",
  "phone" : null
}