{
  "invoiceNo" : "000656",
  "date" : "26/05/2022",
  "cname" : "CASH A/C",
  "caddress" : null,
  "cgstno" : null,
  "items" : [ {
    "serialNo" : "1",
    "pname" : "BPCPWT Interior Wall Primer",
    "hsn" : "320910",
    "pack" : "4.0 LT",
    "nop" : 1,
    "qty" : 4.0,
    "rate" : 567.79,
    "taxRt" : 18.0,
    "cgst" : 51.1,
    "sgst" : 51.1,
    "total" : 669.0,
    "valBefTax" : 567.79
  } ],
  "totalCgst" : 51.1,
  "totalSgst" : 51.1,
  "total" : 669.0,
  "totalvbt" : 567.79,
  "totalNop" : 1.0,
  "totqty" : 4.0,
  "paymentMode" : "Cash"
}