{
  "invoiceNo" : "000601",
  "date" : "22/05/2022",
  "cname" : "KALIM ENTERPRISE",
  "caddress" : "VIL&PO GHUNI KOL 157",
  "cgstno" : null,
  "items" : [ {
    "serialNo" : "1",
    "pname" : "HAPPY WALL PUTTY Putty",
    "hsn" : "321410",
    "pack" : "10.0 KG",
    "nop" : 1,
    "qty" : 10.0,
    "rate" : 563.55,
    "taxRt" : 18.0,
    "cgst" : 50.72,
    "sgst" : 50.72,
    "total" : 664.0,
    "valBefTax" : 563.55
  }, {
    "serialNo" : "2",
    "pname" : "180 NO Wet & Dry Sandpaper",
    "hsn" : "680510",
    "pack" : "1.0 PCS",
    "nop" : 6,
    "qty" : 6.0,
    "rate" : 14.41,
    "taxRt" : 18.0,
    "cgst" : 7.8,
    "sgst" : 7.8,
    "total" : 102.0,
    "valBefTax" : 86.46
  } ],
  "totalCgst" : 58.52,
  "totalSgst" : 58.52,
  "total" : 766.0,
  "totalvbt" : 650.01,
  "totalNop" : 7.0,
  "totqty" : 16.0,
  "paymentMode" : "Credit"
}