{
  "invoiceNo" : "000616",
  "date" : "23/05/2022",
  "cname" : "CASH A/C",
  "caddress" : null,
  "cgstno" : null,
  "items" : [ {
    "serialNo" : "1",
    "pname" : "BUTTERFLY AC METAL Metal Primer Solvent",
    "hsn" : "320890",
    "pack" : "1.0 LT",
    "nop" : 1,
    "qty" : 1.0,
    "rate" : 186.44,
    "taxRt" : 18.0,
    "cgst" : 16.78,
    "sgst" : 16.78,
    "total" : 220.0,
    "valBefTax" : 186.44
  }, {
    "serialNo" : "2",
    "pname" : "BLACK LHG Luxol High Gloss Ena",
    "hsn" : "320890",
    "pack" : "1.0 LT",
    "nop" : 1,
    "qty" : 1.0,
    "rate" : 228.81,
    "taxRt" : 18.0,
    "cgst" : 20.59,
    "sgst" : 20.59,
    "total" : 269.0,
    "valBefTax" : 228.81
  } ],
  "totalCgst" : 37.37,
  "totalSgst" : 37.37,
  "total" : 489.0,
  "totalvbt" : 415.25,
  "totalNop" : 2.0,
  "totqty" : 2.0,
  "paymentMode" : "Cash"
}