{
  "invoiceNo" : "000600",
  "date" : "22/05/2022",
  "cname" : "CASH A/C",
  "caddress" : null,
  "cgstno" : null,
  "items" : [ {
    "serialNo" : "1",
    "pname" : "W1 GLMR C B Xp Silk Glamour",
    "hsn" : "320910",
    "pack" : "0.9 LTR",
    "nop" : 1,
    "qty" : 0.9,
    "rate" : 550.84,
    "taxRt" : 18.0,
    "cgst" : 49.58,
    "sgst" : 49.58,
    "total" : 650.0,
    "valBefTax" : 550.84
  }, {
    "serialNo" : "2",
    "pname" : "YLW GLMR C B Xp Silk Glamour",
    "hsn" : "320910",
    "pack" : "0.9 LT",
    "nop" : 1,
    "qty" : 0.9,
    "rate" : 595.76,
    "taxRt" : 18.0,
    "cgst" : 53.62,
    "sgst" : 53.62,
    "total" : 703.0,
    "valBefTax" : 595.76
  }, {
    "serialNo" : "3",
    "pname" : "N2 GLMR C B Xp Silk Glamour",
    "hsn" : "320910",
    "pack" : "0.9 LT",
    "nop" : 1,
    "qty" : 0.9,
    "rate" : 628.81,
    "taxRt" : 18.0,
    "cgst" : 56.59,
    "sgst" : 56.59,
    "total" : 741.0,
    "valBefTax" : 628.81
  }, {
    "serialNo" : "4",
    "pname" : "W1 GLMR C B Xp Silk Glamour",
    "hsn" : "320910",
    "pack" : "0.9 LTR",
    "nop" : 1,
    "qty" : 0.9,
    "rate" : 567.79,
    "taxRt" : 18.0,
    "cgst" : 51.1,
    "sgst" : 51.1,
    "total" : 669.0,
    "valBefTax" : 567.79
  }, {
    "serialNo" : "5",
    "pname" : "YLW GLMR C B Xp Silk Glamour",
    "hsn" : "320910",
    "pack" : "0.9 LT",
    "nop" : 1,
    "qty" : 0.9,
    "rate" : 599.99,
    "taxRt" : 18.0,
    "cgst" : 54.0,
    "sgst" : 54.0,
    "total" : 707.0,
    "valBefTax" : 599.99
  }, {
    "serialNo" : "6",
    "pname" : "P0 SLK GLOW Silk Glow",
    "hsn" : "320910",
    "pack" : "4.0 LTR",
    "nop" : 1,
    "qty" : 4.0,
    "rate" : 1923.7,
    "taxRt" : 18.0,
    "cgst" : 173.13,
    "sgst" : 173.13,
    "total" : 2269.0,
    "valBefTax" : 1923.7
  }, {
    "serialNo" : "7",
    "pname" : "BUTTERFLY AC METAL Metal Primer Solvent",
    "hsn" : "320890",
    "pack" : "1.0 LT",
    "nop" : 1,
    "qty" : 1.0,
    "rate" : 186.44,
    "taxRt" : 18.0,
    "cgst" : 16.78,
    "sgst" : 16.78,
    "total" : 220.0,
    "valBefTax" : 186.44
  }, {
    "serialNo" : "8",
    "pname" : "GLDN BROWN Luxol Pu Enamel",
    "hsn" : "320890",
    "pack" : "1.0 LTR",
    "nop" : 2,
    "qty" : 2.0,
    "rate" : 245.76,
    "taxRt" : 18.0,
    "cgst" : 44.24,
    "sgst" : 44.24,
    "total" : 580.0,
    "valBefTax" : 491.52
  } ],
  "totalCgst" : 499.04,
  "totalSgst" : 499.04,
  "total" : 6539.0,
  "totalvbt" : 5544.85,
  "totalNop" : 9.0,
  "totqty" : 11.5,
  "paymentMode" : "Cash"
}