{
  "invoiceNo" : "000693",
  "date" : "28/05/2022",
  "cname" : "GEMTECH (INDIA)",
  "caddress" : "81/2, MAHAJATI NAGAR, BIRATI, KOLKATA-700051",
  "cgstno" : null,
  "items" : [ {
    "serialNo" : "1",
    "pname" : "SNOW WHITE Luxol High Gloss Ena",
    "hsn" : "320890",
    "pack" : "4.0 LT",
    "nop" : 1,
    "qty" : 4.0,
    "rate" : 966.09,
    "taxRt" : 18.0,
    "cgst" : 86.95,
    "sgst" : 86.95,
    "total" : 1139.0,
    "valBefTax" : 966.09
  }, {
    "serialNo" : "2",
    "pname" : "SNOW WHITE Luxol High Gloss Ena",
    "hsn" : "320890",
    "pack" : "1.0 LT",
    "nop" : 1,
    "qty" : 1.0,
    "rate" : 254.24,
    "taxRt" : 18.0,
    "cgst" : 22.88,
    "sgst" : 22.88,
    "total" : 300.0,
    "valBefTax" : 254.24
  } ],
  "totalCgst" : 109.83,
  "totalSgst" : 109.83,
  "total" : 1439.0,
  "totalvbt" : 1220.33,
  "totalNop" : 2.0,
  "totqty" : 5.0,
  "paymentMode" : "Credit"
}