{
  "invoiceNo" : "000667",
  "date" : "26/05/2022",
  "cname" : "CASH A/C",
  "caddress" : null,
  "cgstno" : null,
  "items" : [ {
    "serialNo" : "1",
    "pname" : "WT C B Machine Colouran",
    "hsn" : "321390",
    "pack" : "1.0 LTR",
    "nop" : 1,
    "qty" : 1.0,
    "rate" : 0.85,
    "taxRt" : 18.0,
    "cgst" : 0.08,
    "sgst" : 0.08,
    "total" : 1.0,
    "valBefTax" : 0.85
  }, {
    "serialNo" : "2",
    "pname" : "BISON PUTTY Putty",
    "hsn" : "321410",
    "pack" : "40.0 KGS",
    "nop" : 4,
    "qty" : 160.0,
    "rate" : 610.16,
    "taxRt" : 18.0,
    "cgst" : 219.64,
    "sgst" : 219.64,
    "total" : 2879.0,
    "valBefTax" : 2440.64
  } ],
  "totalCgst" : 219.72,
  "totalSgst" : 219.72,
  "total" : 2880.0,
  "totalvbt" : 2441.49,
  "totalNop" : 5.0,
  "totqty" : 161.0,
  "paymentMode" : "Cash"
}