{
  "invoiceNo" : "000666",
  "date" : "26/05/2022",
  "cname" : "M SABHYASCHI",
  "caddress" : null,
  "cgstno" : null,
  "items" : [ {
    "serialNo" : "1",
    "pname" : "YLW LONG LIFE Xp Wcoat Long Life",
    "hsn" : "320910",
    "pack" : "9.0 LTR",
    "nop" : 1,
    "qty" : 9.0,
    "rate" : 4949.1,
    "taxRt" : 18.0,
    "cgst" : 445.42,
    "sgst" : 445.42,
    "total" : 5839.0,
    "valBefTax" : 4949.1
  }, {
    "serialNo" : "2",
    "pname" : "YLW LONG LIFE Xp Wcoat Long Life",
    "hsn" : "320910",
    "pack" : "0.9 LTR",
    "nop" : 2,
    "qty" : 1.8,
    "rate" : 607.62,
    "taxRt" : 18.0,
    "cgst" : 109.38,
    "sgst" : 109.38,
    "total" : 1433.0,
    "valBefTax" : 1215.24
  } ],
  "totalCgst" : 554.8,
  "totalSgst" : 554.8,
  "total" : 7272.0,
  "totalvbt" : 6164.34,
  "totalNop" : 3.0,
  "totqty" : 10.8,
  "paymentMode" : "Credit",
  "phone" : null
}