{
  "invoiceNo" : "000671",
  "date" : "27/05/2022",
  "cname" : "KALIM ENTERPRISE",
  "caddress" : "VIL&PO GHUNI KOL 157",
  "cgstno" : null,
  "items" : [ {
    "serialNo" : "1",
    "pname" : "N2 GLMR C B Xp Silk Glamour",
    "hsn" : "320910",
    "pack" : "0.9 LT",
    "nop" : 1,
    "qty" : 0.9,
    "rate" : 612.71,
    "taxRt" : 18.0,
    "cgst" : 55.14,
    "sgst" : 55.14,
    "total" : 722.0,
    "valBefTax" : 612.71
  }, {
    "serialNo" : "2",
    "pname" : "N2 GLMR C B Xp Silk Glamour",
    "hsn" : "320910",
    "pack" : "0.9 LT",
    "nop" : 1,
    "qty" : 0.9,
    "rate" : 537.28,
    "taxRt" : 18.0,
    "cgst" : 48.36,
    "sgst" : 48.36,
    "total" : 634.0,
    "valBefTax" : 537.28
  }, {
    "serialNo" : "3",
    "pname" : "YLW GLMR C B Xp Silk Glamour",
    "hsn" : "320910",
    "pack" : "0.9 LT",
    "nop" : 1,
    "qty" : 0.9,
    "rate" : 534.74,
    "taxRt" : 18.0,
    "cgst" : 48.13,
    "sgst" : 48.13,
    "total" : 631.0,
    "valBefTax" : 534.74
  }, {
    "serialNo" : "4",
    "pname" : "P0 SLK C B Silk Luxury Emul",
    "hsn" : "320910",
    "pack" : "1.0 LT",
    "nop" : 1,
    "qty" : 1.0,
    "rate" : 548.3,
    "taxRt" : 18.0,
    "cgst" : 49.35,
    "sgst" : 49.35,
    "total" : 647.0,
    "valBefTax" : 548.3
  }, {
    "serialNo" : "5",
    "pname" : "P0 RTC C B Rangoli Total Ca",
    "hsn" : "320910",
    "pack" : "1.0 LT",
    "nop" : 1,
    "qty" : 1.0,
    "rate" : 318.64,
    "taxRt" : 18.0,
    "cgst" : 28.68,
    "sgst" : 28.68,
    "total" : 376.0,
    "valBefTax" : 318.64
  }, {
    "serialNo" : "6",
    "pname" : "SILVER MTLK illusion Designer Fi",
    "hsn" : "320910",
    "pack" : "0.2 LT",
    "nop" : 3,
    "qty" : 0.6000000000000001,
    "rate" : 152.54,
    "taxRt" : 18.0,
    "cgst" : 41.19,
    "sgst" : 41.19,
    "total" : 540.0,
    "valBefTax" : 457.62
  } ],
  "totalCgst" : 270.85,
  "totalSgst" : 270.85,
  "total" : 3550.0,
  "totalvbt" : 3009.29,
  "totalNop" : 8.0,
  "totqty" : 5.3,
  "paymentMode" : "Credit",
  "phone" : null
}