{
  "invoiceNo" : "000641",
  "date" : "25/05/2022",
  "cname" : "CASH A/C",
  "caddress" : null,
  "cgstno" : null,
  "items" : [ {
    "serialNo" : "1",
    "pname" : "RED EC XP FRESH Xp E. Clean Fresh",
    "hsn" : "320910",
    "pack" : "0.9 LTR",
    "nop" : 3,
    "qty" : 2.7,
    "rate" : 457.62,
    "taxRt" : 18.0,
    "cgst" : 123.57,
    "sgst" : 123.57,
    "total" : 1619.0,
    "valBefTax" : 1372.86
  }, {
    "serialNo" : "2",
    "pname" : "P0 EC C B Easy Clean Luxur",
    "hsn" : "320910",
    "pack" : "4.0 LT",
    "nop" : 1,
    "qty" : 4.0,
    "rate" : 1550.8,
    "taxRt" : 18.0,
    "cgst" : 139.58,
    "sgst" : 139.58,
    "total" : 1829.0,
    "valBefTax" : 1550.8
  }, {
    "serialNo" : "3",
    "pname" : "PALE CREAM Luxol High Gloss Ena",
    "hsn" : "320890",
    "pack" : "1.0 LT",
    "nop" : 3,
    "qty" : 3.0,
    "rate" : 254.24,
    "taxRt" : 18.0,
    "cgst" : 68.64,
    "sgst" : 68.64,
    "total" : 899.0,
    "valBefTax" : 762.72
  }, {
    "serialNo" : "4",
    "pname" : "GP THINNER Thinners",
    "hsn" : "320810",
    "pack" : "1.0 LTR",
    "nop" : 3,
    "qty" : 3.0,
    "rate" : 101.69,
    "taxRt" : 18.0,
    "cgst" : 27.45,
    "sgst" : 27.45,
    "total" : 360.0,
    "valBefTax" : 305.07
  }, {
    "serialNo" : "5",
    "pname" : "BLACK LHG Luxol High Gloss Ena",
    "hsn" : "320890",
    "pack" : "1.0 LT",
    "nop" : 3,
    "qty" : 3.0,
    "rate" : 228.81,
    "taxRt" : 18.0,
    "cgst" : 61.77,
    "sgst" : 61.77,
    "total" : 809.0,
    "valBefTax" : 686.43
  }, {
    "serialNo" : "6",
    "pname" : "P0 EC C B Easy Clean Luxur",
    "hsn" : "320910",
    "pack" : "1.0 LT",
    "nop" : 3,
    "qty" : 3.0,
    "rate" : 368.64,
    "taxRt" : 18.0,
    "cgst" : 99.54,
    "sgst" : 99.54,
    "total" : 1304.0,
    "valBefTax" : 1105.92
  } ],
  "totalCgst" : 520.55,
  "totalSgst" : 520.55,
  "total" : 6820.0,
  "totalvbt" : 5783.8,
  "totalNop" : 16.0,
  "totqty" : 18.7,
  "paymentMode" : "Cash"
}