{
  "invoiceNo" : "000630",
  "date" : "24/05/2022",
  "cname" : "GOPAL MALLICK",
  "caddress" : "1NO. NEW COLONY PO ASWININAGAR KOL 59",
  "cgstno" : null,
  "items" : [ {
    "serialNo" : "1",
    "pname" : "W3 LUX  XTRA C B Luxol Xtra Ename",
    "hsn" : "320890",
    "pack" : "3.8 LT",
    "nop" : 1,
    "qty" : 3.8,
    "rate" : 974.57,
    "taxRt" : 18.0,
    "cgst" : 87.71,
    "sgst" : 87.71,
    "total" : 1149.0,
    "valBefTax" : 974.57
  }, {
    "serialNo" : "2",
    "pname" : "ZINC CHR YLW MTL PRI Metal Primer Solvent",
    "hsn" : "320890",
    "pack" : "1.0 LTR",
    "nop" : 1,
    "qty" : 1.0,
    "rate" : 203.39,
    "taxRt" : 18.0,
    "cgst" : 18.3,
    "sgst" : 18.3,
    "total" : 239.0,
    "valBefTax" : 203.39
  } ],
  "totalCgst" : 106.01,
  "totalSgst" : 106.01,
  "total" : 1388.0,
  "totalvbt" : 1177.96,
  "totalNop" : 2.0,
  "totqty" : 4.8,
  "paymentMode" : "Cash"
}