{
  "invoiceNo" : "000626",
  "date" : "24/05/2022",
  "cname" : "CASH A/C",
  "caddress" : null,
  "cgstno" : null,
  "items" : [ {
    "serialNo" : "1",
    "pname" : "SALVALINE ALUMINIUM Aliminium Paint",
    "hsn" : "320890",
    "pack" : "4.0 LTR",
    "nop" : 1,
    "qty" : 4.0,
    "rate" : 1262.7,
    "taxRt" : 18.0,
    "cgst" : 113.64,
    "sgst" : 113.64,
    "total" : 1489.0,
    "valBefTax" : 1262.7
  } ],
  "totalCgst" : 113.64,
  "totalSgst" : 113.64,
  "total" : 1489.0,
  "totalvbt" : 1262.7,
  "totalNop" : 1.0,
  "totqty" : 4.0,
  "paymentMode" : "Cash",
  "phone" : null
}