{
  "invoiceNo" : "000689",
  "date" : "28/05/2022",
  "cname" : "CASH A/C",
  "caddress" : null,
  "cgstno" : null,
  "items" : [ {
    "serialNo" : "1",
    "pname" : "P0 WLL 7 Xp Long Life 7",
    "hsn" : "320910",
    "pack" : "20.0 LTR",
    "nop" : 1,
    "qty" : 20.0,
    "rate" : 7627.1,
    "taxRt" : 18.0,
    "cgst" : 686.43,
    "sgst" : 686.43,
    "total" : 8999.0,
    "valBefTax" : 7627.1
  } ],
  "totalCgst" : 686.43,
  "totalSgst" : 686.43,
  "total" : 8999.0,
  "totalvbt" : 7627.1,
  "totalNop" : 1.0,
  "totqty" : 20.0,
  "paymentMode" : "Cash",
  "phone" : null
}