{
  "invoiceNo" : "000646",
  "date" : "25/05/2022",
  "cname" : "M SABHYASCHI",
  "caddress" : null,
  "cgstno" : null,
  "items" : [ {
    "serialNo" : "1",
    "pname" : "W1 EC C B Easy Clean Luxur",
    "hsn" : "320910",
    "pack" : "0.9 LT",
    "nop" : 1,
    "qty" : 0.9,
    "rate" : 381.35,
    "taxRt" : 18.0,
    "cgst" : 34.32,
    "sgst" : 34.32,
    "total" : 449.0,
    "valBefTax" : 381.35
  } ],
  "totalCgst" : 34.32,
  "totalSgst" : 34.32,
  "total" : 449.0,
  "totalvbt" : 381.35,
  "totalNop" : 1.0,
  "totqty" : 0.9,
  "paymentMode" : "Credit"
}