{
  "invoiceNo" : "000698",
  "date" : "29/05/2022",
  "cname" : "CASH A/C",
  "caddress" : null,
  "cgstno" : null,
  "items" : [ {
    "serialNo" : "1",
    "pname" : "PARROT WOOD PRIMER Wood  Primer Solvent",
    "hsn" : "320890",
    "pack" : "0.5 LT",
    "nop" : 1,
    "qty" : 0.5,
    "rate" : 101.69,
    "taxRt" : 18.0,
    "cgst" : 9.15,
    "sgst" : 9.15,
    "total" : 119.0,
    "valBefTax" : 101.69
  } ],
  "totalCgst" : 9.15,
  "totalSgst" : 9.15,
  "total" : 119.0,
  "totalvbt" : 101.69,
  "totalNop" : 1.0,
  "totqty" : 0.5,
  "paymentMode" : "Cash"
}