{
  "invoiceNo" : "000620",
  "date" : "24/05/2022",
  "cname" : "CASH A/C",
  "caddress" : null,
  "cgstno" : null,
  "items" : [ {
    "serialNo" : "1",
    "pname" : "P0 SLK C B Silk Luxury Emul",
    "hsn" : "320910",
    "pack" : "1.0 LT",
    "nop" : 1,
    "qty" : 1.0,
    "rate" : 487.28,
    "taxRt" : 18.0,
    "cgst" : 43.86,
    "sgst" : 43.86,
    "total" : 575.0,
    "valBefTax" : 487.28
  }, {
    "serialNo" : "2",
    "pname" : "P0 SLK GLOW Silk Glow",
    "hsn" : "320910",
    "pack" : "1.0 LTR",
    "nop" : 3,
    "qty" : 3.0,
    "rate" : 495.76,
    "taxRt" : 18.0,
    "cgst" : 133.86,
    "sgst" : 133.86,
    "total" : 1754.0,
    "valBefTax" : 1487.28
  }, {
    "serialNo" : "3",
    "pname" : "N2 SLK GLOW Silk Glow",
    "hsn" : "320910",
    "pack" : "0.9 LTR",
    "nop" : 1,
    "qty" : 0.9,
    "rate" : 541.52,
    "taxRt" : 18.0,
    "cgst" : 48.74,
    "sgst" : 48.74,
    "total" : 639.0,
    "valBefTax" : 541.52
  } ],
  "totalCgst" : 226.46,
  "totalSgst" : 226.46,
  "total" : 2968.0,
  "totalvbt" : 2516.08,
  "totalNop" : 5.0,
  "totqty" : 4.9,
  "paymentMode" : "Cash",
  "phone" : null
}