{
  "invoiceNo" : "000694",
  "date" : "29/05/2022",
  "cname" : "CASH A/C",
  "caddress" : null,
  "cgstno" : null,
  "items" : [ {
    "serialNo" : "1",
    "pname" : "P0 RTC C B Rangoli Total Ca",
    "hsn" : "320910",
    "pack" : "1.0 LT",
    "nop" : 2,
    "qty" : 2.0,
    "rate" : 293.22,
    "taxRt" : 18.0,
    "cgst" : 52.78,
    "sgst" : 52.78,
    "total" : 692.0,
    "valBefTax" : 586.44
  }, {
    "serialNo" : "2",
    "pname" : "BUS GREEN Luxol High Gloss Ena",
    "hsn" : "320890",
    "pack" : "4.0 LTR",
    "nop" : 1,
    "qty" : 4.0,
    "rate" : 889.82,
    "taxRt" : 18.0,
    "cgst" : 80.08,
    "sgst" : 80.08,
    "total" : 1049.0,
    "valBefTax" : 889.82
  } ],
  "totalCgst" : 132.86,
  "totalSgst" : 132.86,
  "total" : 1741.0,
  "totalvbt" : 1476.26,
  "totalNop" : 3.0,
  "totqty" : 6.0,
  "paymentMode" : "Cash"
}