{
  "invoiceNo" : "000610",
  "date" : "23/05/2022",
  "cname" : "CASH A/C",
  "caddress" : null,
  "cgstno" : null,
  "items" : [ {
    "serialNo" : "1",
    "pname" : "100 NO 4 Handy Sheet",
    "hsn" : "68051010",
    "pack" : "1.0 PCS",
    "nop" : 4,
    "qty" : 4.0,
    "rate" : 8.47,
    "taxRt" : 18.0,
    "cgst" : 3.04,
    "sgst" : 3.04,
    "total" : 40.0,
    "valBefTax" : 33.88
  }, {
    "serialNo" : "2",
    "pname" : "ZINC CHR YLW MTL PRI Metal Primer Solvent",
    "hsn" : "320890",
    "pack" : "1.0 LTR",
    "nop" : 3,
    "qty" : 3.0,
    "rate" : 203.39,
    "taxRt" : 18.0,
    "cgst" : 54.9,
    "sgst" : 54.9,
    "total" : 719.0,
    "valBefTax" : 610.17
  }, {
    "serialNo" : "3",
    "pname" : "SALVALINE ALUMINIUM Aliminium Paint",
    "hsn" : "320890",
    "pack" : "0.5 LTR",
    "nop" : 4,
    "qty" : 2.0,
    "rate" : 169.49,
    "taxRt" : 18.0,
    "cgst" : 61.0,
    "sgst" : 61.0,
    "total" : 800.0,
    "valBefTax" : 677.96
  }, {
    "serialNo" : "4",
    "pname" : "GP THINNER Thinners",
    "hsn" : "320810",
    "pack" : "1.0 LTR",
    "nop" : 2,
    "qty" : 2.0,
    "rate" : 101.69,
    "taxRt" : 18.0,
    "cgst" : 18.3,
    "sgst" : 18.3,
    "total" : 239.0,
    "valBefTax" : 203.38
  } ],
  "totalCgst" : 137.24,
  "totalSgst" : 137.24,
  "total" : 1798.0,
  "totalvbt" : 1525.39,
  "totalNop" : 13.0,
  "totqty" : 11.0,
  "paymentMode" : "Cash",
  "phone" : null
}