{
  "invoiceNo" : "000661",
  "date" : "26/05/2022",
  "cname" : "CASH A/C",
  "caddress" : null,
  "cgstno" : null,
  "items" : [ {
    "serialNo" : "1",
    "pname" : "YLW LUXOL XTRA C B Luxol Xtra Ename",
    "hsn" : "320890",
    "pack" : "0.95 LTR",
    "nop" : 1,
    "qty" : 0.95,
    "rate" : 262.71,
    "taxRt" : 18.0,
    "cgst" : 23.64,
    "sgst" : 23.64,
    "total" : 309.0,
    "valBefTax" : 262.71
  }, {
    "serialNo" : "2",
    "pname" : "DAMPSTOP Construction Chemica",
    "hsn" : "400211",
    "pack" : "2.0 KG",
    "nop" : 1,
    "qty" : 2.0,
    "rate" : 394.06,
    "taxRt" : 18.0,
    "cgst" : 35.47,
    "sgst" : 35.47,
    "total" : 465.0,
    "valBefTax" : 394.06
  }, {
    "serialNo" : "3",
    "pname" : "FAST RED Unitint",
    "hsn" : "321390",
    "pack" : "0.05 LTR",
    "nop" : 1,
    "qty" : 0.05,
    "rate" : 42.37,
    "taxRt" : 18.0,
    "cgst" : 3.81,
    "sgst" : 3.81,
    "total" : 49.0,
    "valBefTax" : 42.37
  }, {
    "serialNo" : "4",
    "pname" : "F RED NEW Luxol Universal Stai",
    "hsn" : "321390",
    "pack" : "0.1 LTR",
    "nop" : 1,
    "qty" : 0.1,
    "rate" : 76.27,
    "taxRt" : 18.0,
    "cgst" : 6.86,
    "sgst" : 6.86,
    "total" : 89.0,
    "valBefTax" : 76.27
  }, {
    "serialNo" : "5",
    "pname" : "BLACK LHG Luxol High Gloss Ena",
    "hsn" : "320890",
    "pack" : "0.5 LT",
    "nop" : 1,
    "qty" : 0.5,
    "rate" : 127.12,
    "taxRt" : 18.0,
    "cgst" : 11.44,
    "sgst" : 11.44,
    "total" : 150.0,
    "valBefTax" : 127.12
  }, {
    "serialNo" : "6",
    "pname" : "BLACK GLOSSY Spray Paint",
    "hsn" : "32089090",
    "pack" : "0.4 LTR",
    "nop" : 1,
    "qty" : 0.4,
    "rate" : 161.02,
    "taxRt" : 18.0,
    "cgst" : 14.49,
    "sgst" : 14.49,
    "total" : 190.0,
    "valBefTax" : 161.02
  } ],
  "totalCgst" : 95.71,
  "totalSgst" : 95.71,
  "total" : 1252.0,
  "totalvbt" : 1063.55,
  "totalNop" : 6.0,
  "totqty" : 4.0,
  "paymentMode" : "Cash",
  "phone" : null
}