{
  "invoiceNo" : "000611",
  "date" : "23/05/2022",
  "cname" : "CASH A/C",
  "caddress" : null,
  "cgstno" : null,
  "items" : [ {
    "serialNo" : "1",
    "pname" : "DAMPSTOP Construction Chemica",
    "hsn" : "400211",
    "pack" : "2.0 KG",
    "nop" : 1,
    "qty" : 2.0,
    "rate" : 381.35,
    "taxRt" : 18.0,
    "cgst" : 34.32,
    "sgst" : 34.32,
    "total" : 449.0,
    "valBefTax" : 381.35
  } ],
  "totalCgst" : 34.32,
  "totalSgst" : 34.32,
  "total" : 449.0,
  "totalvbt" : 381.35,
  "totalNop" : 1.0,
  "totqty" : 2.0,
  "paymentMode" : "Cash"
}