{
  "invoiceNo" : "000651",
  "date" : "25/05/2022",
  "cname" : "KALIM ENTERPRISE",
  "caddress" : "VIL&PO GHUNI KOL 157",
  "cgstno" : null,
  "items" : [ {
    "serialNo" : "1",
    "pname" : "N2 EC C B Easy Clean Luxur",
    "hsn" : "320910",
    "pack" : "0.9 LT",
    "nop" : 1,
    "qty" : 0.9,
    "rate" : 403.39,
    "taxRt" : 18.0,
    "cgst" : 36.3,
    "sgst" : 36.3,
    "total" : 475.0,
    "valBefTax" : 403.39
  }, {
    "serialNo" : "2",
    "pname" : "GOLD MTLK illusion Designer Fi",
    "hsn" : "320910",
    "pack" : "1.0 LT",
    "nop" : 1,
    "qty" : 1.0,
    "rate" : 694.91,
    "taxRt" : 18.0,
    "cgst" : 62.54,
    "sgst" : 62.54,
    "total" : 819.0,
    "valBefTax" : 694.91
  }, {
    "serialNo" : "3",
    "pname" : "GOLD MTLK illusion Designer Fi",
    "hsn" : "320910",
    "pack" : "0.2 LT",
    "nop" : 2,
    "qty" : 0.4,
    "rate" : 156.78,
    "taxRt" : 18.0,
    "cgst" : 28.22,
    "sgst" : 28.22,
    "total" : 370.0,
    "valBefTax" : 313.56
  }, {
    "serialNo" : "4",
    "pname" : "N2 EC C B Easy Clean Luxur",
    "hsn" : "320910",
    "pack" : "0.9 LT",
    "nop" : 1,
    "qty" : 0.9,
    "rate" : 440.67,
    "taxRt" : 18.0,
    "cgst" : 39.66,
    "sgst" : 39.66,
    "total" : 519.0,
    "valBefTax" : 440.67
  } ],
  "totalCgst" : 166.72,
  "totalSgst" : 166.72,
  "total" : 2183.0,
  "totalvbt" : 1852.53,
  "totalNop" : 5.0,
  "totqty" : 3.2,
  "paymentMode" : "Credit"
}