{
  "invoiceNo" : "000647",
  "date" : "25/05/2022",
  "cname" : "CASH A/C",
  "caddress" : null,
  "cgstno" : null,
  "items" : [ {
    "serialNo" : "1",
    "pname" : "10MM CRACKFILLER Aqua Tech Waterproof",
    "hsn" : "32091010",
    "pack" : "0.5 KGS",
    "nop" : 1,
    "qty" : 0.5,
    "rate" : 152.54,
    "taxRt" : 18.0,
    "cgst" : 13.73,
    "sgst" : 13.73,
    "total" : 180.0,
    "valBefTax" : 152.54
  } ],
  "totalCgst" : 13.73,
  "totalSgst" : 13.73,
  "total" : 180.0,
  "totalvbt" : 152.54,
  "totalNop" : 1.0,
  "totqty" : 0.5,
  "paymentMode" : "Cash",
  "phone" : null
}