{
  "invoiceNo" : "000606",
  "date" : "22/05/2022",
  "cname" : "M SABHYASCHI",
  "caddress" : null,
  "cgstno" : null,
  "items" : [ {
    "serialNo" : "1",
    "pname" : "BLACK LHG Luxol High Gloss Ena",
    "hsn" : "320890",
    "pack" : "4.0 LT",
    "nop" : 1,
    "qty" : 4.0,
    "rate" : 889.82,
    "taxRt" : 18.0,
    "cgst" : 80.08,
    "sgst" : 80.08,
    "total" : 1049.0,
    "valBefTax" : 889.82
  }, {
    "serialNo" : "2",
    "pname" : "GOLD MTLK illusion Designer Fi",
    "hsn" : "320910",
    "pack" : "0.2 LT",
    "nop" : 1,
    "qty" : 0.2,
    "rate" : 156.78,
    "taxRt" : 18.0,
    "cgst" : 14.11,
    "sgst" : 14.11,
    "total" : 185.0,
    "valBefTax" : 156.78
  } ],
  "totalCgst" : 94.19,
  "totalSgst" : 94.19,
  "total" : 1234.0,
  "totalvbt" : 1046.6,
  "totalNop" : 2.0,
  "totqty" : 4.2,
  "paymentMode" : "Credit",
  "phone" : null
}