{
  "invoiceNo" : "000607",
  "date" : "22/05/2022",
  "cname" : "CASH A/C",
  "caddress" : null,
  "cgstno" : null,
  "items" : [ {
    "serialNo" : "1",
    "pname" : "SUP LATEX PLUS Construction Chemica",
    "hsn" : "400211",
    "pack" : "1.0 KG",
    "nop" : 1,
    "qty" : 1.0,
    "rate" : 279.66,
    "taxRt" : 18.0,
    "cgst" : 25.17,
    "sgst" : 25.17,
    "total" : 330.0,
    "valBefTax" : 279.66
  } ],
  "totalCgst" : 25.17,
  "totalSgst" : 25.17,
  "total" : 330.0,
  "totalvbt" : 279.66,
  "totalNop" : 1.0,
  "totqty" : 1.0,
  "paymentMode" : "Cash"
}