{
  "invoiceNo" : "000650",
  "date" : "25/05/2022",
  "cname" : "M RAJU BISWAS",
  "caddress" : null,
  "cgstno" : null,
  "items" : [ {
    "serialNo" : "1",
    "pname" : "P0 EC C B Easy Clean Luxur",
    "hsn" : "320910",
    "pack" : "1.0 LT",
    "nop" : 1,
    "qty" : 1.0,
    "rate" : 371.18,
    "taxRt" : 18.0,
    "cgst" : 33.41,
    "sgst" : 33.41,
    "total" : 438.0,
    "valBefTax" : 371.18
  }, {
    "serialNo" : "2",
    "pname" : "P0 EC C B Easy Clean Luxur",
    "hsn" : "320910",
    "pack" : "1.0 LT",
    "nop" : 1,
    "qty" : 1.0,
    "rate" : 371.18,
    "taxRt" : 18.0,
    "cgst" : 33.41,
    "sgst" : 33.41,
    "total" : 438.0,
    "valBefTax" : 371.18
  } ],
  "totalCgst" : 66.82,
  "totalSgst" : 66.82,
  "total" : 876.0,
  "totalvbt" : 742.36,
  "totalNop" : 2.0,
  "totqty" : 2.0,
  "paymentMode" : "Credit",
  "phone" : null
}