{
  "invoiceNo" : "000704",
  "date" : "30/05/2022",
  "cname" : "CASH A/C",
  "caddress" : null,
  "cgstno" : null,
  "items" : [ {
    "serialNo" : "1",
    "pname" : "LACQUER CLEAR Abro",
    "hsn" : "32082090",
    "pack" : "1.0 PCS",
    "nop" : 1,
    "qty" : 1.0,
    "rate" : 161.02,
    "taxRt" : 18.0,
    "cgst" : 14.49,
    "sgst" : 14.49,
    "total" : 190.0,
    "valBefTax" : 161.02
  }, {
    "serialNo" : "2",
    "pname" : "YLW WLL 8 Wll Flexo",
    "hsn" : "320910",
    "pack" : "0.9 LTR",
    "nop" : 1,
    "qty" : 0.9,
    "rate" : 504.23,
    "taxRt" : 18.0,
    "cgst" : 45.38,
    "sgst" : 45.38,
    "total" : 594.0,
    "valBefTax" : 504.23
  }, {
    "serialNo" : "3",
    "pname" : "FIRE RED Unitint",
    "hsn" : "32139000",
    "pack" : "0.05 LTR",
    "nop" : 1,
    "qty" : 0.05,
    "rate" : 33.05,
    "taxRt" : 18.0,
    "cgst" : 2.97,
    "sgst" : 2.97,
    "total" : 38.0,
    "valBefTax" : 33.05
  }, {
    "serialNo" : "4",
    "pname" : "220 NO Wet & Dry Sandpaper",
    "hsn" : "680510",
    "pack" : "1.0 PCS",
    "nop" : 1,
    "qty" : 1.0,
    "rate" : 13.56,
    "taxRt" : 18.0,
    "cgst" : 1.22,
    "sgst" : 1.22,
    "total" : 16.0,
    "valBefTax" : 13.56
  } ],
  "totalCgst" : 64.06,
  "totalSgst" : 64.06,
  "total" : 838.0,
  "totalvbt" : 711.86,
  "totalNop" : 4.0,
  "totqty" : 2.95,
  "paymentMode" : "Cash"
}