{
  "invoiceNo" : "000769",
  "date" : "04/06/2022",
  "cname" : "CASH A/C",
  "caddress" : null,
  "cgstno" : null,
  "items" : [ {
    "serialNo" : "1",
    "pname" : "WT C B Machine Colouran",
    "hsn" : "321390",
    "pack" : "1.0 LTR",
    "nop" : 1,
    "qty" : 1.0,
    "rate" : 0.85,
    "taxRt" : 18.0,
    "cgst" : 0.08,
    "sgst" : 0.08,
    "total" : 1.0,
    "valBefTax" : 0.85
  }, {
    "serialNo" : "2",
    "pname" : "LM C B Machine Colouran",
    "hsn" : "321390",
    "pack" : "1.0 LTR",
    "nop" : 1,
    "qty" : 1.0,
    "rate" : 15.25,
    "taxRt" : 18.0,
    "cgst" : 1.37,
    "sgst" : 1.37,
    "total" : 17.0,
    "valBefTax" : 15.25
  }, {
    "serialNo" : "3",
    "pname" : "NS C B Machine Colouran",
    "hsn" : "321390",
    "pack" : "1.0 LTR",
    "nop" : 1,
    "qty" : 1.0,
    "rate" : 8.47,
    "taxRt" : 18.0,
    "cgst" : 0.76,
    "sgst" : 0.76,
    "total" : 9.0,
    "valBefTax" : 8.47
  }, {
    "serialNo" : "4",
    "pname" : "OR C B Machine Colouran",
    "hsn" : "321390",
    "pack" : "1.0 LTR",
    "nop" : 1,
    "qty" : 1.0,
    "rate" : 8.47,
    "taxRt" : 18.0,
    "cgst" : 0.76,
    "sgst" : 0.76,
    "total" : 9.0,
    "valBefTax" : 8.47
  }, {
    "serialNo" : "5",
    "pname" : "RE C B Machine Colouran",
    "hsn" : "321390",
    "pack" : "1.0 LTR",
    "nop" : 1,
    "qty" : 1.0,
    "rate" : 8.47,
    "taxRt" : 18.0,
    "cgst" : 0.76,
    "sgst" : 0.76,
    "total" : 9.0,
    "valBefTax" : 8.47
  }, {
    "serialNo" : "6",
    "pname" : "SP C B Machine Colouran",
    "hsn" : "321390",
    "pack" : "1.0 LTR",
    "nop" : 1,
    "qty" : 1.0,
    "rate" : 0.85,
    "taxRt" : 18.0,
    "cgst" : 0.08,
    "sgst" : 0.08,
    "total" : 1.0,
    "valBefTax" : 0.85
  }, {
    "serialNo" : "7",
    "pname" : "RD C B Machine Colouran",
    "hsn" : "321390",
    "pack" : "1.0 LTR",
    "nop" : 1,
    "qty" : 1.0,
    "rate" : 13.56,
    "taxRt" : 18.0,
    "cgst" : 1.22,
    "sgst" : 1.22,
    "total" : 16.0,
    "valBefTax" : 13.56
  }, {
    "serialNo" : "8",
    "pname" : "MG C B Machine Colouran",
    "hsn" : "321390",
    "pack" : "1.0 LTR",
    "nop" : 1,
    "qty" : 1.0,
    "rate" : 11.02,
    "taxRt" : 18.0,
    "cgst" : 0.99,
    "sgst" : 0.99,
    "total" : 13.0,
    "valBefTax" : 11.02
  }, {
    "serialNo" : "9",
    "pname" : "VB C B Machine Colouran",
    "hsn" : "321390",
    "pack" : "1.0 LTR",
    "nop" : 1,
    "qty" : 1.0,
    "rate" : 8.47,
    "taxRt" : 18.0,
    "cgst" : 0.76,
    "sgst" : 0.76,
    "total" : 9.0,
    "valBefTax" : 8.47
  }, {
    "serialNo" : "10",
    "pname" : "GC C B Machine Colouran",
    "hsn" : "321390",
    "pack" : "1.0 LTR",
    "nop" : 1,
    "qty" : 1.0,
    "rate" : 12.71,
    "taxRt" : 18.0,
    "cgst" : 1.14,
    "sgst" : 1.14,
    "total" : 14.0,
    "valBefTax" : 12.71
  }, {
    "serialNo" : "11",
    "pname" : "GF C B Machine Colouran",
    "hsn" : "321390",
    "pack" : "1.0 LTR",
    "nop" : 1,
    "qty" : 1.0,
    "rate" : 13.56,
    "taxRt" : 18.0,
    "cgst" : 1.22,
    "sgst" : 1.22,
    "total" : 16.0,
    "valBefTax" : 13.56
  }, {
    "serialNo" : "12",
    "pname" : "BR C B Machine Colouran",
    "hsn" : "321390",
    "pack" : "1.0 LTR",
    "nop" : 1,
    "qty" : 1.0,
    "rate" : 8.47,
    "taxRt" : 18.0,
    "cgst" : 0.76,
    "sgst" : 0.76,
    "total" : 9.0,
    "valBefTax" : 8.47
  }, {
    "serialNo" : "13",
    "pname" : "NT C B Machine Colouran",
    "hsn" : "321390",
    "pack" : "1.0 LTR",
    "nop" : 1,
    "qty" : 1.0,
    "rate" : 12.71,
    "taxRt" : 18.0,
    "cgst" : 1.14,
    "sgst" : 1.14,
    "total" : 14.0,
    "valBefTax" : 12.71
  } ],
  "totalCgst" : 11.04,
  "totalSgst" : 11.04,
  "total" : 137.0,
  "totalvbt" : 122.86,
  "totalNop" : 13.0,
  "totqty" : 13.0,
  "paymentMode" : "Cash"
}