{
  "invoiceNo" : "000739",
  "date" : "02/06/2022",
  "cname" : "CASH A/C",
  "caddress" : null,
  "cgstno" : null,
  "items" : [ {
    "serialNo" : "1",
    "pname" : "P0 BISON XP C B Xp Bison Emulsio",
    "hsn" : "320910",
    "pack" : "1.0 LT",
    "nop" : 2,
    "qty" : 2.0,
    "rate" : 168.64,
    "taxRt" : 18.0,
    "cgst" : 30.36,
    "sgst" : 30.36,
    "total" : 398.0,
    "valBefTax" : 337.28
  } ],
  "totalCgst" : 30.36,
  "totalSgst" : 30.36,
  "total" : 398.0,
  "totalvbt" : 337.28,
  "totalNop" : 2.0,
  "totqty" : 2.0,
  "paymentMode" : "Cash"
}