{
  "invoiceNo" : "000735",
  "date" : "01/06/2022",
  "cname" : "CASH A/C",
  "caddress" : null,
  "cgstno" : null,
  "items" : [ {
    "serialNo" : "1",
    "pname" : "94 ELASTO AMBIANCE Elastoglo Ambiance",
    "hsn" : "32091010",
    "pack" : "0.9 LTR",
    "nop" : 1,
    "qty" : 0.9,
    "rate" : 584.74,
    "taxRt" : 18.0,
    "cgst" : 52.63,
    "sgst" : 52.63,
    "total" : 690.0,
    "valBefTax" : 584.74
  } ],
  "totalCgst" : 52.63,
  "totalSgst" : 52.63,
  "total" : 690.0,
  "totalvbt" : 584.74,
  "totalNop" : 1.0,
  "totqty" : 0.9,
  "paymentMode" : "Cash",
  "phone" : null
}