{
  "invoiceNo" : "000763",
  "date" : "04/06/2022",
  "cname" : "KALIM ENTERPRISE",
  "caddress" : "VIL&PO GHUNI KOL 157",
  "cgstno" : null,
  "items" : [ {
    "serialNo" : "1",
    "pname" : "TILEGROUT WHITE Construction Chemica",
    "hsn" : "382410",
    "pack" : "1.0 KG",
    "nop" : 1,
    "qty" : 1.0,
    "rate" : 59.32,
    "taxRt" : 18.0,
    "cgst" : 5.34,
    "sgst" : 5.34,
    "total" : 70.0,
    "valBefTax" : 59.32
  } ],
  "totalCgst" : 5.34,
  "totalSgst" : 5.34,
  "total" : 70.0,
  "totalvbt" : 59.32,
  "totalNop" : 1.0,
  "totqty" : 1.0,
  "paymentMode" : "Credit",
  "phone" : null
}