{
  "invoiceNo" : "000702",
  "date" : "29/05/2022",
  "cname" : "KALIM ENTERPRISE",
  "caddress" : "VIL&PO GHUNI KOL 157",
  "cgstno" : null,
  "items" : [ {
    "serialNo" : "1",
    "pname" : "BLACK LHG Luxol High Gloss Ena",
    "hsn" : "320890",
    "pack" : "1.0 LT",
    "nop" : 1,
    "qty" : 1.0,
    "rate" : 228.81,
    "taxRt" : 18.0,
    "cgst" : 20.59,
    "sgst" : 20.59,
    "total" : 269.0,
    "valBefTax" : 228.81
  }, {
    "serialNo" : "2",
    "pname" : "W1 EC C B Easy Clean Luxur",
    "hsn" : "320910",
    "pack" : "0.9 LT",
    "nop" : 1,
    "qty" : 0.9,
    "rate" : 410.17,
    "taxRt" : 18.0,
    "cgst" : 36.91,
    "sgst" : 36.91,
    "total" : 483.0,
    "valBefTax" : 410.17
  }, {
    "serialNo" : "3",
    "pname" : "N2 GLMR C B Xp Silk Glamour",
    "hsn" : "320910",
    "pack" : "0.9 LT",
    "nop" : 1,
    "qty" : 0.9,
    "rate" : 537.28,
    "taxRt" : 18.0,
    "cgst" : 48.36,
    "sgst" : 48.36,
    "total" : 634.0,
    "valBefTax" : 537.28
  }, {
    "serialNo" : "4",
    "pname" : "YLW GLMR C B Xp Silk Glamour",
    "hsn" : "320910",
    "pack" : "0.9 LT",
    "nop" : 1,
    "qty" : 0.9,
    "rate" : 574.57,
    "taxRt" : 18.0,
    "cgst" : 51.71,
    "sgst" : 51.71,
    "total" : 677.0,
    "valBefTax" : 574.57
  } ],
  "totalCgst" : 157.57,
  "totalSgst" : 157.57,
  "total" : 2063.0,
  "totalvbt" : 1750.83,
  "totalNop" : 4.0,
  "totqty" : 3.7,
  "paymentMode" : "Credit"
}