{
  "invoiceNo" : "000714",
  "date" : "30/05/2022",
  "cname" : "M SABHYASCHI",
  "caddress" : null,
  "cgstno" : null,
  "items" : [ {
    "serialNo" : "1",
    "pname" : "BUTTERFLY AC METAL Metal Primer Solvent",
    "hsn" : "320890",
    "pack" : "1.0 LT",
    "nop" : 1,
    "qty" : 1.0,
    "rate" : 186.44,
    "taxRt" : 18.0,
    "cgst" : 16.78,
    "sgst" : 16.78,
    "total" : 220.0,
    "valBefTax" : 186.44
  }, {
    "serialNo" : "2",
    "pname" : "W2 7IN1 Luxol-7-in-1 Base",
    "hsn" : "320890",
    "pack" : "0.95 LTR",
    "nop" : 1,
    "qty" : 0.95,
    "rate" : 350.84,
    "taxRt" : 18.0,
    "cgst" : 31.58,
    "sgst" : 31.58,
    "total" : 414.0,
    "valBefTax" : 350.84
  }, {
    "serialNo" : "3",
    "pname" : "W2 7IN1 Luxol-7-in-1 Base",
    "hsn" : "320890",
    "pack" : "3.8 LTR",
    "nop" : 1,
    "qty" : 3.8,
    "rate" : 1271.2,
    "taxRt" : 18.0,
    "cgst" : 114.41,
    "sgst" : 114.41,
    "total" : 1500.0,
    "valBefTax" : 1271.2
  }, {
    "serialNo" : "4",
    "pname" : "GP THINNER Thinners",
    "hsn" : "320810",
    "pack" : "1.0 LTR",
    "nop" : 2,
    "qty" : 2.0,
    "rate" : 101.69,
    "taxRt" : 18.0,
    "cgst" : 18.3,
    "sgst" : 18.3,
    "total" : 239.0,
    "valBefTax" : 203.38
  } ],
  "totalCgst" : 181.07,
  "totalSgst" : 181.07,
  "total" : 2373.0,
  "totalvbt" : 2011.86,
  "totalNop" : 5.0,
  "totqty" : 7.75,
  "paymentMode" : "Credit"
}