{
  "invoiceNo" : "000759",
  "date" : "04/06/2022",
  "cname" : "CASH A/C",
  "caddress" : null,
  "cgstno" : null,
  "items" : [ {
    "serialNo" : "1",
    "pname" : "QD PRIMER GREY LUXOL Qd Primer",
    "hsn" : "320890",
    "pack" : "4.0 LTR",
    "nop" : 1,
    "qty" : 4.0,
    "rate" : 1203.4,
    "taxRt" : 18.0,
    "cgst" : 108.3,
    "sgst" : 108.3,
    "total" : 1419.0,
    "valBefTax" : 1203.4
  } ],
  "totalCgst" : 108.3,
  "totalSgst" : 108.3,
  "total" : 1419.0,
  "totalvbt" : 1203.4,
  "totalNop" : 1.0,
  "totqty" : 4.0,
  "paymentMode" : "Cash",
  "phone" : null
}