{
  "invoiceNo" : "000749",
  "date" : "02/06/2022",
  "cname" : "KALIM ENTERPRISE",
  "caddress" : "VIL&PO GHUNI KOL 157",
  "cgstno" : null,
  "items" : [ {
    "serialNo" : "1",
    "pname" : "WCOAT EXT PRIMER Exterior Wall Primer",
    "hsn" : "320910",
    "pack" : "1.0 LT",
    "nop" : 2,
    "qty" : 2.0,
    "rate" : 161.02,
    "taxRt" : 18.0,
    "cgst" : 28.98,
    "sgst" : 28.98,
    "total" : 379.0,
    "valBefTax" : 322.04
  }, {
    "serialNo" : "2",
    "pname" : "BUTTERFLY AC METAL Metal Primer Solvent",
    "hsn" : "320890",
    "pack" : "1.0 LT",
    "nop" : 2,
    "qty" : 2.0,
    "rate" : 186.44,
    "taxRt" : 18.0,
    "cgst" : 33.56,
    "sgst" : 33.56,
    "total" : 440.0,
    "valBefTax" : 372.88
  }, {
    "serialNo" : "3",
    "pname" : "GP THINNER Thinners",
    "hsn" : "320810",
    "pack" : "1.0 LTR",
    "nop" : 2,
    "qty" : 2.0,
    "rate" : 101.69,
    "taxRt" : 18.0,
    "cgst" : 18.3,
    "sgst" : 18.3,
    "total" : 239.0,
    "valBefTax" : 203.38
  } ],
  "totalCgst" : 80.84,
  "totalSgst" : 80.84,
  "total" : 1058.0,
  "totalvbt" : 898.3,
  "totalNop" : 6.0,
  "totqty" : 6.0,
  "paymentMode" : "Credit"
}