{
  "invoiceNo" : "000753",
  "date" : "03/06/2022",
  "cname" : "GEMTECH (INDIA)",
  "caddress" : "81/2, MAHAJATI NAGAR, BIRATI, KOLKATA-700051",
  "cgstno" : null,
  "items" : [ {
    "serialNo" : "1",
    "pname" : "P O RED Floor Coat Emulsion",
    "hsn" : "32091090",
    "pack" : "10.0 LTR",
    "nop" : 3,
    "qty" : 30.0,
    "rate" : 4266.9,
    "taxRt" : 18.0,
    "cgst" : 1152.06,
    "sgst" : 1152.06,
    "total" : 15104.0,
    "valBefTax" : 12800.7
  }, {
    "serialNo" : "2",
    "pname" : "PAVER GREY Floor Coat Emulsion",
    "hsn" : "32091090",
    "pack" : "10.0 LTR",
    "nop" : 3,
    "qty" : 30.0,
    "rate" : 4266.9,
    "taxRt" : 18.0,
    "cgst" : 1152.06,
    "sgst" : 1152.06,
    "total" : 15104.0,
    "valBefTax" : 12800.7
  } ],
  "totalCgst" : 2304.12,
  "totalSgst" : 2304.12,
  "total" : 30208.0,
  "totalvbt" : 25601.4,
  "totalNop" : 6.0,
  "totqty" : 60.0,
  "paymentMode" : "Credit"
}