{
  "invoiceNo" : "000779",
  "date" : "06/06/2022",
  "cname" : "CASH A/C",
  "caddress" : null,
  "cgstno" : null,
  "items" : [ {
    "serialNo" : "1",
    "pname" : "TRUCK BROWN Luxol High Gloss Ena",
    "hsn" : "320890",
    "pack" : "0.5 LT",
    "nop" : 1,
    "qty" : 0.5,
    "rate" : 74.73,
    "taxRt" : 18.0,
    "cgst" : 6.73,
    "sgst" : 6.73,
    "total" : 88.0,
    "valBefTax" : 74.73
  }, {
    "serialNo" : "2",
    "pname" : "BLACK LHG Luxol High Gloss Ena",
    "hsn" : "320890",
    "pack" : "1.0 LT",
    "nop" : 3,
    "qty" : 3.0,
    "rate" : 74.73,
    "taxRt" : 18.0,
    "cgst" : 20.19,
    "sgst" : 20.19,
    "total" : 264.0,
    "valBefTax" : 224.19
  }, {
    "serialNo" : "3",
    "pname" : "BUTTERFLY AC METAL Metal Primer Solvent",
    "hsn" : "320890",
    "pack" : "1.0 LT",
    "nop" : 1,
    "qty" : 1.0,
    "rate" : 112.71,
    "taxRt" : 18.0,
    "cgst" : 10.14,
    "sgst" : 10.14,
    "total" : 132.0,
    "valBefTax" : 112.71
  }, {
    "serialNo" : "4",
    "pname" : "150 NO Wet & Dry Sandpaper",
    "hsn" : "680510",
    "pack" : "1.0 PCS",
    "nop" : 4,
    "qty" : 4.0,
    "rate" : 14.41,
    "taxRt" : 18.0,
    "cgst" : 5.2,
    "sgst" : 5.2,
    "total" : 68.0,
    "valBefTax" : 57.64
  }, {
    "serialNo" : "5",
    "pname" : "120 NO Wet & Dry Sandpaper",
    "hsn" : "680510",
    "pack" : "1.0 PCS",
    "nop" : 4,
    "qty" : 4.0,
    "rate" : 14.41,
    "taxRt" : 18.0,
    "cgst" : 5.2,
    "sgst" : 5.2,
    "total" : 68.0,
    "valBefTax" : 57.64
  } ],
  "totalCgst" : 47.46,
  "totalSgst" : 47.46,
  "total" : 620.0,
  "totalvbt" : 526.91,
  "totalNop" : 13.0,
  "totqty" : 12.5,
  "paymentMode" : "Cash"
}