{
  "invoiceNo" : "000713",
  "date" : "30/05/2022",
  "cname" : "CASH A/C",
  "caddress" : null,
  "cgstno" : null,
  "items" : [ {
    "serialNo" : "1",
    "pname" : "BIRLA WALL CARE PUTT Wallcare Putty Fine",
    "hsn" : "32141000",
    "pack" : "40.0 KGS",
    "nop" : 1,
    "qty" : 40.0,
    "rate" : 635.59,
    "taxRt" : 18.0,
    "cgst" : 57.2,
    "sgst" : 57.2,
    "total" : 749.0,
    "valBefTax" : 635.59
  }, {
    "serialNo" : "2",
    "pname" : "WHITE CEMENT White Cement",
    "hsn" : "25232100",
    "pack" : "1.0 KGS",
    "nop" : 1,
    "qty" : 1.0,
    "rate" : 27.34,
    "taxRt" : 28.0,
    "cgst" : 3.83,
    "sgst" : 3.83,
    "total" : 35.0,
    "valBefTax" : 27.34
  }, {
    "serialNo" : "3",
    "pname" : "PARROT WOOD PRIMER Wood  Primer Solvent",
    "hsn" : "320890",
    "pack" : "0.5 LT",
    "nop" : 1,
    "qty" : 0.5,
    "rate" : 101.69,
    "taxRt" : 18.0,
    "cgst" : 9.15,
    "sgst" : 9.15,
    "total" : 119.0,
    "valBefTax" : 101.69
  } ],
  "totalCgst" : 70.18,
  "totalSgst" : 70.18,
  "total" : 903.0,
  "totalvbt" : 764.62,
  "totalNop" : 3.0,
  "totqty" : 41.5,
  "paymentMode" : "Cash"
}