{
  "invoiceNo" : "000742",
  "date" : "02/06/2022",
  "cname" : "A B GROUP",
  "caddress" : "1/1 A BHOLA NATH PAUL ROAD KOL 700006",
  "cgstno" : null,
  "items" : [ {
    "serialNo" : "1",
    "pname" : "W1 BE SLK SHEEN Xp Slk Breathe Easy",
    "hsn" : "320910",
    "pack" : "0.9 LTR",
    "nop" : 1,
    "qty" : 0.9,
    "rate" : 583.05,
    "taxRt" : 18.0,
    "cgst" : 52.47,
    "sgst" : 52.47,
    "total" : 687.0,
    "valBefTax" : 583.05
  }, {
    "serialNo" : "2",
    "pname" : "320 BLACK WPP Water Paper",
    "hsn" : "68052010",
    "pack" : "1.0 PCS",
    "nop" : 6,
    "qty" : 6.0,
    "rate" : 13.56,
    "taxRt" : 18.0,
    "cgst" : 7.32,
    "sgst" : 7.32,
    "total" : 96.0,
    "valBefTax" : 81.36
  }, {
    "serialNo" : "3",
    "pname" : "P0 EC C B Easy Clean Luxur",
    "hsn" : "320910",
    "pack" : "10.0 LT",
    "nop" : 1,
    "qty" : 10.0,
    "rate" : 3610.1,
    "taxRt" : 18.0,
    "cgst" : 324.91,
    "sgst" : 324.91,
    "total" : 4259.0,
    "valBefTax" : 3610.1
  }, {
    "serialNo" : "4",
    "pname" : "2\" STANDARD Brushes",
    "hsn" : "960310",
    "pack" : "1.0 PCS",
    "nop" : 2,
    "qty" : 2.0,
    "rate" : 50.85,
    "taxRt" : 18.0,
    "cgst" : 9.16,
    "sgst" : 9.16,
    "total" : 119.0,
    "valBefTax" : 101.7
  } ],
  "totalCgst" : 393.86,
  "totalSgst" : 393.86,
  "total" : 5161.0,
  "totalvbt" : 4376.21,
  "totalNop" : 10.0,
  "totqty" : 18.9,
  "paymentMode" : "Credit"
}