{
  "invoiceNo" : "000719",
  "date" : "30/05/2022",
  "cname" : "CASH A/C",
  "caddress" : null,
  "cgstno" : null,
  "items" : [ {
    "serialNo" : "1",
    "pname" : "SUPER LATEX Dr Fixit Super Latex",
    "hsn" : "40021100",
    "pack" : "5.0 KGS",
    "nop" : 1,
    "qty" : 5.0,
    "rate" : 1313.6,
    "taxRt" : 18.0,
    "cgst" : 118.22,
    "sgst" : 118.22,
    "total" : 1549.0,
    "valBefTax" : 1313.6
  } ],
  "totalCgst" : 118.22,
  "totalSgst" : 118.22,
  "total" : 1549.0,
  "totalvbt" : 1313.6,
  "totalNop" : 1.0,
  "totqty" : 5.0,
  "paymentMode" : "Cash"
}