{
  "invoiceNo" : "000786",
  "date" : "06/06/2022",
  "cname" : "CASH A/C",
  "caddress" : null,
  "cgstno" : null,
  "items" : [ {
    "serialNo" : "1",
    "pname" : "PARROT WOOD PRIMER Wood  Primer Solvent",
    "hsn" : "320890",
    "pack" : "1.0 LT",
    "nop" : 1,
    "qty" : 1.0,
    "rate" : 190.68,
    "taxRt" : 18.0,
    "cgst" : 17.16,
    "sgst" : 17.16,
    "total" : 225.0,
    "valBefTax" : 190.68
  }, {
    "serialNo" : "2",
    "pname" : "BPCPWT Interior Wall Primer",
    "hsn" : "320910",
    "pack" : "10.0 LT",
    "nop" : 1,
    "qty" : 10.0,
    "rate" : 1228.8,
    "taxRt" : 18.0,
    "cgst" : 110.59,
    "sgst" : 110.59,
    "total" : 1449.0,
    "valBefTax" : 1228.8
  }, {
    "serialNo" : "3",
    "pname" : "F RED NEW Luxol Universal Stai",
    "hsn" : "321390",
    "pack" : "0.1 LTR",
    "nop" : 1,
    "qty" : 0.1,
    "rate" : 76.27,
    "taxRt" : 18.0,
    "cgst" : 6.86,
    "sgst" : 6.86,
    "total" : 89.0,
    "valBefTax" : 76.27
  }, {
    "serialNo" : "4",
    "pname" : "F BLUE Unitint",
    "hsn" : "32139000",
    "pack" : "0.1 LTR",
    "nop" : 1,
    "qty" : 0.1,
    "rate" : 67.8,
    "taxRt" : 18.0,
    "cgst" : 6.1,
    "sgst" : 6.1,
    "total" : 80.0,
    "valBefTax" : 67.8
  }, {
    "serialNo" : "5",
    "pname" : "100 NO Wet & Dry Sandpaper",
    "hsn" : "680510",
    "pack" : "1.0 PCS",
    "nop" : 4,
    "qty" : 4.0,
    "rate" : 14.41,
    "taxRt" : 18.0,
    "cgst" : 5.2,
    "sgst" : 5.2,
    "total" : 68.0,
    "valBefTax" : 57.64
  } ],
  "totalCgst" : 145.91,
  "totalSgst" : 145.91,
  "total" : 1911.0,
  "totalvbt" : 1621.19,
  "totalNop" : 8.0,
  "totqty" : 15.2,
  "paymentMode" : "Cash"
}