{
  "invoiceNo" : "000738",
  "date" : "02/06/2022",
  "cname" : "CASH A/C",
  "caddress" : null,
  "cgstno" : null,
  "items" : [ {
    "serialNo" : "1",
    "pname" : "P0 WLL 8' Wll Flexo",
    "hsn" : "320910",
    "pack" : "4.0 LTR",
    "nop" : 1,
    "qty" : 4.0,
    "rate" : 1901.7,
    "taxRt" : 18.0,
    "cgst" : 171.15,
    "sgst" : 171.15,
    "total" : 2243.0,
    "valBefTax" : 1901.7
  } ],
  "totalCgst" : 171.15,
  "totalSgst" : 171.15,
  "total" : 2243.0,
  "totalvbt" : 1901.7,
  "totalNop" : 1.0,
  "totqty" : 4.0,
  "paymentMode" : "Cash"
}