{
  "invoiceNo" : "000752",
  "date" : "02/06/2022",
  "cname" : "CASH A/C",
  "caddress" : null,
  "cgstno" : null,
  "items" : [ {
    "serialNo" : "1",
    "pname" : "WCOAT EXT PRIMER Exterior Wall Primer",
    "hsn" : "320910",
    "pack" : "1.0 LT",
    "nop" : 3,
    "qty" : 3.0,
    "rate" : 161.02,
    "taxRt" : 18.0,
    "cgst" : 43.47,
    "sgst" : 43.47,
    "total" : 569.0,
    "valBefTax" : 483.06
  } ],
  "totalCgst" : 43.47,
  "totalSgst" : 43.47,
  "total" : 569.0,
  "totalvbt" : 483.06,
  "totalNop" : 3.0,
  "totqty" : 3.0,
  "paymentMode" : "Cash"
}