{
  "invoiceNo" : "000718",
  "date" : "30/05/2022",
  "cname" : "CASH A/C",
  "caddress" : null,
  "cgstno" : null,
  "items" : [ {
    "serialNo" : "1",
    "pname" : "BLACK LHG Luxol High Gloss Ena",
    "hsn" : "320890",
    "pack" : "4.0 LT",
    "nop" : 1,
    "qty" : 4.0,
    "rate" : 881.35,
    "taxRt" : 18.0,
    "cgst" : 79.32,
    "sgst" : 79.32,
    "total" : 1039.0,
    "valBefTax" : 881.35
  }, {
    "serialNo" : "2",
    "pname" : "BROWN LHG Luxol High Gloss Ena",
    "hsn" : "320890",
    "pack" : "1.0 LT",
    "nop" : 2,
    "qty" : 2.0,
    "rate" : 224.57,
    "taxRt" : 18.0,
    "cgst" : 40.42,
    "sgst" : 40.42,
    "total" : 529.0,
    "valBefTax" : 449.14
  } ],
  "totalCgst" : 119.74,
  "totalSgst" : 119.74,
  "total" : 1568.0,
  "totalvbt" : 1330.49,
  "totalNop" : 3.0,
  "totqty" : 6.0,
  "paymentMode" : "Cash"
}