{
  "invoiceNo" : "000723",
  "date" : "30/05/2022",
  "cname" : "CASH A/C",
  "caddress" : null,
  "cgstno" : null,
  "items" : [ {
    "serialNo" : "1",
    "pname" : "W1 WCS C B Weathercoat Smoo",
    "hsn" : "320910",
    "pack" : "0.9 LTR",
    "nop" : 1,
    "qty" : 0.9,
    "rate" : 335.59,
    "taxRt" : 18.0,
    "cgst" : 30.2,
    "sgst" : 30.2,
    "total" : 395.0,
    "valBefTax" : 335.59
  } ],
  "totalCgst" : 30.2,
  "totalSgst" : 30.2,
  "total" : 395.0,
  "totalvbt" : 335.59,
  "totalNop" : 1.0,
  "totqty" : 0.9,
  "paymentMode" : "Cash",
  "phone" : null
}