{
  "invoiceNo" : "000754",
  "date" : "03/06/2022",
  "cname" : "CASH A/C",
  "caddress" : null,
  "cgstno" : null,
  "items" : [ {
    "serialNo" : "1",
    "pname" : "UW BE Xp Slk Breathe Easy",
    "hsn" : "320910",
    "pack" : "1.0 LTR",
    "nop" : 2,
    "qty" : 2.0,
    "rate" : 567.79,
    "taxRt" : 18.0,
    "cgst" : 102.2,
    "sgst" : 102.2,
    "total" : 1339.0,
    "valBefTax" : 1135.58
  }, {
    "serialNo" : "2",
    "pname" : "N2 BE SLK SHEEN Xp Slk Breathe Easy",
    "hsn" : "320910",
    "pack" : "0.9 LTR",
    "nop" : 1,
    "qty" : 0.9,
    "rate" : 749.15,
    "taxRt" : 18.0,
    "cgst" : 67.42,
    "sgst" : 67.42,
    "total" : 883.0,
    "valBefTax" : 749.15
  }, {
    "serialNo" : "3",
    "pname" : "PHIROZA BLUE Luxol Pu Enamel",
    "hsn" : "320890",
    "pack" : "1.0 LTR",
    "nop" : 1,
    "qty" : 1.0,
    "rate" : 228.81,
    "taxRt" : 18.0,
    "cgst" : 20.59,
    "sgst" : 20.59,
    "total" : 269.0,
    "valBefTax" : 228.81
  }, {
    "serialNo" : "4",
    "pname" : "YLW BISON XP C B Xp Bison Emulsio",
    "hsn" : "320910",
    "pack" : "0.9 LT",
    "nop" : 1,
    "qty" : 0.9,
    "rate" : 277.12,
    "taxRt" : 18.0,
    "cgst" : 24.94,
    "sgst" : 24.94,
    "total" : 327.0,
    "valBefTax" : 277.12
  }, {
    "serialNo" : "5",
    "pname" : "N2 BISON XP C B Xp Bison Emulsio",
    "hsn" : "320910",
    "pack" : "0.9 LT",
    "nop" : 1,
    "qty" : 0.9,
    "rate" : 226.27,
    "taxRt" : 18.0,
    "cgst" : 20.36,
    "sgst" : 20.36,
    "total" : 266.0,
    "valBefTax" : 226.27
  }, {
    "serialNo" : "6",
    "pname" : "BLACK LHG Luxol High Gloss Ena",
    "hsn" : "320890",
    "pack" : "0.5 LT",
    "nop" : 1,
    "qty" : 0.5,
    "rate" : 127.12,
    "taxRt" : 18.0,
    "cgst" : 11.44,
    "sgst" : 11.44,
    "total" : 150.0,
    "valBefTax" : 127.12
  }, {
    "serialNo" : "7",
    "pname" : "CHERRY Luxol High Gloss Ena",
    "hsn" : "320890",
    "pack" : "0.5 LT",
    "nop" : 1,
    "qty" : 0.5,
    "rate" : 135.59,
    "taxRt" : 18.0,
    "cgst" : 12.2,
    "sgst" : 12.2,
    "total" : 159.0,
    "valBefTax" : 135.59
  }, {
    "serialNo" : "8",
    "pname" : "SNOW WHITE Luxol High Gloss Ena",
    "hsn" : "320890",
    "pack" : "1.0 LT",
    "nop" : 1,
    "qty" : 1.0,
    "rate" : 254.24,
    "taxRt" : 18.0,
    "cgst" : 22.88,
    "sgst" : 22.88,
    "total" : 300.0,
    "valBefTax" : 254.24
  }, {
    "serialNo" : "9",
    "pname" : "SILVER DESIGN illusion Designer Fi",
    "hsn" : "320910",
    "pack" : "0.2 LT",
    "nop" : 1,
    "qty" : 0.2,
    "rate" : 220.34,
    "taxRt" : 18.0,
    "cgst" : 19.83,
    "sgst" : 19.83,
    "total" : 260.0,
    "valBefTax" : 220.34
  }, {
    "serialNo" : "10",
    "pname" : "GOLD MTLK illusion Designer Fi",
    "hsn" : "320910",
    "pack" : "0.2 LT",
    "nop" : 1,
    "qty" : 0.2,
    "rate" : 156.78,
    "taxRt" : 18.0,
    "cgst" : 14.11,
    "sgst" : 14.11,
    "total" : 185.0,
    "valBefTax" : 156.78
  }, {
    "serialNo" : "11",
    "pname" : "TRUCK BROWN Luxol High Gloss Ena",
    "hsn" : "320890",
    "pack" : "0.5 LT",
    "nop" : 1,
    "qty" : 0.5,
    "rate" : 127.12,
    "taxRt" : 18.0,
    "cgst" : 11.44,
    "sgst" : 11.44,
    "total" : 150.0,
    "valBefTax" : 127.12
  }, {
    "serialNo" : "12",
    "pname" : "SUPER LATEX Dr Fixit Super Latex",
    "hsn" : "40021100",
    "pack" : "1.0 KGS",
    "nop" : 1,
    "qty" : 1.0,
    "rate" : 279.66,
    "taxRt" : 18.0,
    "cgst" : 25.17,
    "sgst" : 25.17,
    "total" : 330.0,
    "valBefTax" : 279.66
  }, {
    "serialNo" : "13",
    "pname" : "GLDN BROWN Luxol High Gloss Ena",
    "hsn" : "320890",
    "pack" : "0.5 LT",
    "nop" : 1,
    "qty" : 0.5,
    "rate" : 127.12,
    "taxRt" : 18.0,
    "cgst" : 11.44,
    "sgst" : 11.44,
    "total" : 150.0,
    "valBefTax" : 127.12
  }, {
    "serialNo" : "14",
    "pname" : "BIRLA WALL CARE PUTT Wallcare Putty Fine",
    "hsn" : "32141000",
    "pack" : "40.0 KGS",
    "nop" : 1,
    "qty" : 40.0,
    "rate" : 584.74,
    "taxRt" : 18.0,
    "cgst" : 52.63,
    "sgst" : 52.63,
    "total" : 690.0,
    "valBefTax" : 584.74
  }, {
    "serialNo" : "15",
    "pname" : "P0 BISON C B Bison Emulsion",
    "hsn" : "320910",
    "pack" : "1.0 LT",
    "nop" : 2,
    "qty" : 2.0,
    "rate" : 152.54,
    "taxRt" : 18.0,
    "cgst" : 27.46,
    "sgst" : 27.46,
    "total" : 360.0,
    "valBefTax" : 305.08
  }, {
    "serialNo" : "16",
    "pname" : "P0 BISON C B Bison Emulsion",
    "hsn" : "320910",
    "pack" : "4.0 LT",
    "nop" : 1,
    "qty" : 4.0,
    "rate" : 576.27,
    "taxRt" : 18.0,
    "cgst" : 51.86,
    "sgst" : 51.86,
    "total" : 679.0,
    "valBefTax" : 576.27
  }, {
    "serialNo" : "17",
    "pname" : "BPCPWT Interior Wall Primer",
    "hsn" : "320910",
    "pack" : "1.0 LT",
    "nop" : 2,
    "qty" : 2.0,
    "rate" : 148.3,
    "taxRt" : 18.0,
    "cgst" : 26.7,
    "sgst" : 26.7,
    "total" : 349.0,
    "valBefTax" : 296.6
  }, {
    "serialNo" : "18",
    "pname" : "BLACK LHG Luxol High Gloss Ena",
    "hsn" : "320890",
    "pack" : "1.0 LT",
    "nop" : 1,
    "qty" : 1.0,
    "rate" : 228.81,
    "taxRt" : 18.0,
    "cgst" : 20.59,
    "sgst" : 20.59,
    "total" : 269.0,
    "valBefTax" : 228.81
  }, {
    "serialNo" : "19",
    "pname" : "SNOW WHITE Luxol High Gloss Ena",
    "hsn" : "320890",
    "pack" : "0.5 LT",
    "nop" : 1,
    "qty" : 0.5,
    "rate" : 131.35,
    "taxRt" : 18.0,
    "cgst" : 11.82,
    "sgst" : 11.82,
    "total" : 154.0,
    "valBefTax" : 131.35
  }, {
    "serialNo" : "20",
    "pname" : "F YLW Unitint",
    "hsn" : "321390",
    "pack" : "0.05 LTR",
    "nop" : 1,
    "qty" : 0.05,
    "rate" : 38.14,
    "taxRt" : 18.0,
    "cgst" : 3.43,
    "sgst" : 3.43,
    "total" : 45.0,
    "valBefTax" : 38.14
  }, {
    "serialNo" : "21",
    "pname" : "F GREEN Unitint",
    "hsn" : "32139000",
    "pack" : "0.05 LTR",
    "nop" : 1,
    "qty" : 0.05,
    "rate" : 32.2,
    "taxRt" : 18.0,
    "cgst" : 2.9,
    "sgst" : 2.9,
    "total" : 38.0,
    "valBefTax" : 32.2
  } ],
  "totalCgst" : 561.41,
  "totalSgst" : 561.41,
  "total" : 7352.0,
  "totalvbt" : 6238.09,
  "totalNop" : 24.0,
  "totqty" : 59.7,
  "paymentMode" : "Cash"
}