{
  "invoiceNo" : "000705",
  "date" : "30/05/2022",
  "cname" : "PRADUT DA",
  "caddress" : "8240074126",
  "cgstno" : null,
  "items" : [ {
    "serialNo" : "1",
    "pname" : "F YLW Unitint",
    "hsn" : "32139000",
    "pack" : "0.1 LTR",
    "nop" : 1,
    "qty" : 0.1,
    "rate" : 59.32,
    "taxRt" : 18.0,
    "cgst" : 5.34,
    "sgst" : 5.34,
    "total" : 70.0,
    "valBefTax" : 59.32
  }, {
    "serialNo" : "2",
    "pname" : "BPCPWT Interior Wall Primer",
    "hsn" : "320910",
    "pack" : "4.0 LT",
    "nop" : 1,
    "qty" : 4.0,
    "rate" : 567.79,
    "taxRt" : 18.0,
    "cgst" : 51.1,
    "sgst" : 51.1,
    "total" : 669.0,
    "valBefTax" : 567.79
  } ],
  "totalCgst" : 56.44,
  "totalSgst" : 56.44,
  "total" : 739.0,
  "totalvbt" : 627.11,
  "totalNop" : 2.0,
  "totqty" : 4.1,
  "paymentMode" : "Cash"
}