{
  "invoiceNo" : "000732",
  "date" : "01/06/2022",
  "cname" : "M SABHYASCHI",
  "caddress" : null,
  "cgstno" : null,
  "items" : [ {
    "serialNo" : "1",
    "pname" : "YLW WLL 8 Wll Flexo",
    "hsn" : "320910",
    "pack" : "0.9 LTR",
    "nop" : 2,
    "qty" : 1.8,
    "rate" : 450.0,
    "taxRt" : 18.0,
    "cgst" : 81.0,
    "sgst" : 81.0,
    "total" : 1061.0,
    "valBefTax" : 900.0
  }, {
    "serialNo" : "2",
    "pname" : "YLW ANTI DUST C B Xp Wcoat Anti Du",
    "hsn" : "320910",
    "pack" : "3.6 LTR",
    "nop" : 1,
    "qty" : 3.6,
    "rate" : 1423.7,
    "taxRt" : 18.0,
    "cgst" : 128.13,
    "sgst" : 128.13,
    "total" : 1679.0,
    "valBefTax" : 1423.7
  } ],
  "totalCgst" : 209.13,
  "totalSgst" : 209.13,
  "total" : 2740.0,
  "totalvbt" : 2323.7,
  "totalNop" : 3.0,
  "totqty" : 5.4,
  "paymentMode" : "Credit"
}