{
  "invoiceNo" : "000762",
  "date" : "04/06/2022",
  "cname" : "M SABHYASCHI",
  "caddress" : null,
  "cgstno" : null,
  "items" : [ {
    "serialNo" : "1",
    "pname" : "BLACK LHG Luxol High Gloss Ena",
    "hsn" : "320890",
    "pack" : "1.0 LT",
    "nop" : 3,
    "qty" : 3.0,
    "rate" : 228.81,
    "taxRt" : 18.0,
    "cgst" : 61.77,
    "sgst" : 61.77,
    "total" : 809.0,
    "valBefTax" : 686.43
  }, {
    "serialNo" : "2",
    "pname" : "P0 WLL 8' Wll Flexo",
    "hsn" : "320910",
    "pack" : "1.0 LTR",
    "nop" : 2,
    "qty" : 2.0,
    "rate" : 433.89,
    "taxRt" : 18.0,
    "cgst" : 78.1,
    "sgst" : 78.1,
    "total" : 1023.0,
    "valBefTax" : 867.78
  } ],
  "totalCgst" : 139.87,
  "totalSgst" : 139.87,
  "total" : 1832.0,
  "totalvbt" : 1554.21,
  "totalNop" : 5.0,
  "totqty" : 5.0,
  "paymentMode" : "Credit"
}