{
  "invoiceNo" : "000745",
  "date" : "02/06/2022",
  "cname" : "CASH A/C",
  "caddress" : null,
  "cgstno" : null,
  "items" : [ {
    "serialNo" : "1",
    "pname" : "BIRLA WALL CARE PUTT Wallcare Putty Fine",
    "hsn" : "32141000",
    "pack" : "40.0 KGS",
    "nop" : 1,
    "qty" : 40.0,
    "rate" : 635.59,
    "taxRt" : 18.0,
    "cgst" : 57.2,
    "sgst" : 57.2,
    "total" : 749.0,
    "valBefTax" : 635.59
  } ],
  "totalCgst" : 57.2,
  "totalSgst" : 57.2,
  "total" : 749.0,
  "totalvbt" : 635.59,
  "totalNop" : 1.0,
  "totqty" : 40.0,
  "paymentMode" : "Cash"
}