{
  "invoiceNo" : "000755",
  "date" : "03/06/2022",
  "cname" : "CASH A/C",
  "caddress" : null,
  "cgstno" : null,
  "items" : [ {
    "serialNo" : "1",
    "pname" : "SNOW WHITE Luxol High Gloss Ena",
    "hsn" : "320890",
    "pack" : "1.0 LT",
    "nop" : 1,
    "qty" : 1.0,
    "rate" : 254.24,
    "taxRt" : 18.0,
    "cgst" : 22.88,
    "sgst" : 22.88,
    "total" : 300.0,
    "valBefTax" : 254.24
  }, {
    "serialNo" : "2",
    "pname" : "WHITE Luxol Pu Enamel",
    "hsn" : "320890",
    "pack" : "1.0 LTR",
    "nop" : 1,
    "qty" : 1.0,
    "rate" : 258.47,
    "taxRt" : 18.0,
    "cgst" : 23.26,
    "sgst" : 23.26,
    "total" : 304.0,
    "valBefTax" : 258.47
  }, {
    "serialNo" : "3",
    "pname" : "PARROT WOOD PRIMER Wood  Primer Solvent",
    "hsn" : "320890",
    "pack" : "1.0 LT",
    "nop" : 1,
    "qty" : 1.0,
    "rate" : 190.68,
    "taxRt" : 18.0,
    "cgst" : 17.16,
    "sgst" : 17.16,
    "total" : 225.0,
    "valBefTax" : 190.68
  } ],
  "totalCgst" : 63.3,
  "totalSgst" : 63.3,
  "total" : 829.0,
  "totalvbt" : 703.39,
  "totalNop" : 3.0,
  "totqty" : 3.0,
  "paymentMode" : "Cash"
}