{
  "invoiceNo" : "000765",
  "date" : "04/06/2022",
  "cname" : "KALIM ENTERPRISE",
  "caddress" : "VIL&PO GHUNI KOL 157",
  "cgstno" : null,
  "items" : [ {
    "serialNo" : "1",
    "pname" : "YLW SLK GLOW Silk Glow",
    "hsn" : "320910",
    "pack" : "0.9 LTR",
    "nop" : 1,
    "qty" : 0.9,
    "rate" : 534.74,
    "taxRt" : 18.0,
    "cgst" : 48.13,
    "sgst" : 48.13,
    "total" : 631.0,
    "valBefTax" : 534.74
  }, {
    "serialNo" : "2",
    "pname" : "W1 GLMR C B Xp Silk Glamour",
    "hsn" : "320910",
    "pack" : "0.9 LTR",
    "nop" : 1,
    "qty" : 0.9,
    "rate" : 590.67,
    "taxRt" : 18.0,
    "cgst" : 53.16,
    "sgst" : 53.16,
    "total" : 696.0,
    "valBefTax" : 590.67
  }, {
    "serialNo" : "3",
    "pname" : "P0 WCS C B Weathercoat Smoo",
    "hsn" : "320910",
    "pack" : "20.0 LTR",
    "nop" : 1,
    "qty" : 20.0,
    "rate" : 5283.9,
    "taxRt" : 18.0,
    "cgst" : 475.55,
    "sgst" : 475.55,
    "total" : 6234.0,
    "valBefTax" : 5283.9
  } ],
  "totalCgst" : 576.84,
  "totalSgst" : 576.84,
  "total" : 7561.0,
  "totalvbt" : 6409.31,
  "totalNop" : 3.0,
  "totqty" : 21.8,
  "paymentMode" : "Credit"
}