{
  "invoiceNo" : "000758",
  "date" : "03/06/2022",
  "cname" : "CASH A/C",
  "caddress" : null,
  "cgstno" : null,
  "items" : [ {
    "serialNo" : "1",
    "pname" : "P0 EC C B Easy Clean Luxur",
    "hsn" : "320910",
    "pack" : "4.0 LT",
    "nop" : 2,
    "qty" : 8.0,
    "rate" : 1466.1,
    "taxRt" : 18.0,
    "cgst" : 263.9,
    "sgst" : 263.9,
    "total" : 3459.0,
    "valBefTax" : 2932.2
  }, {
    "serialNo" : "2",
    "pname" : "N2 EC C B Easy Clean Luxur",
    "hsn" : "320910",
    "pack" : "0.9 LT",
    "nop" : 1,
    "qty" : 0.9,
    "rate" : 411.86,
    "taxRt" : 18.0,
    "cgst" : 37.07,
    "sgst" : 37.07,
    "total" : 486.0,
    "valBefTax" : 411.86
  }, {
    "serialNo" : "3",
    "pname" : "N2 EC C B Easy Clean Luxur",
    "hsn" : "320910",
    "pack" : "0.9 LT",
    "nop" : 1,
    "qty" : 0.9,
    "rate" : 422.03,
    "taxRt" : 18.0,
    "cgst" : 37.98,
    "sgst" : 37.98,
    "total" : 497.0,
    "valBefTax" : 422.03
  }, {
    "serialNo" : "4",
    "pname" : "W1 EC C B Easy Clean Luxur",
    "hsn" : "320910",
    "pack" : "0.9 LT",
    "nop" : 1,
    "qty" : 0.9,
    "rate" : 385.59,
    "taxRt" : 18.0,
    "cgst" : 34.7,
    "sgst" : 34.7,
    "total" : 454.0,
    "valBefTax" : 385.59
  }, {
    "serialNo" : "5",
    "pname" : "P0 RTC C B Rangoli Total Ca",
    "hsn" : "320910",
    "pack" : "1.0 LT",
    "nop" : 2,
    "qty" : 2.0,
    "rate" : 288.13,
    "taxRt" : 18.0,
    "cgst" : 51.86,
    "sgst" : 51.86,
    "total" : 679.0,
    "valBefTax" : 576.26
  }, {
    "serialNo" : "6",
    "pname" : "P0 RTC C B Rangoli Total Ca",
    "hsn" : "320910",
    "pack" : "4.0 LT",
    "nop" : 1,
    "qty" : 4.0,
    "rate" : 1122.9,
    "taxRt" : 18.0,
    "cgst" : 101.06,
    "sgst" : 101.06,
    "total" : 1324.0,
    "valBefTax" : 1122.9
  }, {
    "serialNo" : "7",
    "pname" : "P0 LUX XTRA C B Luxol Xtra Ename",
    "hsn" : "320890",
    "pack" : "0.985 LT",
    "nop" : 1,
    "qty" : 0.985,
    "rate" : 266.95,
    "taxRt" : 18.0,
    "cgst" : 24.03,
    "sgst" : 24.03,
    "total" : 315.0,
    "valBefTax" : 266.95
  } ],
  "totalCgst" : 550.6,
  "totalSgst" : 550.6,
  "total" : 7214.0,
  "totalvbt" : 6117.79,
  "totalNop" : 9.0,
  "totqty" : 17.69,
  "paymentMode" : "Cash"
}