{
  "invoiceNo" : "000743",
  "date" : "02/06/2022",
  "cname" : "M RAJU BISWAS",
  "caddress" : null,
  "cgstno" : null,
  "items" : [ {
    "serialNo" : "1",
    "pname" : "W1 BE SLK SHEEN Xp Slk Breathe Easy",
    "hsn" : "320910",
    "pack" : "3.6 LTR",
    "nop" : 1,
    "qty" : 3.6,
    "rate" : 2449.1,
    "taxRt" : 18.0,
    "cgst" : 220.42,
    "sgst" : 220.42,
    "total" : 2889.0,
    "valBefTax" : 2449.1
  }, {
    "serialNo" : "2",
    "pname" : "P0 PU ENAMEL Base Pu Enamel",
    "hsn" : "320890",
    "pack" : "3.94 LTR",
    "nop" : 1,
    "qty" : 3.94,
    "rate" : 1016.9,
    "taxRt" : 18.0,
    "cgst" : 91.52,
    "sgst" : 91.52,
    "total" : 1199.0,
    "valBefTax" : 1016.9
  } ],
  "totalCgst" : 311.94,
  "totalSgst" : 311.94,
  "total" : 4088.0,
  "totalvbt" : 3466.0,
  "totalNop" : 2.0,
  "totqty" : 7.54,
  "paymentMode" : "Credit"
}