{
  "invoiceNo" : "000734",
  "date" : "01/06/2022",
  "cname" : "CASH A/C",
  "caddress" : null,
  "cgstno" : null,
  "items" : [ {
    "serialNo" : "1",
    "pname" : "WHITE CEMENT White Cement",
    "hsn" : "25232100",
    "pack" : "1.0 KGS",
    "nop" : 2,
    "qty" : 2.0,
    "rate" : 27.34,
    "taxRt" : 28.0,
    "cgst" : 7.66,
    "sgst" : 7.66,
    "total" : 70.0,
    "valBefTax" : 54.68
  }, {
    "serialNo" : "2",
    "pname" : "W2 PU Base Pu Enamel",
    "hsn" : "320890",
    "pack" : "0.45 LTR",
    "nop" : 1,
    "qty" : 0.45,
    "rate" : 135.59,
    "taxRt" : 18.0,
    "cgst" : 12.2,
    "sgst" : 12.2,
    "total" : 159.0,
    "valBefTax" : 135.59
  }, {
    "serialNo" : "3",
    "pname" : "W2 PU Base Pu Enamel",
    "hsn" : "320890",
    "pack" : "0.45 LTR",
    "nop" : 1,
    "qty" : 0.45,
    "rate" : 148.3,
    "taxRt" : 18.0,
    "cgst" : 13.35,
    "sgst" : 13.35,
    "total" : 175.0,
    "valBefTax" : 148.3
  }, {
    "serialNo" : "4",
    "pname" : "BLACK Luxol High Gloss Ena",
    "hsn" : "320890",
    "pack" : "0.2 LT",
    "nop" : 1,
    "qty" : 0.2,
    "rate" : 76.27,
    "taxRt" : 18.0,
    "cgst" : 6.86,
    "sgst" : 6.86,
    "total" : 89.0,
    "valBefTax" : 76.27
  }, {
    "serialNo" : "5",
    "pname" : "WCOAT EXT PRIMER Exterior Wall Primer",
    "hsn" : "320910",
    "pack" : "10.0 LT",
    "nop" : 1,
    "qty" : 10.0,
    "rate" : 1245.8,
    "taxRt" : 18.0,
    "cgst" : 112.12,
    "sgst" : 112.12,
    "total" : 1469.0,
    "valBefTax" : 1245.8
  }, {
    "serialNo" : "6",
    "pname" : "100 NO Wet & Dry Sandpaper",
    "hsn" : "680510",
    "pack" : "1.0 PCS",
    "nop" : 1,
    "qty" : 1.0,
    "rate" : 14.41,
    "taxRt" : 18.0,
    "cgst" : 1.3,
    "sgst" : 1.3,
    "total" : 17.0,
    "valBefTax" : 14.41
  }, {
    "serialNo" : "7",
    "pname" : "SEAL O PRIME Xp Hs Seal O Prime",
    "hsn" : "320910",
    "pack" : "4.0 LT",
    "nop" : 1,
    "qty" : 4.0,
    "rate" : 694.91,
    "taxRt" : 18.0,
    "cgst" : 62.54,
    "sgst" : 62.54,
    "total" : 819.0,
    "valBefTax" : 694.91
  }, {
    "serialNo" : "8",
    "pname" : "YLW RTC C B Rangoli Total Ca",
    "hsn" : "320910",
    "pack" : "0.9 LT",
    "nop" : 2,
    "qty" : 1.8,
    "rate" : 317.79,
    "taxRt" : 18.0,
    "cgst" : 57.2,
    "sgst" : 57.2,
    "total" : 749.0,
    "valBefTax" : 635.58
  }, {
    "serialNo" : "9",
    "pname" : "W1 RTC C B Rangoli Total Ca",
    "hsn" : "320910",
    "pack" : "0.9 LT",
    "nop" : 1,
    "qty" : 0.9,
    "rate" : 288.13,
    "taxRt" : 18.0,
    "cgst" : 25.93,
    "sgst" : 25.93,
    "total" : 339.0,
    "valBefTax" : 288.13
  }, {
    "serialNo" : "10",
    "pname" : "P0 RTC C B Rangoli Total Ca",
    "hsn" : "320910",
    "pack" : "1.0 LT",
    "nop" : 1,
    "qty" : 1.0,
    "rate" : 316.95,
    "taxRt" : 18.0,
    "cgst" : 28.53,
    "sgst" : 28.53,
    "total" : 374.0,
    "valBefTax" : 316.95
  }, {
    "serialNo" : "11",
    "pname" : "PRO W0 BISON Pro Bison Super Dist",
    "hsn" : "320910",
    "pack" : "20.0 KGS",
    "nop" : 1,
    "qty" : 20.0,
    "rate" : 949.14,
    "taxRt" : 18.0,
    "cgst" : 85.42,
    "sgst" : 85.42,
    "total" : 1119.0,
    "valBefTax" : 949.14
  }, {
    "serialNo" : "12",
    "pname" : "PARROT WOOD PRIMER Wood  Primer Solvent",
    "hsn" : "320890",
    "pack" : "4.0 LT",
    "nop" : 1,
    "qty" : 4.0,
    "rate" : 737.28,
    "taxRt" : 18.0,
    "cgst" : 66.36,
    "sgst" : 66.36,
    "total" : 870.0,
    "valBefTax" : 737.28
  }, {
    "serialNo" : "13",
    "pname" : "BLACK LHG Luxol High Gloss Ena",
    "hsn" : "320890",
    "pack" : "0.5 LT",
    "nop" : 1,
    "qty" : 0.5,
    "rate" : 127.12,
    "taxRt" : 18.0,
    "cgst" : 11.44,
    "sgst" : 11.44,
    "total" : 150.0,
    "valBefTax" : 127.12
  }, {
    "serialNo" : "14",
    "pname" : "P0 SLK GLOW Silk Glow",
    "hsn" : "320910",
    "pack" : "1.0 LTR",
    "nop" : 1,
    "qty" : 1.0,
    "rate" : 495.76,
    "taxRt" : 18.0,
    "cgst" : 44.62,
    "sgst" : 44.62,
    "total" : 585.0,
    "valBefTax" : 495.76
  }, {
    "serialNo" : "15",
    "pname" : "P0 SLK GLOW Silk Glow",
    "hsn" : "320910",
    "pack" : "1.0 LTR",
    "nop" : 1,
    "qty" : 1.0,
    "rate" : 504.23,
    "taxRt" : 18.0,
    "cgst" : 45.38,
    "sgst" : 45.38,
    "total" : 594.0,
    "valBefTax" : 504.23
  }, {
    "serialNo" : "16",
    "pname" : "P0 SLK GLOW Silk Glow",
    "hsn" : "320910",
    "pack" : "1.0 LTR",
    "nop" : 1,
    "qty" : 1.0,
    "rate" : 496.61,
    "taxRt" : 18.0,
    "cgst" : 44.69,
    "sgst" : 44.69,
    "total" : 585.0,
    "valBefTax" : 496.61
  } ],
  "totalCgst" : 625.6,
  "totalSgst" : 625.6,
  "total" : 8163.0,
  "totalvbt" : 6920.76,
  "totalNop" : 18.0,
  "totqty" : 49.3,
  "paymentMode" : "Cash"
}