{
  "invoiceNo" : "000774",
  "date" : "05/06/2022",
  "cname" : "CASH A/C",
  "caddress" : null,
  "cgstno" : null,
  "items" : [ {
    "serialNo" : "1",
    "pname" : "PASTE WALL PUTTY DUW Putty & Others",
    "hsn" : "32091010",
    "pack" : "1.0 KGS",
    "nop" : 1,
    "qty" : 1.0,
    "rate" : 67.8,
    "taxRt" : 18.0,
    "cgst" : 6.1,
    "sgst" : 6.1,
    "total" : 80.0,
    "valBefTax" : 67.8
  }, {
    "serialNo" : "2",
    "pname" : "NON METALIC Vt Spl Efct Paint",
    "hsn" : "32091010",
    "pack" : "1.0 LTR",
    "nop" : 3,
    "qty" : 3.0,
    "rate" : 740.08,
    "taxRt" : 18.0,
    "cgst" : 199.83,
    "sgst" : 199.83,
    "total" : 2619.0,
    "valBefTax" : 2220.24
  }, {
    "serialNo" : "3",
    "pname" : "BIRLA WALL CARE PUTT Wallcare Putty Fine",
    "hsn" : "32141000",
    "pack" : "40.0 KGS",
    "nop" : 1,
    "qty" : 40.0,
    "rate" : 635.59,
    "taxRt" : 18.0,
    "cgst" : 57.2,
    "sgst" : 57.2,
    "total" : 749.0,
    "valBefTax" : 635.59
  } ],
  "totalCgst" : 263.13,
  "totalSgst" : 263.13,
  "total" : 3448.0,
  "totalvbt" : 2923.63,
  "totalNop" : 5.0,
  "totqty" : 44.0,
  "paymentMode" : "Cash",
  "phone" : null
}