{
  "invoiceNo" : "000780",
  "date" : "06/06/2022",
  "cname" : "KALIM ENTERPRISE",
  "caddress" : "VIL&PO GHUNI KOL 157",
  "cgstno" : null,
  "items" : [ {
    "serialNo" : "1",
    "pname" : "80 NO Wet & Dry Sandpaper",
    "hsn" : "68051010",
    "pack" : "1.0 PCS",
    "nop" : 6,
    "qty" : 6.0,
    "rate" : 14.41,
    "taxRt" : 18.0,
    "cgst" : 7.8,
    "sgst" : 7.8,
    "total" : 102.0,
    "valBefTax" : 86.46
  }, {
    "serialNo" : "2",
    "pname" : "SIGNAL RED Weather Coat Smooth",
    "hsn" : "320910",
    "pack" : "1.0 LTR",
    "nop" : 1,
    "qty" : 1.0,
    "rate" : 330.51,
    "taxRt" : 18.0,
    "cgst" : 29.75,
    "sgst" : 29.75,
    "total" : 390.0,
    "valBefTax" : 330.51
  }, {
    "serialNo" : "3",
    "pname" : "SNOW WHITE Luxol High Gloss Ena",
    "hsn" : "320890",
    "pack" : "1.0 LT",
    "nop" : 2,
    "qty" : 2.0,
    "rate" : 254.24,
    "taxRt" : 18.0,
    "cgst" : 45.76,
    "sgst" : 45.76,
    "total" : 599.0,
    "valBefTax" : 508.48
  } ],
  "totalCgst" : 83.31,
  "totalSgst" : 83.31,
  "total" : 1091.0,
  "totalvbt" : 925.45,
  "totalNop" : 9.0,
  "totqty" : 9.0,
  "paymentMode" : "Credit",
  "phone" : null
}