{
  "invoiceNo" : "000895",
  "date" : "17/06/2022",
  "cname" : "M SABHYASCHI",
  "caddress" : null,
  "cgstno" : null,
  "items" : [ {
    "serialNo" : "1",
    "pname" : "THINNER Multipurpose Thinner",
    "hsn" : "38140010",
    "pack" : "1.0 LTR",
    "nop" : 1,
    "qty" : 1.0,
    "rate" : 177.96,
    "taxRt" : 18.0,
    "cgst" : 16.02,
    "sgst" : 16.02,
    "total" : 210.0,
    "valBefTax" : 177.96
  }, {
    "serialNo" : "2",
    "pname" : "UW BE Xp Slk Breathe Easy",
    "hsn" : "320910",
    "pack" : "1.0 LTR",
    "nop" : 2,
    "qty" : 2.0,
    "rate" : 563.55,
    "taxRt" : 18.0,
    "cgst" : 101.44,
    "sgst" : 101.44,
    "total" : 1329.0,
    "valBefTax" : 1127.1
  }, {
    "serialNo" : "3",
    "pname" : "GLDN BROWN Luxol High Gloss Ena",
    "hsn" : "320890",
    "pack" : "0.5 LT",
    "nop" : 1,
    "qty" : 0.5,
    "rate" : 127.12,
    "taxRt" : 18.0,
    "cgst" : 11.44,
    "sgst" : 11.44,
    "total" : 150.0,
    "valBefTax" : 127.12
  } ],
  "totalCgst" : 128.9,
  "totalSgst" : 128.9,
  "total" : 1689.0,
  "totalvbt" : 1432.18,
  "totalNop" : 4.0,
  "totqty" : 3.5,
  "paymentMode" : "Credit"
}