{
  "invoiceNo" : "000894",
  "date" : "17/06/2022",
  "cname" : "CASH A/C",
  "caddress" : null,
  "cgstno" : null,
  "items" : [ {
    "serialNo" : "1",
    "pname" : "GLDN BROWN Luxol Pu Enamel",
    "hsn" : "320890",
    "pack" : "1.0 LTR",
    "nop" : 2,
    "qty" : 2.0,
    "rate" : 241.52,
    "taxRt" : 18.0,
    "cgst" : 43.48,
    "sgst" : 43.48,
    "total" : 569.0,
    "valBefTax" : 483.04
  }, {
    "serialNo" : "2",
    "pname" : "GLDN BROWN Luxol Pu Enamel",
    "hsn" : "320890",
    "pack" : "4.0 LTR",
    "nop" : 2,
    "qty" : 8.0,
    "rate" : 932.2,
    "taxRt" : 18.0,
    "cgst" : 167.8,
    "sgst" : 167.8,
    "total" : 2199.0,
    "valBefTax" : 1864.4
  } ],
  "totalCgst" : 211.28,
  "totalSgst" : 211.28,
  "total" : 2768.0,
  "totalvbt" : 2347.44,
  "totalNop" : 4.0,
  "totqty" : 10.0,
  "paymentMode" : "Cash"
}