{
  "invoiceNo" : "000850",
  "date" : "12/06/2022",
  "cname" : "CASH A/C",
  "caddress" : null,
  "cgstno" : null,
  "items" : [ {
    "serialNo" : "1",
    "pname" : "MOTI Ddl",
    "hsn" : "320910",
    "pack" : "1.0 KGS",
    "nop" : 1,
    "qty" : 1.0,
    "rate" : 50.85,
    "taxRt" : 18.0,
    "cgst" : 4.58,
    "sgst" : 4.58,
    "total" : 60.0,
    "valBefTax" : 50.85
  } ],
  "totalCgst" : 4.58,
  "totalSgst" : 4.58,
  "total" : 60.0,
  "totalvbt" : 50.85,
  "totalNop" : 1.0,
  "totqty" : 1.0,
  "paymentMode" : "Cash",
  "phone" : null
}