{
  "invoiceNo" : "000871",
  "date" : "14/06/2022",
  "cname" : "M SABHYASCHI",
  "caddress" : null,
  "cgstno" : null,
  "items" : [ {
    "serialNo" : "1",
    "pname" : "W1 BISON C B Bison Emulsion",
    "hsn" : "320910",
    "pack" : "3.6 LT",
    "nop" : 2,
    "qty" : 7.2,
    "rate" : 635.59,
    "taxRt" : 18.0,
    "cgst" : 114.4,
    "sgst" : 114.4,
    "total" : 1500.0,
    "valBefTax" : 1271.18
  } ],
  "totalCgst" : 114.4,
  "totalSgst" : 114.4,
  "total" : 1500.0,
  "totalvbt" : 1271.18,
  "totalNop" : 2.0,
  "totqty" : 7.2,
  "paymentMode" : "Credit"
}