{
  "invoiceNo" : "000837",
  "date" : "11/06/2022",
  "cname" : "CASH A/C",
  "caddress" : null,
  "cgstno" : null,
  "items" : [ {
    "serialNo" : "1",
    "pname" : "LW+ PIDIPROOF Dr Fixit Pidiproof L",
    "hsn" : "38244010",
    "pack" : "5.0 LTR",
    "nop" : 2,
    "qty" : 10.0,
    "rate" : 508.47,
    "taxRt" : 18.0,
    "cgst" : 91.52,
    "sgst" : 91.52,
    "total" : 1199.0,
    "valBefTax" : 1016.94
  } ],
  "totalCgst" : 91.52,
  "totalSgst" : 91.52,
  "total" : 1199.0,
  "totalvbt" : 1016.94,
  "totalNop" : 2.0,
  "totqty" : 10.0,
  "paymentMode" : "Cash"
}