{
  "invoiceNo" : "000893",
  "date" : "17/06/2022",
  "cname" : "KALIM ENTERPRISE",
  "caddress" : "VIL&PO GHUNI KOL 157",
  "cgstno" : null,
  "items" : [ {
    "serialNo" : "1",
    "pname" : "W2 LUX XTRA C B Luxol Xtra Ename",
    "hsn" : "320890",
    "pack" : "0.95 LT",
    "nop" : 1,
    "qty" : 0.95,
    "rate" : 266.95,
    "taxRt" : 18.0,
    "cgst" : 24.03,
    "sgst" : 24.03,
    "total" : 315.0,
    "valBefTax" : 266.95
  } ],
  "totalCgst" : 24.03,
  "totalSgst" : 24.03,
  "total" : 315.0,
  "totalvbt" : 266.95,
  "totalNop" : 1.0,
  "totqty" : 0.95,
  "paymentMode" : "Cash"
}