{
  "invoiceNo" : "000889",
  "date" : "16/06/2022",
  "cname" : "M RAJU BISWAS",
  "caddress" : null,
  "cgstno" : null,
  "items" : [ {
    "serialNo" : "1",
    "pname" : "UW BE Xp Slk Breathe Easy",
    "hsn" : "320910",
    "pack" : "4.0 LTR",
    "nop" : 1,
    "qty" : 4.0,
    "rate" : 2271.2,
    "taxRt" : 18.0,
    "cgst" : 204.4,
    "sgst" : 204.4,
    "total" : 2679.0,
    "valBefTax" : 2271.2
  } ],
  "totalCgst" : 204.4,
  "totalSgst" : 204.4,
  "total" : 2679.0,
  "totalvbt" : 2271.2,
  "totalNop" : 1.0,
  "totqty" : 4.0,
  "paymentMode" : "Credit",
  "phone" : null
}