{
  "invoiceNo" : "000801",
  "date" : "08/06/2022",
  "cname" : "CASH A/C",
  "caddress" : null,
  "cgstno" : null,
  "items" : [ {
    "serialNo" : "1",
    "pname" : "SEAL O PRIME Xp Hs Seal O Prime",
    "hsn" : "320910",
    "pack" : "1.0 LT",
    "nop" : 2,
    "qty" : 2.0,
    "rate" : 186.44,
    "taxRt" : 18.0,
    "cgst" : 33.56,
    "sgst" : 33.56,
    "total" : 440.0,
    "valBefTax" : 372.88
  }, {
    "serialNo" : "2",
    "pname" : "WCOAT EXT PRIMER Exterior Wall Primer",
    "hsn" : "320910",
    "pack" : "20.0 LT",
    "nop" : 1,
    "qty" : 20.0,
    "rate" : 2132.2,
    "taxRt" : 18.0,
    "cgst" : 191.9,
    "sgst" : 191.9,
    "total" : 2515.0,
    "valBefTax" : 2132.2
  } ],
  "totalCgst" : 225.46,
  "totalSgst" : 225.46,
  "total" : 2955.0,
  "totalvbt" : 2505.08,
  "totalNop" : 3.0,
  "totqty" : 22.0,
  "paymentMode" : "Cash"
}