{
  "invoiceNo" : "000810",
  "date" : "08/06/2022",
  "cname" : "CASH A/C",
  "caddress" : null,
  "cgstno" : null,
  "items" : [ {
    "serialNo" : "1",
    "pname" : "P0 ANTI DUST C B Xp Wcoat Anti Du",
    "hsn" : "320910",
    "pack" : "1.0 LTR",
    "nop" : 3,
    "qty" : 3.0,
    "rate" : 355.93,
    "taxRt" : 18.0,
    "cgst" : 96.09,
    "sgst" : 96.09,
    "total" : 1259.0,
    "valBefTax" : 1067.79
  }, {
    "serialNo" : "2",
    "pname" : "P0 ANTI DUST C B Xp Wcoat Anti Du",
    "hsn" : "320910",
    "pack" : "1.0 LTR",
    "nop" : 1,
    "qty" : 1.0,
    "rate" : 338.98,
    "taxRt" : 18.0,
    "cgst" : 30.51,
    "sgst" : 30.51,
    "total" : 400.0,
    "valBefTax" : 338.98
  } ],
  "totalCgst" : 126.6,
  "totalSgst" : 126.6,
  "total" : 1659.0,
  "totalvbt" : 1406.77,
  "totalNop" : 4.0,
  "totqty" : 4.0,
  "paymentMode" : "Cash"
}