{
  "invoiceNo" : "000826",
  "date" : "10/06/2022",
  "cname" : "CASH A/C",
  "caddress" : null,
  "cgstno" : null,
  "items" : [ {
    "serialNo" : "1",
    "pname" : "BRN WCS C B Weathercoat Smoo",
    "hsn" : "320910",
    "pack" : "3.6 LT",
    "nop" : 1,
    "qty" : 3.6,
    "rate" : 1127.1,
    "taxRt" : 18.0,
    "cgst" : 101.44,
    "sgst" : 101.44,
    "total" : 1329.0,
    "valBefTax" : 1127.1
  } ],
  "totalCgst" : 101.44,
  "totalSgst" : 101.44,
  "total" : 1329.0,
  "totalvbt" : 1127.1,
  "totalNop" : 1.0,
  "totqty" : 3.6,
  "paymentMode" : "Cash",
  "phone" : null
}