{
  "invoiceNo" : "000811",
  "date" : "09/06/2022",
  "cname" : "S D CONSTRUCTION",
  "caddress" : "105, K.N. SEN LANE KOL 700042",
  "cgstno" : null,
  "items" : [ {
    "serialNo" : "1",
    "pname" : "PARROT WOOD PRIMER Wood  Primer Solvent",
    "hsn" : "320810",
    "pack" : "20.0 LT",
    "nop" : 1,
    "qty" : 20.0,
    "rate" : 3432.2,
    "taxRt" : 18.0,
    "cgst" : 308.9,
    "sgst" : 308.9,
    "total" : 4049.0,
    "valBefTax" : 3432.2
  } ],
  "totalCgst" : 308.9,
  "totalSgst" : 308.9,
  "total" : 4049.0,
  "totalvbt" : 3432.2,
  "totalNop" : 1.0,
  "totqty" : 20.0,
  "paymentMode" : "Cash"
}