{
  "invoiceNo" : "000846",
  "date" : "12/06/2022",
  "cname" : "CASH A/C",
  "caddress" : null,
  "cgstno" : null,
  "items" : [ {
    "serialNo" : "1",
    "pname" : "BLACK Luxol Universal Stai",
    "hsn" : "321390",
    "pack" : "0.05 LTR",
    "nop" : 1,
    "qty" : 0.05,
    "rate" : 29.66,
    "taxRt" : 18.0,
    "cgst" : 2.67,
    "sgst" : 2.67,
    "total" : 35.0,
    "valBefTax" : 29.66
  } ],
  "totalCgst" : 2.67,
  "totalSgst" : 2.67,
  "total" : 35.0,
  "totalvbt" : 29.66,
  "totalNop" : 1.0,
  "totqty" : 0.05,
  "paymentMode" : "Cash",
  "phone" : null
}