{
  "invoiceNo" : "000885",
  "date" : "16/06/2022",
  "cname" : "JADULAL PATRA",
  "caddress" : "CHANDI BARIA",
  "cgstno" : null,
  "items" : [ {
    "serialNo" : "1",
    "pname" : "P0 RTC C B Rangoli Total Ca",
    "hsn" : "320910",
    "pack" : "4.0 LT",
    "nop" : 1,
    "qty" : 4.0,
    "rate" : 1166.9,
    "taxRt" : 18.0,
    "cgst" : 105.02,
    "sgst" : 105.02,
    "total" : 1376.0,
    "valBefTax" : 1166.9
  }, {
    "serialNo" : "2",
    "pname" : "P0 RTC C B Rangoli Total Ca",
    "hsn" : "320910",
    "pack" : "1.0 LT",
    "nop" : 2,
    "qty" : 2.0,
    "rate" : 305.08,
    "taxRt" : 18.0,
    "cgst" : 54.92,
    "sgst" : 54.92,
    "total" : 719.0,
    "valBefTax" : 610.16
  }, {
    "serialNo" : "3",
    "pname" : "P0 RTC C B Rangoli Total Ca",
    "hsn" : "320910",
    "pack" : "1.0 LT",
    "nop" : 2,
    "qty" : 2.0,
    "rate" : 296.61,
    "taxRt" : 18.0,
    "cgst" : 53.38,
    "sgst" : 53.38,
    "total" : 700.0,
    "valBefTax" : 593.22
  }, {
    "serialNo" : "4",
    "pname" : "YLW WCS C B Weathercoat Smoo",
    "hsn" : "320910",
    "pack" : "0.9 LTR",
    "nop" : 2,
    "qty" : 1.8,
    "rate" : 360.17,
    "taxRt" : 18.0,
    "cgst" : 64.82,
    "sgst" : 64.82,
    "total" : 849.0,
    "valBefTax" : 720.34
  } ],
  "totalCgst" : 278.14,
  "totalSgst" : 278.14,
  "total" : 3644.0,
  "totalvbt" : 3090.62,
  "totalNop" : 7.0,
  "totqty" : 9.8,
  "paymentMode" : "Cash",
  "phone" : null
}