{
  "invoiceNo" : "000847",
  "date" : "12/06/2022",
  "cname" : "CASH A/C",
  "caddress" : null,
  "cgstno" : null,
  "items" : [ {
    "serialNo" : "1",
    "pname" : "N2 EC C B Easy Clean Luxur",
    "hsn" : "320910",
    "pack" : "0.9 LT",
    "nop" : 1,
    "qty" : 0.9,
    "rate" : 399.15,
    "taxRt" : 18.0,
    "cgst" : 35.92,
    "sgst" : 35.92,
    "total" : 470.0,
    "valBefTax" : 399.15
  } ],
  "totalCgst" : 35.92,
  "totalSgst" : 35.92,
  "total" : 470.0,
  "totalvbt" : 399.15,
  "totalNop" : 1.0,
  "totqty" : 0.9,
  "paymentMode" : "Cash"
}