{
  "invoiceNo" : "000840",
  "date" : "12/06/2022",
  "cname" : "A B GROUP",
  "caddress" : "1/1 A BHOLA NATH PAUL ROAD KOL 700006",
  "cgstno" : null,
  "items" : [ {
    "serialNo" : "1",
    "pname" : "PO RED LHG Luxol High Gloss Ena",
    "hsn" : "320890",
    "pack" : "0.5 LT",
    "nop" : 1,
    "qty" : 0.5,
    "rate" : 144.07,
    "taxRt" : 18.0,
    "cgst" : 12.97,
    "sgst" : 12.97,
    "total" : 170.0,
    "valBefTax" : 144.07
  }, {
    "serialNo" : "2",
    "pname" : "BLACK LHG Luxol High Gloss Ena",
    "hsn" : "320890",
    "pack" : "0.5 LT",
    "nop" : 1,
    "qty" : 0.5,
    "rate" : 127.12,
    "taxRt" : 18.0,
    "cgst" : 11.44,
    "sgst" : 11.44,
    "total" : 150.0,
    "valBefTax" : 127.12
  }, {
    "serialNo" : "3",
    "pname" : "NON METALIC illusion Designer Fi",
    "hsn" : "320910",
    "pack" : "1.0 LTR",
    "nop" : 1,
    "qty" : 1.0,
    "rate" : 610.16,
    "taxRt" : 18.0,
    "cgst" : 54.91,
    "sgst" : 54.91,
    "total" : 719.0,
    "valBefTax" : 610.16
  } ],
  "totalCgst" : 79.32,
  "totalSgst" : 79.32,
  "total" : 1039.0,
  "totalvbt" : 881.35,
  "totalNop" : 3.0,
  "totqty" : 2.0,
  "paymentMode" : "Credit"
}