{
  "invoiceNo" : "000851",
  "date" : "13/06/2022",
  "cname" : "S P ENTERPRISE",
  "caddress" : "HATIARA SHREEMAA PALLY KOL 157",
  "cgstno" : null,
  "items" : [ {
    "serialNo" : "1",
    "pname" : "WMAST EXT & INT PRIM Ext & Interior Prime",
    "hsn" : "32091090",
    "pack" : "20.0 LTR",
    "nop" : 2,
    "qty" : 40.0,
    "rate" : 1864.4,
    "taxRt" : 18.0,
    "cgst" : 335.6,
    "sgst" : 335.6,
    "total" : 4399.0,
    "valBefTax" : 3728.8
  }, {
    "serialNo" : "2",
    "pname" : "YLW WAL C B Walmasta",
    "hsn" : "320910",
    "pack" : "18.0 LTR",
    "nop" : 1,
    "qty" : 18.0,
    "rate" : 3983.0,
    "taxRt" : 18.0,
    "cgst" : 358.47,
    "sgst" : 358.47,
    "total" : 4699.0,
    "valBefTax" : 3983.0
  } ],
  "totalCgst" : 694.07,
  "totalSgst" : 694.07,
  "total" : 9098.0,
  "totalvbt" : 7711.8,
  "totalNop" : 3.0,
  "totqty" : 58.0,
  "paymentMode" : "Cash"
}