{
  "invoiceNo" : "000821",
  "date" : "10/06/2022",
  "cname" : "CASH A/C",
  "caddress" : null,
  "cgstno" : null,
  "items" : [ {
    "serialNo" : "1",
    "pname" : "P0 WLL 8' Wll Flexo",
    "hsn" : "320910",
    "pack" : "20.0 LTR",
    "nop" : 1,
    "qty" : 20.0,
    "rate" : 7288.1,
    "taxRt" : 18.0,
    "cgst" : 655.93,
    "sgst" : 655.93,
    "total" : 8599.0,
    "valBefTax" : 7288.1
  }, {
    "serialNo" : "2",
    "pname" : "WCOAT EXT PRIMER Exterior Wall Primer",
    "hsn" : "320910",
    "pack" : "10.0 LT",
    "nop" : 1,
    "qty" : 10.0,
    "rate" : 1165.2,
    "taxRt" : 18.0,
    "cgst" : 104.87,
    "sgst" : 104.87,
    "total" : 1374.0,
    "valBefTax" : 1165.2
  }, {
    "serialNo" : "3",
    "pname" : "YLW WLL 8 Wll Flexo",
    "hsn" : "320910",
    "pack" : "3.6 LTR",
    "nop" : 1,
    "qty" : 3.6,
    "rate" : 1559.3,
    "taxRt" : 18.0,
    "cgst" : 140.34,
    "sgst" : 140.34,
    "total" : 1839.0,
    "valBefTax" : 1559.3
  } ],
  "totalCgst" : 901.14,
  "totalSgst" : 901.14,
  "total" : 11812.0,
  "totalvbt" : 10012.6,
  "totalNop" : 3.0,
  "totqty" : 33.6,
  "paymentMode" : "Cash"
}