{
  "invoiceNo" : "000892",
  "date" : "17/06/2022",
  "cname" : "CASH A/C",
  "caddress" : null,
  "cgstno" : null,
  "items" : [ {
    "serialNo" : "1",
    "pname" : "BUTTERFLY AC METAL Metal Primer Solvent",
    "hsn" : "320890",
    "pack" : "0.5 LT",
    "nop" : 1,
    "qty" : 0.5,
    "rate" : 97.46,
    "taxRt" : 18.0,
    "cgst" : 8.77,
    "sgst" : 8.77,
    "total" : 115.0,
    "valBefTax" : 97.46
  }, {
    "serialNo" : "2",
    "pname" : "BLACK LHG Luxol High Gloss Ena",
    "hsn" : "320890",
    "pack" : "1.0 LT",
    "nop" : 2,
    "qty" : 2.0,
    "rate" : 228.81,
    "taxRt" : 18.0,
    "cgst" : 41.18,
    "sgst" : 41.18,
    "total" : 540.0,
    "valBefTax" : 457.62
  }, {
    "serialNo" : "3",
    "pname" : "100 NO 4 Handy Sheet",
    "hsn" : "68051010",
    "pack" : "1.0 PCS",
    "nop" : 1,
    "qty" : 1.0,
    "rate" : 8.47,
    "taxRt" : 18.0,
    "cgst" : 0.76,
    "sgst" : 0.76,
    "total" : 9.0,
    "valBefTax" : 8.47
  }, {
    "serialNo" : "4",
    "pname" : "BLACK LHG Luxol High Gloss Ena",
    "hsn" : "320890",
    "pack" : "1.0 LT",
    "nop" : 2,
    "qty" : 2.0,
    "rate" : 228.81,
    "taxRt" : 18.0,
    "cgst" : 41.18,
    "sgst" : 41.18,
    "total" : 540.0,
    "valBefTax" : 457.62
  }, {
    "serialNo" : "5",
    "pname" : "BUTTERFLY AC METAL Metal Primer Solvent",
    "hsn" : "320890",
    "pack" : "0.5 LT",
    "nop" : 1,
    "qty" : 0.5,
    "rate" : 97.46,
    "taxRt" : 18.0,
    "cgst" : 8.77,
    "sgst" : 8.77,
    "total" : 115.0,
    "valBefTax" : 97.46
  }, {
    "serialNo" : "6",
    "pname" : "100 NO 4 Handy Sheet",
    "hsn" : "68051010",
    "pack" : "1.0 PCS",
    "nop" : 2,
    "qty" : 2.0,
    "rate" : 8.47,
    "taxRt" : 18.0,
    "cgst" : 1.52,
    "sgst" : 1.52,
    "total" : 20.0,
    "valBefTax" : 16.94
  }, {
    "serialNo" : "7",
    "pname" : "SEAL O PRIME Xp Hs Seal O Prime",
    "hsn" : "320910",
    "pack" : "10.0 LT",
    "nop" : 1,
    "qty" : 10.0,
    "rate" : 1610.2,
    "taxRt" : 18.0,
    "cgst" : 144.91,
    "sgst" : 144.91,
    "total" : 1899.0,
    "valBefTax" : 1610.2
  }, {
    "serialNo" : "8",
    "pname" : "3\" STYLE 3 \"brushes",
    "hsn" : "96034010",
    "pack" : "1.0 PCS",
    "nop" : 1,
    "qty" : 1.0,
    "rate" : 190.68,
    "taxRt" : 18.0,
    "cgst" : 17.16,
    "sgst" : 17.16,
    "total" : 225.0,
    "valBefTax" : 190.68
  } ],
  "totalCgst" : 264.25,
  "totalSgst" : 264.25,
  "total" : 3463.0,
  "totalvbt" : 2936.45,
  "totalNop" : 11.0,
  "totqty" : 19.0,
  "paymentMode" : "Cash"
}