{
  "invoiceNo" : "000884",
  "date" : "16/06/2022",
  "cname" : "JADULAL PATRA",
  "caddress" : "CHANDI BARIA",
  "cgstno" : null,
  "items" : [ {
    "serialNo" : "1",
    "pname" : "P0 RTC C B Rangoli Total Ca",
    "hsn" : "320910",
    "pack" : "4.0 LT",
    "nop" : 1,
    "qty" : 4.0,
    "rate" : 1131.4,
    "taxRt" : 18.0,
    "cgst" : 101.82,
    "sgst" : 101.82,
    "total" : 1334.0,
    "valBefTax" : 1131.4
  }, {
    "serialNo" : "2",
    "pname" : "STYLE 4\" Brushes",
    "hsn" : "96034010",
    "pack" : "1.0 CS",
    "nop" : 1,
    "qty" : 1.0,
    "rate" : 296.61,
    "taxRt" : 18.0,
    "cgst" : 26.69,
    "sgst" : 26.69,
    "total" : 349.0,
    "valBefTax" : 296.61
  }, {
    "serialNo" : "3",
    "pname" : "STYLE 4\" Brushes",
    "hsn" : "96034010",
    "pack" : "1.0 CS",
    "nop" : 1,
    "qty" : 1.0,
    "rate" : 296.61,
    "taxRt" : 18.0,
    "cgst" : 26.69,
    "sgst" : 26.69,
    "total" : 349.0,
    "valBefTax" : 296.61
  }, {
    "serialNo" : "4",
    "pname" : "100 NO Wet & Dry Sandpaper",
    "hsn" : "680510",
    "pack" : "1.0 PCS",
    "nop" : 6,
    "qty" : 6.0,
    "rate" : 14.41,
    "taxRt" : 18.0,
    "cgst" : 7.8,
    "sgst" : 7.8,
    "total" : 102.0,
    "valBefTax" : 86.46
  }, {
    "serialNo" : "5",
    "pname" : "R BLUE Robin Blue",
    "hsn" : "32064100",
    "pack" : "0.05 KG",
    "nop" : 1,
    "qty" : 0.05,
    "rate" : 22.03,
    "taxRt" : 18.0,
    "cgst" : 1.98,
    "sgst" : 1.98,
    "total" : 25.0,
    "valBefTax" : 22.03
  }, {
    "serialNo" : "6",
    "pname" : "1\" MASKING TAPE BERG Painting Tools Rolle",
    "hsn" : "391910",
    "pack" : "1.0 LTR",
    "nop" : 3,
    "qty" : 3.0,
    "rate" : 25.42,
    "taxRt" : 18.0,
    "cgst" : 6.87,
    "sgst" : 6.87,
    "total" : 89.0,
    "valBefTax" : 76.26
  }, {
    "serialNo" : "7",
    "pname" : "BPCPWT Interior Wall Primer",
    "hsn" : "320910",
    "pack" : "1.0 LT",
    "nop" : 1,
    "qty" : 1.0,
    "rate" : 148.3,
    "taxRt" : 18.0,
    "cgst" : 13.35,
    "sgst" : 13.35,
    "total" : 175.0,
    "valBefTax" : 148.3
  } ],
  "totalCgst" : 185.2,
  "totalSgst" : 185.2,
  "total" : 2423.0,
  "totalvbt" : 2057.67,
  "totalNop" : 14.0,
  "totqty" : 16.05,
  "paymentMode" : "Cash"
}