{
  "invoiceNo" : "000870",
  "date" : "14/06/2022",
  "cname" : "CASH A/C",
  "caddress" : null,
  "cgstno" : null,
  "items" : [ {
    "serialNo" : "1",
    "pname" : "P0 EC C B Easy Clean Luxur",
    "hsn" : "320910",
    "pack" : "10.0 LT",
    "nop" : 1,
    "qty" : 10.0,
    "rate" : 3727.9,
    "taxRt" : 18.0,
    "cgst" : 335.51,
    "sgst" : 335.51,
    "total" : 4398.0,
    "valBefTax" : 3727.9
  }, {
    "serialNo" : "2",
    "pname" : "W1 EC C B Easy Clean Luxur",
    "hsn" : "320910",
    "pack" : "3.6 LT",
    "nop" : 2,
    "qty" : 7.2,
    "rate" : 1550.8,
    "taxRt" : 18.0,
    "cgst" : 279.16,
    "sgst" : 279.16,
    "total" : 3659.0,
    "valBefTax" : 3101.6
  } ],
  "totalCgst" : 614.67,
  "totalSgst" : 614.67,
  "total" : 8057.0,
  "totalvbt" : 6829.5,
  "totalNop" : 3.0,
  "totqty" : 17.2,
  "paymentMode" : "Cash",
  "phone" : null
}