{
  "invoiceNo" : "000806",
  "date" : "08/06/2022",
  "cname" : "GEMTECH (INDIA)",
  "caddress" : "81/2, MAHAJATI NAGAR, BIRATI, KOLKATA-700051",
  "cgstno" : null,
  "items" : [ {
    "serialNo" : "1",
    "pname" : "P O RED Floor Coat Emulsion",
    "hsn" : "32091090",
    "pack" : "10.0 LTR",
    "nop" : 2,
    "qty" : 20.0,
    "rate" : 4266.9,
    "taxRt" : 18.0,
    "cgst" : 768.04,
    "sgst" : 768.04,
    "total" : 10069.0,
    "valBefTax" : 8533.8
  }, {
    "serialNo" : "2",
    "pname" : "PAVER GREY Floor Coat Emulsion",
    "hsn" : "32091090",
    "pack" : "10.0 LTR",
    "nop" : 2,
    "qty" : 20.0,
    "rate" : 4266.9,
    "taxRt" : 18.0,
    "cgst" : 768.04,
    "sgst" : 768.04,
    "total" : 10069.0,
    "valBefTax" : 8533.8
  } ],
  "totalCgst" : 1536.08,
  "totalSgst" : 1536.08,
  "total" : 20138.0,
  "totalvbt" : 17067.6,
  "totalNop" : 4.0,
  "totqty" : 40.0,
  "paymentMode" : "Credit"
}