{
  "invoiceNo" : "000831",
  "date" : "11/06/2022",
  "cname" : "CASH A/C",
  "caddress" : null,
  "cgstno" : null,
  "items" : [ {
    "serialNo" : "1",
    "pname" : "YLW BISON C B Bison Emulsion",
    "hsn" : "320910",
    "pack" : "0.9 LT",
    "nop" : 1,
    "qty" : 0.9,
    "rate" : 182.2,
    "taxRt" : 18.0,
    "cgst" : 16.4,
    "sgst" : 16.4,
    "total" : 215.0,
    "valBefTax" : 182.2
  }, {
    "serialNo" : "2",
    "pname" : "P0 WLL Xp Wcoat Long Life",
    "hsn" : "320910",
    "pack" : "1.0 LTR",
    "nop" : 1,
    "qty" : 1.0,
    "rate" : 364.4,
    "taxRt" : 18.0,
    "cgst" : 32.8,
    "sgst" : 32.8,
    "total" : 430.0,
    "valBefTax" : 364.4
  }, {
    "serialNo" : "3",
    "pname" : "BIRLA WALL CARE PUTT Wallcare Putty Fine",
    "hsn" : "32141000",
    "pack" : "40.0 KGS",
    "nop" : 1,
    "qty" : 40.0,
    "rate" : 635.59,
    "taxRt" : 18.0,
    "cgst" : 57.2,
    "sgst" : 57.2,
    "total" : 749.0,
    "valBefTax" : 635.59
  }, {
    "serialNo" : "4",
    "pname" : "320 BLACK WPP Water Paper",
    "hsn" : "68052010",
    "pack" : "1.0 PCS",
    "nop" : 2,
    "qty" : 2.0,
    "rate" : 13.56,
    "taxRt" : 18.0,
    "cgst" : 2.44,
    "sgst" : 2.44,
    "total" : 32.0,
    "valBefTax" : 27.12
  } ],
  "totalCgst" : 108.84,
  "totalSgst" : 108.84,
  "total" : 1426.0,
  "totalvbt" : 1209.31,
  "totalNop" : 5.0,
  "totqty" : 43.9,
  "paymentMode" : "Cash"
}