{
  "invoiceNo" : "000888",
  "date" : "16/06/2022",
  "cname" : "CASH A/C",
  "caddress" : null,
  "cgstno" : null,
  "items" : [ {
    "serialNo" : "1",
    "pname" : "YLW EC C B Easy Clean Luxur",
    "hsn" : "320910",
    "pack" : "0.9 LT",
    "nop" : 1,
    "qty" : 0.9,
    "rate" : 416.95,
    "taxRt" : 18.0,
    "cgst" : 37.53,
    "sgst" : 37.53,
    "total" : 492.0,
    "valBefTax" : 416.95
  }, {
    "serialNo" : "2",
    "pname" : "W1 EC C B Easy Clean Luxur",
    "hsn" : "320910",
    "pack" : "3.6 LT",
    "nop" : 2,
    "qty" : 7.2,
    "rate" : 1601.7,
    "taxRt" : 18.0,
    "cgst" : 288.3,
    "sgst" : 288.3,
    "total" : 3779.0,
    "valBefTax" : 3203.4
  }, {
    "serialNo" : "3",
    "pname" : "W1 EC C B Easy Clean Luxur",
    "hsn" : "320910",
    "pack" : "0.9 LT",
    "nop" : 1,
    "qty" : 0.9,
    "rate" : 389.83,
    "taxRt" : 18.0,
    "cgst" : 35.08,
    "sgst" : 35.08,
    "total" : 459.0,
    "valBefTax" : 389.83
  }, {
    "serialNo" : "4",
    "pname" : "N2 EC C B Easy Clean Luxur",
    "hsn" : "320910",
    "pack" : "0.9 LT",
    "nop" : 1,
    "qty" : 0.9,
    "rate" : 398.3,
    "taxRt" : 18.0,
    "cgst" : 35.85,
    "sgst" : 35.85,
    "total" : 470.0,
    "valBefTax" : 398.3
  } ],
  "totalCgst" : 396.76,
  "totalSgst" : 396.76,
  "total" : 5200.0,
  "totalvbt" : 4408.48,
  "totalNop" : 5.0,
  "totqty" : 9.9,
  "paymentMode" : "Cash"
}