{
  "invoiceNo" : "000867",
  "date" : "14/06/2022",
  "cname" : "CASH A/C",
  "caddress" : null,
  "cgstno" : null,
  "items" : [ {
    "serialNo" : "1",
    "pname" : "P0 WLL 8' Wll Flexo",
    "hsn" : "320910",
    "pack" : "20.0 LTR",
    "nop" : 1,
    "qty" : 20.0,
    "rate" : 7690.6,
    "taxRt" : 18.0,
    "cgst" : 692.15,
    "sgst" : 692.15,
    "total" : 9074.0,
    "valBefTax" : 7690.6
  } ],
  "totalCgst" : 692.15,
  "totalSgst" : 692.15,
  "total" : 9074.0,
  "totalvbt" : 7690.6,
  "totalNop" : 1.0,
  "totqty" : 20.0,
  "paymentMode" : "Cash",
  "phone" : null
}