{
  "invoiceNo" : "000827",
  "date" : "10/06/2022",
  "cname" : "SANAKA ENTERPRISE",
  "caddress" : "RR 49,JHEEL PAR RD. TARULIA R R SITE KOL 156",
  "cgstno" : null,
  "items" : [ {
    "serialNo" : "1",
    "pname" : "PO RED LHG Luxol High Gloss Ena",
    "hsn" : "320890",
    "pack" : "1.0 LT",
    "nop" : 1,
    "qty" : 1.0,
    "rate" : 241.52,
    "taxRt" : 18.0,
    "cgst" : 21.74,
    "sgst" : 21.74,
    "total" : 285.0,
    "valBefTax" : 241.52
  } ],
  "totalCgst" : 21.74,
  "totalSgst" : 21.74,
  "total" : 285.0,
  "totalvbt" : 241.52,
  "totalNop" : 1.0,
  "totqty" : 1.0,
  "paymentMode" : "Cash"
}