{
  "invoiceNo" : "000866",
  "date" : "14/06/2022",
  "cname" : "CASH A/C",
  "caddress" : null,
  "cgstno" : null,
  "items" : [ {
    "serialNo" : "1",
    "pname" : "BIRLA WALL CARE PUTT Wallcare Putty Fine",
    "hsn" : "32141000",
    "pack" : "40.0 KGS",
    "nop" : 2,
    "qty" : 80.0,
    "rate" : 635.59,
    "taxRt" : 18.0,
    "cgst" : 114.4,
    "sgst" : 114.4,
    "total" : 1500.0,
    "valBefTax" : 1271.18
  }, {
    "serialNo" : "2",
    "pname" : "TRUCK BROWN Luxol High Gloss Ena",
    "hsn" : "320890",
    "pack" : "0.5 LT",
    "nop" : 1,
    "qty" : 0.5,
    "rate" : 127.12,
    "taxRt" : 18.0,
    "cgst" : 11.44,
    "sgst" : 11.44,
    "total" : 150.0,
    "valBefTax" : 127.12
  } ],
  "totalCgst" : 125.84,
  "totalSgst" : 125.84,
  "total" : 1650.0,
  "totalvbt" : 1398.3,
  "totalNop" : 3.0,
  "totqty" : 80.5,
  "paymentMode" : "Cash"
}