{
  "invoiceNo" : "000986",
  "date" : "26/06/2022",
  "cname" : "CASH A/C",
  "caddress" : null,
  "cgstno" : null,
  "items" : [ {
    "serialNo" : "1",
    "pname" : "ROYAL IVORY Luxol High Gloss Ena",
    "hsn" : "320810",
    "pack" : "0.5 LTR",
    "nop" : 1,
    "qty" : 0.5,
    "rate" : 127.12,
    "taxRt" : 18.0,
    "cgst" : 11.44,
    "sgst" : 11.44,
    "total" : 150.0,
    "valBefTax" : 127.12
  }, {
    "serialNo" : "2",
    "pname" : "F GREEN Unitint",
    "hsn" : "32139000",
    "pack" : "0.05 LTR",
    "nop" : 1,
    "qty" : 0.05,
    "rate" : 32.2,
    "taxRt" : 18.0,
    "cgst" : 2.9,
    "sgst" : 2.9,
    "total" : 38.0,
    "valBefTax" : 32.2
  }, {
    "serialNo" : "3",
    "pname" : "WB CP DUWEL Wb Primers",
    "hsn" : "32091090",
    "pack" : "1.0 LT",
    "nop" : 1,
    "qty" : 1.0,
    "rate" : 139.83,
    "taxRt" : 18.0,
    "cgst" : 12.58,
    "sgst" : 12.58,
    "total" : 164.0,
    "valBefTax" : 139.83
  }, {
    "serialNo" : "4",
    "pname" : "100 NO Wet & Dry Sandpaper",
    "hsn" : "680510",
    "pack" : "1.0 PCS",
    "nop" : 1,
    "qty" : 1.0,
    "rate" : 14.41,
    "taxRt" : 18.0,
    "cgst" : 1.3,
    "sgst" : 1.3,
    "total" : 17.0,
    "valBefTax" : 14.41
  }, {
    "serialNo" : "5",
    "pname" : "WHITE CEMENT White Cement",
    "hsn" : "25232100",
    "pack" : "5.0 KGS",
    "nop" : 1,
    "qty" : 5.0,
    "rate" : 109.37,
    "taxRt" : 28.0,
    "cgst" : 15.31,
    "sgst" : 15.31,
    "total" : 139.0,
    "valBefTax" : 109.37
  }, {
    "serialNo" : "6",
    "pname" : "GLDN BROWN Luxol-7-in-1 Colours",
    "hsn" : "320890",
    "pack" : "4.0 LTR",
    "nop" : 1,
    "qty" : 4.0,
    "rate" : 1144.1,
    "taxRt" : 18.0,
    "cgst" : 102.97,
    "sgst" : 102.97,
    "total" : 1350.0,
    "valBefTax" : 1144.1
  }, {
    "serialNo" : "7",
    "pname" : "W2 7IN1 Luxol-7-in-1 Base",
    "hsn" : "320890",
    "pack" : "3.8 LTR",
    "nop" : 1,
    "qty" : 3.8,
    "rate" : 1330.5,
    "taxRt" : 18.0,
    "cgst" : 119.74,
    "sgst" : 119.74,
    "total" : 1569.0,
    "valBefTax" : 1330.5
  }, {
    "serialNo" : "8",
    "pname" : "100 NO Wet & Dry Sandpaper",
    "hsn" : "680510",
    "pack" : "1.0 PCS",
    "nop" : 7,
    "qty" : 7.0,
    "rate" : 14.41,
    "taxRt" : 18.0,
    "cgst" : 9.1,
    "sgst" : 9.1,
    "total" : 119.0,
    "valBefTax" : 100.87
  }, {
    "serialNo" : "9",
    "pname" : "YLW GLMR C B Xp Silk Glamour",
    "hsn" : "320910",
    "pack" : "0.9 LT",
    "nop" : 1,
    "qty" : 0.9,
    "rate" : 525.42,
    "taxRt" : 18.0,
    "cgst" : 47.29,
    "sgst" : 47.29,
    "total" : 620.0,
    "valBefTax" : 525.42
  }, {
    "serialNo" : "10",
    "pname" : "P0 SLK GLOW Silk Glow",
    "hsn" : "320910",
    "pack" : "1.0 LTR",
    "nop" : 3,
    "qty" : 3.0,
    "rate" : 485.87,
    "taxRt" : 18.0,
    "cgst" : 131.19,
    "sgst" : 131.19,
    "total" : 1719.0,
    "valBefTax" : 1457.61
  }, {
    "serialNo" : "11",
    "pname" : "GLDN BROWN Luxol High Gloss Ena",
    "hsn" : "320890",
    "pack" : "0.5 LT",
    "nop" : 1,
    "qty" : 0.5,
    "rate" : 127.12,
    "taxRt" : 18.0,
    "cgst" : 11.44,
    "sgst" : 11.44,
    "total" : 150.0,
    "valBefTax" : 127.12
  }, {
    "serialNo" : "12",
    "pname" : "SEAL O PRIME Xp Hs Seal O Prime",
    "hsn" : "320910",
    "pack" : "1.0 LT",
    "nop" : 1,
    "qty" : 1.0,
    "rate" : 190.68,
    "taxRt" : 18.0,
    "cgst" : 17.16,
    "sgst" : 17.16,
    "total" : 225.0,
    "valBefTax" : 190.68
  } ],
  "totalCgst" : 482.42,
  "totalSgst" : 482.42,
  "total" : 6260.0,
  "totalvbt" : 5299.23,
  "totalNop" : 20.0,
  "totqty" : 27.75,
  "paymentMode" : "Cash"
}