{
  "invoiceNo" : "000958",
  "date" : "23/06/2022",
  "cname" : "CASH A/C",
  "caddress" : null,
  "cgstno" : null,
  "items" : [ {
    "serialNo" : "1",
    "pname" : "BLACK LHG Luxol High Gloss Ena",
    "hsn" : "320890",
    "pack" : "0.5 LT",
    "nop" : 1,
    "qty" : 0.5,
    "rate" : 127.12,
    "taxRt" : 18.0,
    "cgst" : 11.44,
    "sgst" : 11.44,
    "total" : 150.0,
    "valBefTax" : 127.12
  } ],
  "totalCgst" : 11.44,
  "totalSgst" : 11.44,
  "total" : 150.0,
  "totalvbt" : 127.12,
  "totalNop" : 1.0,
  "totqty" : 0.5,
  "paymentMode" : "Cash"
}