{
  "invoiceNo" : "000964",
  "date" : "23/06/2022",
  "cname" : "M SUKANTA MISTRY",
  "caddress" : "JAGATPUR  KOLKATA 700159",
  "cgstno" : null,
  "items" : [ {
    "serialNo" : "1",
    "pname" : "RED OXIDE METAL PRIM St Primers",
    "hsn" : "32091010",
    "pack" : "1.0 LTR",
    "nop" : 1,
    "qty" : 1.0,
    "rate" : 190.68,
    "taxRt" : 18.0,
    "cgst" : 17.16,
    "sgst" : 17.16,
    "total" : 225.0,
    "valBefTax" : 190.68
  } ],
  "totalCgst" : 17.16,
  "totalSgst" : 17.16,
  "total" : 225.0,
  "totalvbt" : 190.68,
  "totalNop" : 1.0,
  "totqty" : 1.0,
  "paymentMode" : "Cash"
}