{
  "invoiceNo" : "000978",
  "date" : "25/06/2022",
  "cname" : "S P CHACKBORTY",
  "caddress" : "F C 14/4 LILA APARTMENT VIDYASAGAR PALLY  KOLKATA 700159",
  "cgstno" : null,
  "items" : [ {
    "serialNo" : "1",
    "pname" : "W1 EC C B Easy Clean Luxur",
    "hsn" : "320910",
    "pack" : "3.6 LT",
    "nop" : 1,
    "qty" : 3.6,
    "rate" : 1500.0,
    "taxRt" : 18.0,
    "cgst" : 135.0,
    "sgst" : 135.0,
    "total" : 1769.0,
    "valBefTax" : 1500.0
  }, {
    "serialNo" : "2",
    "pname" : "N2 EC C B Easy Clean Luxur",
    "hsn" : "320910",
    "pack" : "0.9 LT",
    "nop" : 4,
    "qty" : 3.6,
    "rate" : 391.95,
    "taxRt" : 18.0,
    "cgst" : 141.12,
    "sgst" : 141.12,
    "total" : 1849.0,
    "valBefTax" : 1567.8
  }, {
    "serialNo" : "3",
    "pname" : "YLW EC C B Easy Clean Luxur",
    "hsn" : "320910",
    "pack" : "3.6 LT",
    "nop" : 1,
    "qty" : 3.6,
    "rate" : 1779.7,
    "taxRt" : 18.0,
    "cgst" : 160.17,
    "sgst" : 160.17,
    "total" : 2099.0,
    "valBefTax" : 1779.7
  }, {
    "serialNo" : "4",
    "pname" : "W1 EC C B Easy Clean Luxur",
    "hsn" : "320910",
    "pack" : "0.9 LT",
    "nop" : 2,
    "qty" : 1.8,
    "rate" : 381.35,
    "taxRt" : 18.0,
    "cgst" : 68.64,
    "sgst" : 68.64,
    "total" : 899.0,
    "valBefTax" : 762.7
  }, {
    "serialNo" : "5",
    "pname" : "N2 EC C B Easy Clean Luxur",
    "hsn" : "320910",
    "pack" : "0.9 LT",
    "nop" : 1,
    "qty" : 0.9,
    "rate" : 406.78,
    "taxRt" : 18.0,
    "cgst" : 36.61,
    "sgst" : 36.61,
    "total" : 480.0,
    "valBefTax" : 406.78
  }, {
    "serialNo" : "6",
    "pname" : "P0 EC C B Easy Clean Luxur",
    "hsn" : "320910",
    "pack" : "1.0 LT",
    "nop" : 2,
    "qty" : 2.0,
    "rate" : 381.35,
    "taxRt" : 18.0,
    "cgst" : 68.64,
    "sgst" : 68.64,
    "total" : 899.0,
    "valBefTax" : 762.7
  }, {
    "serialNo" : "7",
    "pname" : "W1 EC C B Easy Clean Luxur",
    "hsn" : "320910",
    "pack" : "0.9 LT",
    "nop" : 1,
    "qty" : 0.9,
    "rate" : 381.35,
    "taxRt" : 18.0,
    "cgst" : 34.32,
    "sgst" : 34.32,
    "total" : 449.0,
    "valBefTax" : 381.35
  }, {
    "serialNo" : "8",
    "pname" : "UW EC XP FRESH Xp E. Clean Fresh",
    "hsn" : "320910",
    "pack" : "1.0 LTR",
    "nop" : 2,
    "qty" : 2.0,
    "rate" : 398.3,
    "taxRt" : 18.0,
    "cgst" : 71.7,
    "sgst" : 71.7,
    "total" : 939.0,
    "valBefTax" : 796.6
  }, {
    "serialNo" : "9",
    "pname" : "PALE CREAM Luxol High Gloss Ena",
    "hsn" : "320890",
    "pack" : "1.0 LT",
    "nop" : 1,
    "qty" : 1.0,
    "rate" : 254.24,
    "taxRt" : 18.0,
    "cgst" : 22.88,
    "sgst" : 22.88,
    "total" : 300.0,
    "valBefTax" : 254.24
  }, {
    "serialNo" : "10",
    "pname" : "GP THINNER Thinners",
    "hsn" : "320810",
    "pack" : "1.0 LTR",
    "nop" : 1,
    "qty" : 1.0,
    "rate" : 101.69,
    "taxRt" : 18.0,
    "cgst" : 9.15,
    "sgst" : 9.15,
    "total" : 119.0,
    "valBefTax" : 101.69
  }, {
    "serialNo" : "11",
    "pname" : "PRO WATERPROOF PUTTY Pro Water Proof Putt",
    "hsn" : "321410",
    "pack" : "40.0 KGS",
    "nop" : 1,
    "qty" : 40.0,
    "rate" : 423.73,
    "taxRt" : 18.0,
    "cgst" : 38.14,
    "sgst" : 38.14,
    "total" : 500.0,
    "valBefTax" : 423.73
  }, {
    "serialNo" : "12",
    "pname" : "GLDN BROWN Luxol High Gloss Ena",
    "hsn" : "320890",
    "pack" : "1.0 LT",
    "nop" : 2,
    "qty" : 2.0,
    "rate" : 228.81,
    "taxRt" : 18.0,
    "cgst" : 41.18,
    "sgst" : 41.18,
    "total" : 540.0,
    "valBefTax" : 457.62
  }, {
    "serialNo" : "13",
    "pname" : "BROWN Luxol High Gloss Ena",
    "hsn" : "320890",
    "pack" : "0.2 LTR",
    "nop" : 1,
    "qty" : 0.2,
    "rate" : 72.03,
    "taxRt" : 18.0,
    "cgst" : 6.48,
    "sgst" : 6.48,
    "total" : 84.0,
    "valBefTax" : 72.03
  }, {
    "serialNo" : "14",
    "pname" : "BLACK LHG Luxol High Gloss Ena",
    "hsn" : "320890",
    "pack" : "4.0 LT",
    "nop" : 1,
    "qty" : 4.0,
    "rate" : 889.82,
    "taxRt" : 18.0,
    "cgst" : 80.08,
    "sgst" : 80.08,
    "total" : 1049.0,
    "valBefTax" : 889.82
  }, {
    "serialNo" : "15",
    "pname" : "80 NO Wet & Dry Sandpaper",
    "hsn" : "68051010",
    "pack" : "1.0 PCS",
    "nop" : 2,
    "qty" : 2.0,
    "rate" : 14.41,
    "taxRt" : 18.0,
    "cgst" : 2.6,
    "sgst" : 2.6,
    "total" : 33.0,
    "valBefTax" : 28.82
  }, {
    "serialNo" : "16",
    "pname" : "150 NO Wet & Dry Sandpaper",
    "hsn" : "680510",
    "pack" : "1.0 PCS",
    "nop" : 2,
    "qty" : 2.0,
    "rate" : 14.41,
    "taxRt" : 18.0,
    "cgst" : 2.6,
    "sgst" : 2.6,
    "total" : 33.0,
    "valBefTax" : 28.82
  }, {
    "serialNo" : "17",
    "pname" : "SEAL O PRIME Xp Hs Seal O Prime",
    "hsn" : "320910",
    "pack" : "1.0 LT",
    "nop" : 2,
    "qty" : 2.0,
    "rate" : 190.68,
    "taxRt" : 18.0,
    "cgst" : 34.32,
    "sgst" : 34.32,
    "total" : 449.0,
    "valBefTax" : 381.36
  }, {
    "serialNo" : "18",
    "pname" : "DAMPSTOP Construction Chemica",
    "hsn" : "400211",
    "pack" : "5.0 KG",
    "nop" : 1,
    "qty" : 5.0,
    "rate" : 957.62,
    "taxRt" : 18.0,
    "cgst" : 86.19,
    "sgst" : 86.19,
    "total" : 1130.0,
    "valBefTax" : 957.62
  } ],
  "totalCgst" : 1039.82,
  "totalSgst" : 1039.82,
  "total" : 13620.0,
  "totalvbt" : 11553.38,
  "totalNop" : 28.0,
  "totqty" : 77.6,
  "paymentMode" : "Cash",
  "phone" : null
}