{
  "invoiceNo" : "000975",
  "date" : "24/06/2022",
  "cname" : "CASH A/C",
  "caddress" : null,
  "cgstno" : null,
  "items" : [ {
    "serialNo" : "1",
    "pname" : "RED OXIDE METAL PRIM St Primers",
    "hsn" : "32091010",
    "pack" : "1.0 LTR",
    "nop" : 1,
    "qty" : 1.0,
    "rate" : 186.44,
    "taxRt" : 18.0,
    "cgst" : 16.78,
    "sgst" : 16.78,
    "total" : 220.0,
    "valBefTax" : 186.44
  }, {
    "serialNo" : "2",
    "pname" : "BLACK LHG Luxol High Gloss Ena",
    "hsn" : "320890",
    "pack" : "4.0 LT",
    "nop" : 1,
    "qty" : 4.0,
    "rate" : 889.82,
    "taxRt" : 18.0,
    "cgst" : 80.08,
    "sgst" : 80.08,
    "total" : 1049.0,
    "valBefTax" : 889.82
  }, {
    "serialNo" : "3",
    "pname" : "100 NO Wet & Dry Sandpaper",
    "hsn" : "680510",
    "pack" : "1.0 PCS",
    "nop" : 6,
    "qty" : 6.0,
    "rate" : 14.41,
    "taxRt" : 18.0,
    "cgst" : 7.8,
    "sgst" : 7.8,
    "total" : 102.0,
    "valBefTax" : 86.46
  }, {
    "serialNo" : "4",
    "pname" : "ALUMINIUM PAINT Aluminium Paint",
    "hsn" : "32129010",
    "pack" : "0.5 LTR",
    "nop" : 1,
    "qty" : 0.5,
    "rate" : 186.44,
    "taxRt" : 18.0,
    "cgst" : 16.78,
    "sgst" : 16.78,
    "total" : 220.0,
    "valBefTax" : 186.44
  }, {
    "serialNo" : "5",
    "pname" : "RED OXIDE METAL PRIM St Primers",
    "hsn" : "32091010",
    "pack" : "1.0 LTR",
    "nop" : 2,
    "qty" : 2.0,
    "rate" : 186.44,
    "taxRt" : 18.0,
    "cgst" : 33.56,
    "sgst" : 33.56,
    "total" : 440.0,
    "valBefTax" : 372.88
  }, {
    "serialNo" : "6",
    "pname" : "LEAF BROWN Luxol High Gloss Ena",
    "hsn" : "320890",
    "pack" : "4.0 LT",
    "nop" : 1,
    "qty" : 4.0,
    "rate" : 889.82,
    "taxRt" : 18.0,
    "cgst" : 80.08,
    "sgst" : 80.08,
    "total" : 1049.0,
    "valBefTax" : 889.82
  }, {
    "serialNo" : "7",
    "pname" : "BLACK LHG Luxol High Gloss Ena",
    "hsn" : "320890",
    "pack" : "0.5 LT",
    "nop" : 1,
    "qty" : 0.5,
    "rate" : 127.12,
    "taxRt" : 18.0,
    "cgst" : 11.44,
    "sgst" : 11.44,
    "total" : 150.0,
    "valBefTax" : 127.12
  }, {
    "serialNo" : "8",
    "pname" : "100 NO Wet & Dry Sandpaper",
    "hsn" : "680510",
    "pack" : "1.0 PCS",
    "nop" : 12,
    "qty" : 12.0,
    "rate" : 14.41,
    "taxRt" : 18.0,
    "cgst" : 15.6,
    "sgst" : 15.6,
    "total" : 204.0,
    "valBefTax" : 172.92
  }, {
    "serialNo" : "9",
    "pname" : "GP THINNER Thinners",
    "hsn" : "320810",
    "pack" : "1.0 LTR",
    "nop" : 2,
    "qty" : 2.0,
    "rate" : 101.69,
    "taxRt" : 18.0,
    "cgst" : 18.3,
    "sgst" : 18.3,
    "total" : 239.0,
    "valBefTax" : 203.38
  } ],
  "totalCgst" : 280.42,
  "totalSgst" : 280.42,
  "total" : 3673.0,
  "totalvbt" : 3115.28,
  "totalNop" : 27.0,
  "totqty" : 32.0,
  "paymentMode" : "Cash",
  "phone" : null
}