{
  "invoiceNo" : "000969",
  "date" : "23/06/2022",
  "cname" : "CASH A/C",
  "caddress" : null,
  "cgstno" : null,
  "items" : [ {
    "serialNo" : "1",
    "pname" : "1\" MASKING TAPE BERG Painting Tools Rolle",
    "hsn" : "391910",
    "pack" : "1.0 LTR",
    "nop" : 2,
    "qty" : 2.0,
    "rate" : 21.19,
    "taxRt" : 18.0,
    "cgst" : 3.82,
    "sgst" : 3.82,
    "total" : 49.0,
    "valBefTax" : 42.38
  } ],
  "totalCgst" : 3.82,
  "totalSgst" : 3.82,
  "total" : 49.0,
  "totalvbt" : 42.38,
  "totalNop" : 2.0,
  "totqty" : 2.0,
  "paymentMode" : "Cash"
}