{
  "invoiceNo" : "000987",
  "date" : "26/06/2022",
  "cname" : "KALIM ENTERPRISE",
  "caddress" : "VIL&PO GHUNI KOL 157",
  "cgstno" : null,
  "items" : [ {
    "serialNo" : "1",
    "pname" : "80 NO Wet & Dry Sandpaper",
    "hsn" : "68051010",
    "pack" : "1.0 PCS",
    "nop" : 17,
    "qty" : 17.0,
    "rate" : 14.41,
    "taxRt" : 18.0,
    "cgst" : 22.1,
    "sgst" : 22.1,
    "total" : 288.0,
    "valBefTax" : 244.97
  } ],
  "totalCgst" : 22.1,
  "totalSgst" : 22.1,
  "total" : 288.0,
  "totalvbt" : 244.97,
  "totalNop" : 17.0,
  "totqty" : 17.0,
  "paymentMode" : "Credit"
}