{
  "invoiceNo" : "000925",
  "date" : "20/06/2022",
  "cname" : "CASH A/C",
  "caddress" : null,
  "cgstno" : null,
  "items" : [ {
    "serialNo" : "1",
    "pname" : "120 NO Wet & Dry Sandpaper",
    "hsn" : "680510",
    "pack" : "1.0 PCS",
    "nop" : 4,
    "qty" : 4.0,
    "rate" : 14.41,
    "taxRt" : 18.0,
    "cgst" : 5.2,
    "sgst" : 5.2,
    "total" : 68.0,
    "valBefTax" : 57.64
  }, {
    "serialNo" : "2",
    "pname" : "YLW WLL 7 Xp Long Life 7",
    "hsn" : "320910",
    "pack" : "0.9 LTR",
    "nop" : 2,
    "qty" : 1.8,
    "rate" : 394.91,
    "taxRt" : 18.0,
    "cgst" : 71.08,
    "sgst" : 71.08,
    "total" : 931.0,
    "valBefTax" : 789.82
  } ],
  "totalCgst" : 76.28,
  "totalSgst" : 76.28,
  "total" : 999.0,
  "totalvbt" : 847.46,
  "totalNop" : 6.0,
  "totqty" : 5.8,
  "paymentMode" : "Cash"
}