{
  "invoiceNo" : "000944",
  "date" : "22/06/2022",
  "cname" : "CASH A/C",
  "caddress" : null,
  "cgstno" : null,
  "items" : [ {
    "serialNo" : "1",
    "pname" : "GLDN BROWN Luxol High Gloss Ena",
    "hsn" : "320890",
    "pack" : "1.0 LT",
    "nop" : 2,
    "qty" : 2.0,
    "rate" : 228.81,
    "taxRt" : 18.0,
    "cgst" : 41.18,
    "sgst" : 41.18,
    "total" : 540.0,
    "valBefTax" : 457.62
  }, {
    "serialNo" : "2",
    "pname" : "QD PRIMER GREY LUXOL Qd Primer",
    "hsn" : "320810",
    "pack" : "1.0 LTR",
    "nop" : 1,
    "qty" : 1.0,
    "rate" : 313.56,
    "taxRt" : 18.0,
    "cgst" : 28.22,
    "sgst" : 28.22,
    "total" : 370.0,
    "valBefTax" : 313.56
  }, {
    "serialNo" : "3",
    "pname" : "D BRN LUX XTRA C B Luxol Xtra Ename",
    "hsn" : "320890",
    "pack" : "0.95 LT",
    "nop" : 1,
    "qty" : 0.95,
    "rate" : 254.24,
    "taxRt" : 18.0,
    "cgst" : 22.88,
    "sgst" : 22.88,
    "total" : 300.0,
    "valBefTax" : 254.24
  }, {
    "serialNo" : "4",
    "pname" : "80 NO Wet & Dry Sandpaper",
    "hsn" : "68051010",
    "pack" : "1.0 PCS",
    "nop" : 2,
    "qty" : 2.0,
    "rate" : 14.41,
    "taxRt" : 18.0,
    "cgst" : 2.6,
    "sgst" : 2.6,
    "total" : 33.0,
    "valBefTax" : 28.82
  }, {
    "serialNo" : "5",
    "pname" : "100 NO Wet & Dry Sandpaper",
    "hsn" : "680510",
    "pack" : "1.0 PCS",
    "nop" : 12,
    "qty" : 12.0,
    "rate" : 10.17,
    "taxRt" : 18.0,
    "cgst" : 11.04,
    "sgst" : 11.04,
    "total" : 143.0,
    "valBefTax" : 122.04
  }, {
    "serialNo" : "6",
    "pname" : "ALKALI BLOC Wb Primers",
    "hsn" : "32091090",
    "pack" : "1.0 LTR",
    "nop" : 2,
    "qty" : 2.0,
    "rate" : 173.73,
    "taxRt" : 18.0,
    "cgst" : 31.28,
    "sgst" : 31.28,
    "total" : 409.0,
    "valBefTax" : 347.46
  }, {
    "serialNo" : "7",
    "pname" : "SNOW WHITE Luxol High Gloss Ena",
    "hsn" : "320890",
    "pack" : "4.0 LT",
    "nop" : 1,
    "qty" : 4.0,
    "rate" : 442.37,
    "taxRt" : 18.0,
    "cgst" : 39.81,
    "sgst" : 39.81,
    "total" : 521.0,
    "valBefTax" : 442.37
  } ],
  "totalCgst" : 177.01,
  "totalSgst" : 177.01,
  "total" : 2316.0,
  "totalvbt" : 1966.11,
  "totalNop" : 21.0,
  "totqty" : 23.95,
  "paymentMode" : "Cash"
}