{
  "invoiceNo" : "000923",
  "date" : "20/06/2022",
  "cname" : "JADULAL PATRA",
  "caddress" : "CHANDI BARIA",
  "cgstno" : null,
  "items" : [ {
    "serialNo" : "1",
    "pname" : "W1 RTC C B Rangoli Total Ca",
    "hsn" : "320910",
    "pack" : "0.9 LT",
    "nop" : 1,
    "qty" : 0.9,
    "rate" : 344.06,
    "taxRt" : 18.0,
    "cgst" : 30.97,
    "sgst" : 30.97,
    "total" : 406.0,
    "valBefTax" : 344.06
  }, {
    "serialNo" : "2",
    "pname" : "P0 RTC C B Rangoli Total Ca",
    "hsn" : "320910",
    "pack" : "1.0 LT",
    "nop" : 1,
    "qty" : 1.0,
    "rate" : 288.13,
    "taxRt" : 18.0,
    "cgst" : 25.93,
    "sgst" : 25.93,
    "total" : 339.0,
    "valBefTax" : 288.13
  } ],
  "totalCgst" : 56.9,
  "totalSgst" : 56.9,
  "total" : 745.0,
  "totalvbt" : 632.19,
  "totalNop" : 2.0,
  "totqty" : 1.9,
  "paymentMode" : "Cash",
  "phone" : null
}