{
  "invoiceNo" : "000922",
  "date" : "20/06/2022",
  "cname" : "CASH A/C",
  "caddress" : null,
  "cgstno" : null,
  "items" : [ {
    "serialNo" : "1",
    "pname" : "BIRLA WALL CARE PUTT Wallcare Putty Fine",
    "hsn" : "32141000",
    "pack" : "40.0 KGS",
    "nop" : 1,
    "qty" : 40.0,
    "rate" : 576.27,
    "taxRt" : 18.0,
    "cgst" : 51.86,
    "sgst" : 51.86,
    "total" : 679.0,
    "valBefTax" : 576.27
  }, {
    "serialNo" : "2",
    "pname" : "100 NO Wet & Dry Sandpaper",
    "hsn" : "680510",
    "pack" : "1.0 PCS",
    "nop" : 7,
    "qty" : 7.0,
    "rate" : 0.85,
    "taxRt" : 18.0,
    "cgst" : 0.56,
    "sgst" : 0.56,
    "total" : 6.0,
    "valBefTax" : 5.95
  } ],
  "totalCgst" : 52.42,
  "totalSgst" : 52.42,
  "total" : 685.0,
  "totalvbt" : 582.22,
  "totalNop" : 8.0,
  "totqty" : 47.0,
  "paymentMode" : "Cash",
  "phone" : null
}