{
  "invoiceNo" : "000934",
  "date" : "20/06/2022",
  "cname" : "M SABHYASCHI",
  "caddress" : null,
  "cgstno" : null,
  "items" : [ {
    "serialNo" : "1",
    "pname" : "THINNER Multipurpose Thinner",
    "hsn" : "38140010",
    "pack" : "1.0 LTR",
    "nop" : 1,
    "qty" : 1.0,
    "rate" : 177.96,
    "taxRt" : 18.0,
    "cgst" : 16.02,
    "sgst" : 16.02,
    "total" : 210.0,
    "valBefTax" : 177.96
  } ],
  "totalCgst" : 16.02,
  "totalSgst" : 16.02,
  "total" : 210.0,
  "totalvbt" : 177.96,
  "totalNop" : 1.0,
  "totqty" : 1.0,
  "paymentMode" : "Cash",
  "phone" : null
}