{
  "invoiceNo" : "000980",
  "date" : "25/06/2022",
  "cname" : "SUDIP JAISWAL",
  "caddress" : null,
  "cgstno" : null,
  "items" : [ {
    "serialNo" : "1",
    "pname" : "R BLUE Robin Blue",
    "hsn" : "32064100",
    "pack" : "0.05 KG",
    "nop" : 1,
    "qty" : 0.05,
    "rate" : 22.03,
    "taxRt" : 18.0,
    "cgst" : 1.98,
    "sgst" : 1.98,
    "total" : 25.0,
    "valBefTax" : 22.03
  } ],
  "totalCgst" : 1.98,
  "totalSgst" : 1.98,
  "total" : 25.0,
  "totalvbt" : 22.03,
  "totalNop" : 1.0,
  "totqty" : 0.05,
  "paymentMode" : "Cash"
}