{
  "invoiceNo" : "000929",
  "date" : "20/06/2022",
  "cname" : "CASH A/C",
  "caddress" : null,
  "cgstno" : null,
  "items" : [ {
    "serialNo" : "1",
    "pname" : "HAPPY WALL PUTTY Putty",
    "hsn" : "321410",
    "pack" : "1.0 KG",
    "nop" : 1,
    "qty" : 1.0,
    "rate" : 67.8,
    "taxRt" : 18.0,
    "cgst" : 6.1,
    "sgst" : 6.1,
    "total" : 80.0,
    "valBefTax" : 67.8
  }, {
    "serialNo" : "2",
    "pname" : "P0 SLK GLOW Silk Glow",
    "hsn" : "320910",
    "pack" : "1.0 LTR",
    "nop" : 1,
    "qty" : 1.0,
    "rate" : 491.52,
    "taxRt" : 18.0,
    "cgst" : 44.24,
    "sgst" : 44.24,
    "total" : 580.0,
    "valBefTax" : 491.52
  } ],
  "totalCgst" : 50.34,
  "totalSgst" : 50.34,
  "total" : 660.0,
  "totalvbt" : 559.32,
  "totalNop" : 2.0,
  "totqty" : 2.0,
  "paymentMode" : "Cash"
}