{
  "invoiceNo" : "000981",
  "date" : "25/06/2022",
  "cname" : "CASH A/C",
  "caddress" : null,
  "cgstno" : null,
  "items" : [ {
    "serialNo" : "1",
    "pname" : "F RED NEW Luxol Universal Stai",
    "hsn" : "321390",
    "pack" : "0.1 LTR",
    "nop" : 2,
    "qty" : 0.2,
    "rate" : 80.51,
    "taxRt" : 18.0,
    "cgst" : 14.5,
    "sgst" : 14.5,
    "total" : 190.0,
    "valBefTax" : 161.02
  }, {
    "serialNo" : "2",
    "pname" : "F GREEN Unitint",
    "hsn" : "32139000",
    "pack" : "0.1 LTR",
    "nop" : 1,
    "qty" : 0.1,
    "rate" : 64.41,
    "taxRt" : 18.0,
    "cgst" : 5.8,
    "sgst" : 5.8,
    "total" : 76.0,
    "valBefTax" : 64.41
  }, {
    "serialNo" : "3",
    "pname" : "BPCPWT Interior Wall Primer",
    "hsn" : "320910",
    "pack" : "1.0 LT",
    "nop" : 1,
    "qty" : 1.0,
    "rate" : 152.54,
    "taxRt" : 18.0,
    "cgst" : 13.73,
    "sgst" : 13.73,
    "total" : 180.0,
    "valBefTax" : 152.54
  } ],
  "totalCgst" : 34.03,
  "totalSgst" : 34.03,
  "total" : 446.0,
  "totalvbt" : 377.97,
  "totalNop" : 4.0,
  "totqty" : 1.3,
  "paymentMode" : "Cash",
  "phone" : null
}