{
  "invoiceNo" : "000943",
  "date" : "22/06/2022",
  "cname" : "CASH A/C",
  "caddress" : null,
  "cgstno" : null,
  "items" : [ {
    "serialNo" : "1",
    "pname" : "P0 GLMR C B Xp Silk Glamour",
    "hsn" : "320910",
    "pack" : "10.0 LT",
    "nop" : 1,
    "qty" : 10.0,
    "rate" : 5220.3,
    "taxRt" : 18.0,
    "cgst" : 469.83,
    "sgst" : 469.83,
    "total" : 6159.0,
    "valBefTax" : 5220.3
  }, {
    "serialNo" : "2",
    "pname" : "P0 GLMR C B Xp Silk Glamour",
    "hsn" : "320910",
    "pack" : "4.0 LT",
    "nop" : 1,
    "qty" : 4.0,
    "rate" : 2050.8,
    "taxRt" : 18.0,
    "cgst" : 184.57,
    "sgst" : 184.57,
    "total" : 2419.0,
    "valBefTax" : 2050.8
  }, {
    "serialNo" : "3",
    "pname" : "P0 GLMR C B Xp Silk Glamour",
    "hsn" : "320910",
    "pack" : "4.0 LT",
    "nop" : 1,
    "qty" : 4.0,
    "rate" : 2186.4,
    "taxRt" : 18.0,
    "cgst" : 196.78,
    "sgst" : 196.78,
    "total" : 2579.0,
    "valBefTax" : 2186.4
  } ],
  "totalCgst" : 851.18,
  "totalSgst" : 851.18,
  "total" : 11157.0,
  "totalvbt" : 9457.5,
  "totalNop" : 3.0,
  "totqty" : 18.0,
  "paymentMode" : "Cash"
}