{
  "invoiceNo" : "000963",
  "date" : "23/06/2022",
  "cname" : "CASH A/C",
  "caddress" : null,
  "cgstno" : null,
  "items" : [ {
    "serialNo" : "1",
    "pname" : "WHITE CEMENT White Cement",
    "hsn" : "25232100",
    "pack" : "1.0 KGS",
    "nop" : 2,
    "qty" : 2.0,
    "rate" : 27.34,
    "taxRt" : 28.0,
    "cgst" : 7.66,
    "sgst" : 7.66,
    "total" : 70.0,
    "valBefTax" : 54.68
  }, {
    "serialNo" : "2",
    "pname" : "LW+ PIDIPROOF Dr Fixit Pidiproof L",
    "hsn" : "38244010",
    "pack" : "5.0 LTR",
    "nop" : 1,
    "qty" : 5.0,
    "rate" : 508.47,
    "taxRt" : 18.0,
    "cgst" : 45.76,
    "sgst" : 45.76,
    "total" : 599.0,
    "valBefTax" : 508.47
  } ],
  "totalCgst" : 53.42,
  "totalSgst" : 53.42,
  "total" : 669.0,
  "totalvbt" : 563.15,
  "totalNop" : 3.0,
  "totqty" : 7.0,
  "paymentMode" : "Cash",
  "phone" : null
}