{
  "invoiceNo" : "000915",
  "date" : "19/06/2022",
  "cname" : "KALIM ENTERPRISE",
  "caddress" : "VIL&PO GHUNI KOL 157",
  "cgstno" : null,
  "items" : [ {
    "serialNo" : "1",
    "pname" : "SEAL O PRIME Xp Hs Seal O Prime",
    "hsn" : "320910",
    "pack" : "10.0 LT",
    "nop" : 1,
    "qty" : 10.0,
    "rate" : 1610.2,
    "taxRt" : 18.0,
    "cgst" : 144.91,
    "sgst" : 144.91,
    "total" : 1899.0,
    "valBefTax" : 1610.2
  } ],
  "totalCgst" : 144.91,
  "totalSgst" : 144.91,
  "total" : 1899.0,
  "totalvbt" : 1610.2,
  "totalNop" : 1.0,
  "totqty" : 10.0,
  "paymentMode" : "Cash"
}