{
  "invoiceNo" : "000913",
  "date" : "19/06/2022",
  "cname" : "CASH A/C",
  "caddress" : null,
  "cgstno" : null,
  "items" : [ {
    "serialNo" : "1",
    "pname" : "W1 EC C B Easy Clean Luxur",
    "hsn" : "320910",
    "pack" : "0.9 LT",
    "nop" : 3,
    "qty" : 2.7,
    "rate" : 415.25,
    "taxRt" : 18.0,
    "cgst" : 112.11,
    "sgst" : 112.11,
    "total" : 1469.0,
    "valBefTax" : 1245.75
  } ],
  "totalCgst" : 112.11,
  "totalSgst" : 112.11,
  "total" : 1469.0,
  "totalvbt" : 1245.75,
  "totalNop" : 3.0,
  "totqty" : 2.7,
  "paymentMode" : "Cash"
}