{
  "invoiceNo" : "000933",
  "date" : "20/06/2022",
  "cname" : "CASH A/C",
  "caddress" : null,
  "cgstno" : null,
  "items" : [ {
    "serialNo" : "1",
    "pname" : "BASE COAT Silk B E Base Coat",
    "hsn" : "320910",
    "pack" : "20.0 LTR",
    "nop" : 1,
    "qty" : 20.0,
    "rate" : 3135.6,
    "taxRt" : 18.0,
    "cgst" : 282.2,
    "sgst" : 282.2,
    "total" : 3699.0,
    "valBefTax" : 3135.6
  }, {
    "serialNo" : "2",
    "pname" : "PRO WATERPROOF PUTTY Pro Water Proof Putt",
    "hsn" : "321410",
    "pack" : "40.0 KGS",
    "nop" : 1,
    "qty" : 40.0,
    "rate" : 1483.0,
    "taxRt" : 18.0,
    "cgst" : 133.47,
    "sgst" : 133.47,
    "total" : 1749.0,
    "valBefTax" : 1483.0
  }, {
    "serialNo" : "3",
    "pname" : "60 NO.LION WPP Water Proof Paper",
    "hsn" : "68052010",
    "pack" : "1.0 PCS",
    "nop" : 8,
    "qty" : 8.0,
    "rate" : 14.41,
    "taxRt" : 18.0,
    "cgst" : 10.4,
    "sgst" : 10.4,
    "total" : 135.0,
    "valBefTax" : 115.28
  }, {
    "serialNo" : "4",
    "pname" : "220 NO Wet & Dry Sandpaper",
    "hsn" : "680510",
    "pack" : "1.0 PCS",
    "nop" : 8,
    "qty" : 8.0,
    "rate" : 13.56,
    "taxRt" : 18.0,
    "cgst" : 9.76,
    "sgst" : 9.76,
    "total" : 127.0,
    "valBefTax" : 108.48
  } ],
  "totalCgst" : 435.83,
  "totalSgst" : 435.83,
  "total" : 5710.0,
  "totalvbt" : 4842.36,
  "totalNop" : 18.0,
  "totqty" : 76.0,
  "paymentMode" : "Cash"
}