{
  "invoiceNo" : "000997",
  "date" : "28/06/2022",
  "cname" : "SHIV SHANKAR EXPELLER INDUSTRIES",
  "caddress" : "SWAMI VIVEKANANDA RD HATIARA KOL 157",
  "cgstno" : null,
  "items" : [ {
    "serialNo" : "1",
    "pname" : "BUTTERFLY AC METAL Metal Primer Solvent",
    "hsn" : "320890",
    "pack" : "1.0 LT",
    "nop" : 1,
    "qty" : 1.0,
    "rate" : 190.68,
    "taxRt" : 18.0,
    "cgst" : 17.16,
    "sgst" : 17.16,
    "total" : 225.0,
    "valBefTax" : 190.68
  }, {
    "serialNo" : "2",
    "pname" : "OXFORD BLUE Luxol High Gloss Ena",
    "hsn" : "320890",
    "pack" : "1.0 LTR",
    "nop" : 1,
    "qty" : 1.0,
    "rate" : 228.81,
    "taxRt" : 18.0,
    "cgst" : 20.59,
    "sgst" : 20.59,
    "total" : 269.0,
    "valBefTax" : 228.81
  }, {
    "serialNo" : "3",
    "pname" : "100 NO 4 Handy Sheet",
    "hsn" : "68051010",
    "pack" : "1.0 PCS",
    "nop" : 2,
    "qty" : 2.0,
    "rate" : 8.47,
    "taxRt" : 18.0,
    "cgst" : 1.52,
    "sgst" : 1.52,
    "total" : 20.0,
    "valBefTax" : 16.94
  } ],
  "totalCgst" : 39.27,
  "totalSgst" : 39.27,
  "total" : 514.0,
  "totalvbt" : 436.43,
  "totalNop" : 4.0,
  "totqty" : 4.0,
  "paymentMode" : "Cash"
}