{
  "invoiceNo" : "000935",
  "date" : "20/06/2022",
  "cname" : "CASH A/C",
  "caddress" : null,
  "cgstno" : null,
  "items" : [ {
    "serialNo" : "1",
    "pname" : "N2 SLK C B Silk Luxury Emul",
    "hsn" : "320910",
    "pack" : "0.9 LT",
    "nop" : 1,
    "qty" : 0.9,
    "rate" : 372.88,
    "taxRt" : 18.0,
    "cgst" : 33.56,
    "sgst" : 33.56,
    "total" : 440.0,
    "valBefTax" : 372.88
  }, {
    "serialNo" : "2",
    "pname" : "P0 SLK GLOW Silk Glow",
    "hsn" : "320910",
    "pack" : "1.0 LTR",
    "nop" : 2,
    "qty" : 2.0,
    "rate" : 491.52,
    "taxRt" : 18.0,
    "cgst" : 88.48,
    "sgst" : 88.48,
    "total" : 1159.0,
    "valBefTax" : 983.04
  }, {
    "serialNo" : "3",
    "pname" : "W1 SLK C B Silk Luxury Emul",
    "hsn" : "320910",
    "pack" : "0.9 LT",
    "nop" : 2,
    "qty" : 1.8,
    "rate" : 84.75,
    "taxRt" : 18.0,
    "cgst" : 15.26,
    "sgst" : 15.26,
    "total" : 199.0,
    "valBefTax" : 169.5
  }, {
    "serialNo" : "4",
    "pname" : "YLW SLK C B Silk Luxury Emul",
    "hsn" : "320910",
    "pack" : "0.9 LT",
    "nop" : 1,
    "qty" : 0.9,
    "rate" : 84.75,
    "taxRt" : 18.0,
    "cgst" : 7.63,
    "sgst" : 7.63,
    "total" : 100.0,
    "valBefTax" : 84.75
  }, {
    "serialNo" : "5",
    "pname" : "BPCPWT Interior Wall Primer",
    "hsn" : "320910",
    "pack" : "10.0 LT",
    "nop" : 1,
    "qty" : 10.0,
    "rate" : 542.37,
    "taxRt" : 18.0,
    "cgst" : 48.81,
    "sgst" : 48.81,
    "total" : 639.0,
    "valBefTax" : 542.37
  }, {
    "serialNo" : "6",
    "pname" : "P0 EC C B Easy Clean Luxur",
    "hsn" : "320910",
    "pack" : "1.0 LT",
    "nop" : 2,
    "qty" : 2.0,
    "rate" : 84.75,
    "taxRt" : 18.0,
    "cgst" : 15.26,
    "sgst" : 15.26,
    "total" : 199.0,
    "valBefTax" : 169.5
  }, {
    "serialNo" : "7",
    "pname" : "80 NO Wet & Dry Sandpaper",
    "hsn" : "68051010",
    "pack" : "1.0 PCS",
    "nop" : 2,
    "qty" : 2.0,
    "rate" : 14.41,
    "taxRt" : 18.0,
    "cgst" : 2.6,
    "sgst" : 2.6,
    "total" : 33.0,
    "valBefTax" : 28.82
  }, {
    "serialNo" : "8",
    "pname" : "N1 WCS C B Weathercoat Smoo",
    "hsn" : "320910",
    "pack" : "3.6 LT",
    "nop" : 1,
    "qty" : 3.6,
    "rate" : 381.35,
    "taxRt" : 18.0,
    "cgst" : 34.32,
    "sgst" : 34.32,
    "total" : 449.0,
    "valBefTax" : 381.35
  } ],
  "totalCgst" : 245.92,
  "totalSgst" : 245.92,
  "total" : 3218.0,
  "totalvbt" : 2732.21,
  "totalNop" : 12.0,
  "totqty" : 23.2,
  "paymentMode" : "Cash",
  "phone" : null
}