{
  "invoiceNo" : "000903",
  "date" : "18/06/2022",
  "cname" : "CASH A/C",
  "caddress" : null,
  "cgstno" : null,
  "items" : [ {
    "serialNo" : "1",
    "pname" : "W1 BE SLK SHEEN Xp Slk Breathe Easy",
    "hsn" : "320910",
    "pack" : "0.9 LTR",
    "nop" : 3,
    "qty" : 2.7,
    "rate" : 599.99,
    "taxRt" : 18.0,
    "cgst" : 162.0,
    "sgst" : 162.0,
    "total" : 2123.0,
    "valBefTax" : 1799.97
  } ],
  "totalCgst" : 162.0,
  "totalSgst" : 162.0,
  "total" : 2123.0,
  "totalvbt" : 1799.97,
  "totalNop" : 3.0,
  "totqty" : 2.7,
  "paymentMode" : "Cash",
  "phone" : null
}