{
  "invoiceNo" : "000918",
  "date" : "20/06/2022",
  "cname" : "CASH A/C",
  "caddress" : null,
  "cgstno" : null,
  "items" : [ {
    "serialNo" : "1",
    "pname" : "LW+ PIDIPROOF Dr Fixit Pidiproof L",
    "hsn" : "38244010",
    "pack" : "5.0 LTR",
    "nop" : 1,
    "qty" : 5.0,
    "rate" : 516.94,
    "taxRt" : 18.0,
    "cgst" : 46.53,
    "sgst" : 46.53,
    "total" : 610.0,
    "valBefTax" : 516.94
  }, {
    "serialNo" : "2",
    "pname" : "SUPER LATEX Dr Fixit Super Latex",
    "hsn" : "40021100",
    "pack" : "5.0 KGS",
    "nop" : 1,
    "qty" : 5.0,
    "rate" : 1334.7,
    "taxRt" : 18.0,
    "cgst" : 120.13,
    "sgst" : 120.13,
    "total" : 1574.0,
    "valBefTax" : 1334.7
  } ],
  "totalCgst" : 166.66,
  "totalSgst" : 166.66,
  "total" : 2184.0,
  "totalvbt" : 1851.64,
  "totalNop" : 2.0,
  "totqty" : 10.0,
  "paymentMode" : "Cash",
  "phone" : null
}