{
  "invoiceNo" : "000905",
  "date" : "18/06/2022",
  "cname" : "JAMUNA VALVE INDUSTRIES",
  "caddress" : "20/2C CANEL WEST RD KOLKATA 700006",
  "cgstno" : null,
  "items" : [ {
    "serialNo" : "1",
    "pname" : "3\" WALLMAST Brushes",
    "hsn" : "96034010",
    "pack" : "1.0 PCS",
    "nop" : 1,
    "qty" : 1.0,
    "rate" : 127.12,
    "taxRt" : 18.0,
    "cgst" : 11.44,
    "sgst" : 11.44,
    "total" : 150.0,
    "valBefTax" : 127.12
  }, {
    "serialNo" : "2",
    "pname" : "4\" WALLMAST Brushes",
    "hsn" : "96034010",
    "pack" : "1.0 PCS",
    "nop" : 1,
    "qty" : 1.0,
    "rate" : 190.68,
    "taxRt" : 18.0,
    "cgst" : 17.16,
    "sgst" : 17.16,
    "total" : 225.0,
    "valBefTax" : 190.68
  } ],
  "totalCgst" : 28.6,
  "totalSgst" : 28.6,
  "total" : 375.0,
  "totalvbt" : 317.8,
  "totalNop" : 2.0,
  "totqty" : 2.0,
  "paymentMode" : "Cash"
}