{
  "invoiceNo" : "000990",
  "date" : "26/06/2022",
  "cname" : "CASH A/C",
  "caddress" : null,
  "cgstno" : null,
  "items" : [ {
    "serialNo" : "1",
    "pname" : "SKY BLUE Luxol High Gloss Ena",
    "hsn" : "320890",
    "pack" : "1.0 LT",
    "nop" : 1,
    "qty" : 1.0,
    "rate" : 228.81,
    "taxRt" : 18.0,
    "cgst" : 20.59,
    "sgst" : 20.59,
    "total" : 269.0,
    "valBefTax" : 228.81
  }, {
    "serialNo" : "2",
    "pname" : "100 NO 4 Handy Sheet",
    "hsn" : "68051010",
    "pack" : "1.0 PCS",
    "nop" : 1,
    "qty" : 1.0,
    "rate" : 8.47,
    "taxRt" : 18.0,
    "cgst" : 0.76,
    "sgst" : 0.76,
    "total" : 9.0,
    "valBefTax" : 8.47
  }, {
    "serialNo" : "3",
    "pname" : "MARINE Fevicol",
    "hsn" : "35061000",
    "pack" : "0.5 KGS",
    "nop" : 1,
    "qty" : 0.5,
    "rate" : 148.3,
    "taxRt" : 18.0,
    "cgst" : 13.35,
    "sgst" : 13.35,
    "total" : 175.0,
    "valBefTax" : 148.3
  } ],
  "totalCgst" : 34.7,
  "totalSgst" : 34.7,
  "total" : 453.0,
  "totalvbt" : 385.58,
  "totalNop" : 3.0,
  "totqty" : 2.5,
  "paymentMode" : "Cash"
}