{
  "invoiceNo" : "000928",
  "date" : "20/06/2022",
  "cname" : "M SABHYASCHI",
  "caddress" : null,
  "cgstno" : null,
  "items" : [ {
    "serialNo" : "1",
    "pname" : "P0 WLL Xp Wcoat Long Life",
    "hsn" : "320910",
    "pack" : "4.0 LTR",
    "nop" : 1,
    "qty" : 4.0,
    "rate" : 2008.5,
    "taxRt" : 18.0,
    "cgst" : 180.76,
    "sgst" : 180.76,
    "total" : 2369.0,
    "valBefTax" : 2008.5
  } ],
  "totalCgst" : 180.76,
  "totalSgst" : 180.76,
  "total" : 2369.0,
  "totalvbt" : 2008.5,
  "totalNop" : 1.0,
  "totqty" : 4.0,
  "paymentMode" : "Credit"
}