{
  "invoiceNo" : "000955",
  "date" : "23/06/2022",
  "cname" : "JADULAL PATRA",
  "caddress" : "CHANDI BARIA",
  "cgstno" : null,
  "items" : [ {
    "serialNo" : "1",
    "pname" : "W2 PU Base Pu Enamel",
    "hsn" : "320890",
    "pack" : "0.45 LTR",
    "nop" : 1,
    "qty" : 0.45,
    "rate" : 152.54,
    "taxRt" : 18.0,
    "cgst" : 13.73,
    "sgst" : 13.73,
    "total" : 180.0,
    "valBefTax" : 152.54
  } ],
  "totalCgst" : 13.73,
  "totalSgst" : 13.73,
  "total" : 180.0,
  "totalvbt" : 152.54,
  "totalNop" : 1.0,
  "totqty" : 0.45,
  "paymentMode" : "Cash",
  "phone" : null
}