{
  "invoiceNo" : "000974",
  "date" : "24/06/2022",
  "cname" : "CASH A/C",
  "caddress" : null,
  "cgstno" : null,
  "items" : [ {
    "serialNo" : "1",
    "pname" : "P0 GLMR C B Xp Silk Glamour",
    "hsn" : "320910",
    "pack" : "10.0 LT",
    "nop" : 1,
    "qty" : 10.0,
    "rate" : 5211.8,
    "taxRt" : 18.0,
    "cgst" : 469.06,
    "sgst" : 469.06,
    "total" : 6149.0,
    "valBefTax" : 5211.8
  }, {
    "serialNo" : "2",
    "pname" : "P0 EC C B Easy Clean Luxur",
    "hsn" : "320910",
    "pack" : "4.0 LT",
    "nop" : 1,
    "qty" : 4.0,
    "rate" : 1449.1,
    "taxRt" : 18.0,
    "cgst" : 130.42,
    "sgst" : 130.42,
    "total" : 1709.0,
    "valBefTax" : 1449.1
  } ],
  "totalCgst" : 599.48,
  "totalSgst" : 599.48,
  "total" : 7858.0,
  "totalvbt" : 6660.9,
  "totalNop" : 2.0,
  "totqty" : 14.0,
  "paymentMode" : "Cash"
}