{
  "invoiceNo" : "001016",
  "date" : "29/06/2022",
  "cname" : "KALIM ENTERPRISE",
  "caddress" : "VIL&PO GHUNI KOL 157",
  "cgstno" : null,
  "items" : [ {
    "serialNo" : "1",
    "pname" : "PRO HAPPY WALL PUTTY Putty Pro",
    "hsn" : "321410",
    "pack" : "20.0 LTR",
    "nop" : 1,
    "qty" : 20.0,
    "rate" : 1050.8,
    "taxRt" : 18.0,
    "cgst" : 94.58,
    "sgst" : 94.58,
    "total" : 1240.0,
    "valBefTax" : 1050.8
  } ],
  "totalCgst" : 94.58,
  "totalSgst" : 94.58,
  "total" : 1240.0,
  "totalvbt" : 1050.8,
  "totalNop" : 1.0,
  "totqty" : 20.0,
  "paymentMode" : "Cash",
  "phone" : null
}