{
  "invoiceNo" : "001070",
  "date" : "04/07/2022",
  "cname" : "CASH A/C",
  "caddress" : null,
  "cgstno" : null,
  "items" : [ {
    "serialNo" : "1",
    "pname" : "PARROT WOOD PRIMER Wood  Primer Solvent",
    "hsn" : "320890",
    "pack" : "0.5 LT",
    "nop" : 1,
    "qty" : 0.5,
    "rate" : 101.69,
    "taxRt" : 18.0,
    "cgst" : 9.15,
    "sgst" : 9.15,
    "total" : 119.0,
    "valBefTax" : 101.69
  }, {
    "serialNo" : "2",
    "pname" : "SNOW WHITE Luxol High Gloss Ena",
    "hsn" : "320890",
    "pack" : "1.0 LT",
    "nop" : 1,
    "qty" : 1.0,
    "rate" : 254.24,
    "taxRt" : 18.0,
    "cgst" : 22.88,
    "sgst" : 22.88,
    "total" : 300.0,
    "valBefTax" : 254.24
  }, {
    "serialNo" : "3",
    "pname" : "GLDN YLW Luxol High Gloss Ena",
    "hsn" : "320890",
    "pack" : "0.5 LT",
    "nop" : 1,
    "qty" : 0.5,
    "rate" : 144.07,
    "taxRt" : 18.0,
    "cgst" : 12.97,
    "sgst" : 12.97,
    "total" : 170.0,
    "valBefTax" : 144.07
  }, {
    "serialNo" : "4",
    "pname" : "WT C B Machine Colouran",
    "hsn" : "321390",
    "pack" : "1.0 LTR",
    "nop" : 1,
    "qty" : 1.0,
    "rate" : 0.85,
    "taxRt" : 18.0,
    "cgst" : 0.08,
    "sgst" : 0.08,
    "total" : 1.0,
    "valBefTax" : 0.85
  }, {
    "serialNo" : "5",
    "pname" : "BROWN Luxol-7-in-1 Colours",
    "hsn" : "320890",
    "pack" : "0.5 LTR",
    "nop" : 1,
    "qty" : 0.5,
    "rate" : 152.54,
    "taxRt" : 18.0,
    "cgst" : 13.73,
    "sgst" : 13.73,
    "total" : 180.0,
    "valBefTax" : 152.54
  }, {
    "serialNo" : "6",
    "pname" : "PHIROZA BLUE Luxol Pu Enamel",
    "hsn" : "320890",
    "pack" : "1.0 LTR",
    "nop" : 2,
    "qty" : 2.0,
    "rate" : 228.81,
    "taxRt" : 18.0,
    "cgst" : 41.18,
    "sgst" : 41.18,
    "total" : 540.0,
    "valBefTax" : 457.62
  }, {
    "serialNo" : "7",
    "pname" : "RED OXIDE METAL PRIM St Primers",
    "hsn" : "32091010",
    "pack" : "0.5 LTR",
    "nop" : 1,
    "qty" : 0.5,
    "rate" : 101.69,
    "taxRt" : 18.0,
    "cgst" : 9.15,
    "sgst" : 9.15,
    "total" : 119.0,
    "valBefTax" : 101.69
  }, {
    "serialNo" : "8",
    "pname" : "100 NO Wet & Dry Sandpaper",
    "hsn" : "680510",
    "pack" : "1.0 PCS",
    "nop" : 10,
    "qty" : 10.0,
    "rate" : 14.41,
    "taxRt" : 18.0,
    "cgst" : 13.0,
    "sgst" : 13.0,
    "total" : 170.0,
    "valBefTax" : 144.1
  }, {
    "serialNo" : "9",
    "pname" : "F GREEN Unitint",
    "hsn" : "32139000",
    "pack" : "0.1 LTR",
    "nop" : 1,
    "qty" : 0.1,
    "rate" : 72.03,
    "taxRt" : 18.0,
    "cgst" : 6.48,
    "sgst" : 6.48,
    "total" : 84.0,
    "valBefTax" : 72.03
  }, {
    "serialNo" : "10",
    "pname" : "SEAL O PRIME Xp Hs Seal O Prime",
    "hsn" : "320910",
    "pack" : "1.0 LT",
    "nop" : 2,
    "qty" : 2.0,
    "rate" : 190.68,
    "taxRt" : 18.0,
    "cgst" : 34.32,
    "sgst" : 34.32,
    "total" : 449.0,
    "valBefTax" : 381.36
  }, {
    "serialNo" : "11",
    "pname" : "P0 RTC C B Rangoli Total Ca",
    "hsn" : "320910",
    "pack" : "1.0 LT",
    "nop" : 2,
    "qty" : 2.0,
    "rate" : 288.13,
    "taxRt" : 18.0,
    "cgst" : 51.86,
    "sgst" : 51.86,
    "total" : 679.0,
    "valBefTax" : 576.26
  }, {
    "serialNo" : "12",
    "pname" : "P0 EC C B Easy Clean Luxur",
    "hsn" : "320910",
    "pack" : "1.0 LT",
    "nop" : 2,
    "qty" : 2.0,
    "rate" : 377.96,
    "taxRt" : 18.0,
    "cgst" : 68.04,
    "sgst" : 68.04,
    "total" : 891.0,
    "valBefTax" : 755.92
  }, {
    "serialNo" : "13",
    "pname" : "80 NO 4\"X 9\" Handy Sheet",
    "hsn" : "68051010",
    "pack" : "1.0 PCS",
    "nop" : 5,
    "qty" : 5.0,
    "rate" : 8.47,
    "taxRt" : 18.0,
    "cgst" : 3.8,
    "sgst" : 3.8,
    "total" : 49.0,
    "valBefTax" : 42.35
  } ],
  "totalCgst" : 286.64,
  "totalSgst" : 286.64,
  "total" : 3751.0,
  "totalvbt" : 3184.72,
  "totalNop" : 30.0,
  "totqty" : 27.1,
  "paymentMode" : "Cash"
}