{
  "invoiceNo" : "001037",
  "date" : "01/07/2022",
  "cname" : "CASH A/C",
  "caddress" : null,
  "cgstno" : null,
  "items" : [ {
    "serialNo" : "1",
    "pname" : "90 VT PG Vt Pearl Glo",
    "hsn" : "32091010",
    "pack" : "1.0 LTR",
    "nop" : 1,
    "qty" : 1.0,
    "rate" : 516.94,
    "taxRt" : 18.0,
    "cgst" : 46.53,
    "sgst" : 46.53,
    "total" : 610.0,
    "valBefTax" : 516.94
  }, {
    "serialNo" : "2",
    "pname" : "PALE CREAM GLOSS Gloss Premium Enamel",
    "hsn" : "32081010",
    "pack" : "1.0 LTR",
    "nop" : 1,
    "qty" : 1.0,
    "rate" : 245.76,
    "taxRt" : 18.0,
    "cgst" : 22.12,
    "sgst" : 22.12,
    "total" : 290.0,
    "valBefTax" : 245.76
  } ],
  "totalCgst" : 68.65,
  "totalSgst" : 68.65,
  "total" : 900.0,
  "totalvbt" : 762.7,
  "totalNop" : 2.0,
  "totqty" : 2.0,
  "paymentMode" : "Cash",
  "phone" : null
}