{
  "invoiceNo" : "001051",
  "date" : "02/07/2022",
  "cname" : "CASH A/C",
  "caddress" : null,
  "cgstno" : null,
  "items" : [ {
    "serialNo" : "1",
    "pname" : "HAND SANITIZER BREAT Xp Consumables",
    "hsn" : "380899",
    "pack" : "0.2 LTR",
    "nop" : 1,
    "qty" : 0.2,
    "rate" : 63.56,
    "taxRt" : 18.0,
    "cgst" : 5.72,
    "sgst" : 5.72,
    "total" : 75.0,
    "valBefTax" : 63.56
  }, {
    "serialNo" : "2",
    "pname" : "YLW BISON C B Bison Emulsion",
    "hsn" : "320910",
    "pack" : "0.9 LT",
    "nop" : 1,
    "qty" : 0.9,
    "rate" : 182.2,
    "taxRt" : 18.0,
    "cgst" : 16.4,
    "sgst" : 16.4,
    "total" : 215.0,
    "valBefTax" : 182.2
  } ],
  "totalCgst" : 22.12,
  "totalSgst" : 22.12,
  "total" : 290.0,
  "totalvbt" : 245.76,
  "totalNop" : 2.0,
  "totqty" : 1.1,
  "paymentMode" : "Cash"
}