{
  "invoiceNo" : "001020",
  "date" : "29/06/2022",
  "cname" : "CASH A/C",
  "caddress" : null,
  "cgstno" : null,
  "items" : [ {
    "serialNo" : "1",
    "pname" : "GOLD P U Supr Gl Enamel P",
    "hsn" : "32089090",
    "pack" : "0.05 LTR",
    "nop" : 1,
    "qty" : 0.05,
    "rate" : 67.8,
    "taxRt" : 18.0,
    "cgst" : 6.1,
    "sgst" : 6.1,
    "total" : 80.0,
    "valBefTax" : 67.8
  } ],
  "totalCgst" : 6.1,
  "totalSgst" : 6.1,
  "total" : 80.0,
  "totalvbt" : 67.8,
  "totalNop" : 1.0,
  "totqty" : 0.05,
  "paymentMode" : "Cash"
}