{
  "invoiceNo" : "001085",
  "date" : "05/07/2022",
  "cname" : "SRIKANTA BRAMHA",
  "caddress" : "JAGATPUR",
  "cgstno" : null,
  "items" : [ {
    "serialNo" : "1",
    "pname" : "SEAL O PRIME Xp Hs Seal O Prime",
    "hsn" : "320910",
    "pack" : "10.0 LT",
    "nop" : 1,
    "qty" : 10.0,
    "rate" : 1635.6,
    "taxRt" : 18.0,
    "cgst" : 147.2,
    "sgst" : 147.2,
    "total" : 1929.0,
    "valBefTax" : 1635.6
  }, {
    "serialNo" : "2",
    "pname" : "1\" MASKING TAPE BERG Painting Tools Rolle",
    "hsn" : "391910",
    "pack" : "1.0 LTR",
    "nop" : 1,
    "qty" : 1.0,
    "rate" : 25.42,
    "taxRt" : 18.0,
    "cgst" : 2.29,
    "sgst" : 2.29,
    "total" : 30.0,
    "valBefTax" : 25.42
  } ],
  "totalCgst" : 149.49,
  "totalSgst" : 149.49,
  "total" : 1959.0,
  "totalvbt" : 1661.02,
  "totalNop" : 2.0,
  "totqty" : 11.0,
  "paymentMode" : "Cash"
}