{
  "invoiceNo" : "001056",
  "date" : "03/07/2022",
  "cname" : "CASH A/C",
  "caddress" : null,
  "cgstno" : null,
  "items" : [ {
    "serialNo" : "1",
    "pname" : "100 NO Wet & Dry Sandpaper",
    "hsn" : "680510",
    "pack" : "1.0 PCS",
    "nop" : 6,
    "qty" : 6.0,
    "rate" : 14.41,
    "taxRt" : 18.0,
    "cgst" : 7.8,
    "sgst" : 7.8,
    "total" : 102.0,
    "valBefTax" : 86.46
  }, {
    "serialNo" : "2",
    "pname" : "120 NO Wet & Dry Sandpaper",
    "hsn" : "680510",
    "pack" : "1.0 PCS",
    "nop" : 10,
    "qty" : 10.0,
    "rate" : 14.41,
    "taxRt" : 18.0,
    "cgst" : 13.0,
    "sgst" : 13.0,
    "total" : 170.0,
    "valBefTax" : 144.1
  }, {
    "serialNo" : "3",
    "pname" : "HAPPY WALL PUTTY Putty",
    "hsn" : "321410",
    "pack" : "5.0 KG",
    "nop" : 1,
    "qty" : 5.0,
    "rate" : 300.84,
    "taxRt" : 18.0,
    "cgst" : 27.08,
    "sgst" : 27.08,
    "total" : 355.0,
    "valBefTax" : 300.84
  } ],
  "totalCgst" : 47.88,
  "totalSgst" : 47.88,
  "total" : 627.0,
  "totalvbt" : 531.4,
  "totalNop" : 17.0,
  "totqty" : 21.0,
  "paymentMode" : "Cash",
  "phone" : null
}