{
  "invoiceNo" : "001098",
  "date" : "06/07/2022",
  "cname" : "CASH A/C",
  "caddress" : null,
  "cgstno" : null,
  "items" : [ {
    "serialNo" : "1",
    "pname" : "150 NO Wet & Dry Sandpaper",
    "hsn" : "680510",
    "pack" : "1.0 PCS",
    "nop" : 4,
    "qty" : 4.0,
    "rate" : 14.41,
    "taxRt" : 18.0,
    "cgst" : 5.2,
    "sgst" : 5.2,
    "total" : 68.0,
    "valBefTax" : 57.64
  }, {
    "serialNo" : "2",
    "pname" : "BIG BOY 4\" Brushes",
    "hsn" : "96034010",
    "pack" : "1.0 PCS",
    "nop" : 1,
    "qty" : 1.0,
    "rate" : 466.1,
    "taxRt" : 18.0,
    "cgst" : 41.95,
    "sgst" : 41.95,
    "total" : 550.0,
    "valBefTax" : 466.1
  }, {
    "serialNo" : "3",
    "pname" : "D BRN Base Pu Enamel",
    "hsn" : "320890",
    "pack" : "0.9 LTR",
    "nop" : 1,
    "qty" : 0.9,
    "rate" : 271.18,
    "taxRt" : 18.0,
    "cgst" : 24.41,
    "sgst" : 24.41,
    "total" : 320.0,
    "valBefTax" : 271.18
  }, {
    "serialNo" : "4",
    "pname" : "SUPER LATEX Dr.fixit",
    "hsn" : "400211",
    "pack" : "0.2 KGS",
    "nop" : 1,
    "qty" : 0.2,
    "rate" : 67.8,
    "taxRt" : 18.0,
    "cgst" : 6.1,
    "sgst" : 6.1,
    "total" : 80.0,
    "valBefTax" : 67.8
  }, {
    "serialNo" : "5",
    "pname" : "W1 WALMASTA C B Walmasta",
    "hsn" : "320910",
    "pack" : "0.9 LTR",
    "nop" : 2,
    "qty" : 1.8,
    "rate" : 190.68,
    "taxRt" : 18.0,
    "cgst" : 34.32,
    "sgst" : 34.32,
    "total" : 449.0,
    "valBefTax" : 381.36
  }, {
    "serialNo" : "6",
    "pname" : "P0 WCS C B Weathercoat Smoo",
    "hsn" : "320910",
    "pack" : "1.0 LTR",
    "nop" : 1,
    "qty" : 1.0,
    "rate" : 322.03,
    "taxRt" : 18.0,
    "cgst" : 28.98,
    "sgst" : 28.98,
    "total" : 379.0,
    "valBefTax" : 322.03
  }, {
    "serialNo" : "7",
    "pname" : "W2 PU Base Pu Enamel",
    "hsn" : "320890",
    "pack" : "0.95 LTR",
    "nop" : 2,
    "qty" : 1.9,
    "rate" : 279.66,
    "taxRt" : 18.0,
    "cgst" : 50.34,
    "sgst" : 50.34,
    "total" : 660.0,
    "valBefTax" : 559.32
  }, {
    "serialNo" : "8",
    "pname" : "GP THINNER Thinners",
    "hsn" : "320810",
    "pack" : "0.5 LTR",
    "nop" : 2,
    "qty" : 1.0,
    "rate" : 59.32,
    "taxRt" : 18.0,
    "cgst" : 10.68,
    "sgst" : 10.68,
    "total" : 140.0,
    "valBefTax" : 118.64
  }, {
    "serialNo" : "9",
    "pname" : "BLACK Luxol High Gloss Ena",
    "hsn" : "320890",
    "pack" : "0.2 LT",
    "nop" : 1,
    "qty" : 0.2,
    "rate" : 76.27,
    "taxRt" : 18.0,
    "cgst" : 6.86,
    "sgst" : 6.86,
    "total" : 89.0,
    "valBefTax" : 76.27
  }, {
    "serialNo" : "10",
    "pname" : "ALUMINIUM PAINT Aluminium Paint",
    "hsn" : "32129010",
    "pack" : "0.5 LTR",
    "nop" : 1,
    "qty" : 0.5,
    "rate" : 101.69,
    "taxRt" : 18.0,
    "cgst" : 9.15,
    "sgst" : 9.15,
    "total" : 119.0,
    "valBefTax" : 101.69
  }, {
    "serialNo" : "11",
    "pname" : "PARROT WOOD PRIMER Wood  Primer Solvent",
    "hsn" : "320890",
    "pack" : "0.5 LT",
    "nop" : 1,
    "qty" : 0.5,
    "rate" : 101.69,
    "taxRt" : 18.0,
    "cgst" : 9.15,
    "sgst" : 9.15,
    "total" : 119.0,
    "valBefTax" : 101.69
  }, {
    "serialNo" : "12",
    "pname" : "80 Dry Sheet",
    "hsn" : "68052010",
    "pack" : "1.0 PCS",
    "nop" : 1,
    "qty" : 1.0,
    "rate" : 10.17,
    "taxRt" : 18.0,
    "cgst" : 0.92,
    "sgst" : 0.92,
    "total" : 12.0,
    "valBefTax" : 10.17
  }, {
    "serialNo" : "13",
    "pname" : "GLDN BROWN Luxol High Gloss Ena",
    "hsn" : "320890",
    "pack" : "1.0 LT",
    "nop" : 1,
    "qty" : 1.0,
    "rate" : 228.81,
    "taxRt" : 18.0,
    "cgst" : 20.59,
    "sgst" : 20.59,
    "total" : 269.0,
    "valBefTax" : 228.81
  }, {
    "serialNo" : "14",
    "pname" : "GP THINNER Thinners",
    "hsn" : "320810",
    "pack" : "0.5 LTR",
    "nop" : 1,
    "qty" : 0.5,
    "rate" : 59.32,
    "taxRt" : 18.0,
    "cgst" : 5.34,
    "sgst" : 5.34,
    "total" : 70.0,
    "valBefTax" : 59.32
  } ],
  "totalCgst" : 253.99,
  "totalSgst" : 253.99,
  "total" : 3324.0,
  "totalvbt" : 2822.02,
  "totalNop" : 20.0,
  "totqty" : 15.5,
  "paymentMode" : "Cash"
}