{
  "invoiceNo" : "001077",
  "date" : "05/07/2022",
  "cname" : "S S ENTERPRISE",
  "caddress" : "D/B 19 JYANGRA KOL 59",
  "cgstno" : null,
  "items" : [ {
    "serialNo" : "1",
    "pname" : "BLACK LHG Luxol High Gloss Ena",
    "hsn" : "320890",
    "pack" : "1.0 LT",
    "nop" : 2,
    "qty" : 2.0,
    "rate" : 228.81,
    "taxRt" : 18.0,
    "cgst" : 41.18,
    "sgst" : 41.18,
    "total" : 540.0,
    "valBefTax" : 457.62
  } ],
  "totalCgst" : 41.18,
  "totalSgst" : 41.18,
  "total" : 540.0,
  "totalvbt" : 457.62,
  "totalNop" : 2.0,
  "totqty" : 2.0,
  "paymentMode" : "Cash"
}