{
  "invoiceNo" : "001082",
  "date" : "05/07/2022",
  "cname" : "CASH A/C",
  "caddress" : null,
  "cgstno" : null,
  "items" : [ {
    "serialNo" : "1",
    "pname" : "ZIN CHROMATE PRIMER Metal Primer",
    "hsn" : "32089090",
    "pack" : "1.0 LTR",
    "nop" : 1,
    "qty" : 1.0,
    "rate" : 203.39,
    "taxRt" : 18.0,
    "cgst" : 18.3,
    "sgst" : 18.3,
    "total" : 239.0,
    "valBefTax" : 203.39
  } ],
  "totalCgst" : 18.3,
  "totalSgst" : 18.3,
  "total" : 239.0,
  "totalvbt" : 203.39,
  "totalNop" : 1.0,
  "totqty" : 1.0,
  "paymentMode" : "Cash",
  "phone" : null
}