{
  "invoiceNo" : "001089",
  "date" : "05/07/2022",
  "cname" : "CASH A/C",
  "caddress" : null,
  "cgstno" : null,
  "items" : [ {
    "serialNo" : "1",
    "pname" : "GP THINNER Thinners",
    "hsn" : "320810",
    "pack" : "0.5 LTR",
    "nop" : 1,
    "qty" : 0.5,
    "rate" : 59.32,
    "taxRt" : 18.0,
    "cgst" : 5.34,
    "sgst" : 5.34,
    "total" : 70.0,
    "valBefTax" : 59.32
  }, {
    "serialNo" : "2",
    "pname" : "BLACK LHG Luxol High Gloss Ena",
    "hsn" : "320890",
    "pack" : "0.5 LT",
    "nop" : 1,
    "qty" : 0.5,
    "rate" : 127.12,
    "taxRt" : 18.0,
    "cgst" : 11.44,
    "sgst" : 11.44,
    "total" : 150.0,
    "valBefTax" : 127.12
  }, {
    "serialNo" : "3",
    "pname" : "MID BUFF Luxol High Gloss Ena",
    "hsn" : "320890",
    "pack" : "1.0 LTR",
    "nop" : 1,
    "qty" : 1.0,
    "rate" : 262.71,
    "taxRt" : 18.0,
    "cgst" : 23.64,
    "sgst" : 23.64,
    "total" : 309.0,
    "valBefTax" : 262.71
  } ],
  "totalCgst" : 40.42,
  "totalSgst" : 40.42,
  "total" : 529.0,
  "totalvbt" : 449.15,
  "totalNop" : 3.0,
  "totqty" : 2.0,
  "paymentMode" : "Cash"
}