{
  "invoiceNo" : "001021",
  "date" : "29/06/2022",
  "cname" : "CASH A/C",
  "caddress" : null,
  "cgstno" : null,
  "items" : [ {
    "serialNo" : "1",
    "pname" : "SEAL O PRIME Xp Hs Seal O Prime",
    "hsn" : "320910",
    "pack" : "10.0 LT",
    "nop" : 1,
    "qty" : 10.0,
    "rate" : 1610.2,
    "taxRt" : 18.0,
    "cgst" : 144.91,
    "sgst" : 144.91,
    "total" : 1899.0,
    "valBefTax" : 1610.2
  }, {
    "serialNo" : "2",
    "pname" : "F RED NEW Luxol Universal Stai",
    "hsn" : "321390",
    "pack" : "0.1 LTR",
    "nop" : 1,
    "qty" : 0.1,
    "rate" : 76.27,
    "taxRt" : 18.0,
    "cgst" : 6.86,
    "sgst" : 6.86,
    "total" : 89.0,
    "valBefTax" : 76.27
  }, {
    "serialNo" : "3",
    "pname" : "60 NO.LION WPP Water Proof Paper",
    "hsn" : "68052010",
    "pack" : "1.0 PCS",
    "nop" : 1,
    "qty" : 1.0,
    "rate" : 14.41,
    "taxRt" : 18.0,
    "cgst" : 1.3,
    "sgst" : 1.3,
    "total" : 17.0,
    "valBefTax" : 14.41
  }, {
    "serialNo" : "4",
    "pname" : "YLW LUXOL XTRA C B Luxol Xtra Ename",
    "hsn" : "320890",
    "pack" : "0.95 LTR",
    "nop" : 1,
    "qty" : 0.95,
    "rate" : 271.18,
    "taxRt" : 18.0,
    "cgst" : 24.41,
    "sgst" : 24.41,
    "total" : 320.0,
    "valBefTax" : 271.18
  }, {
    "serialNo" : "5",
    "pname" : "BP WHT PRIMER WT Interior Wall Primer",
    "hsn" : "320910",
    "pack" : "4.0 LTR",
    "nop" : 1,
    "qty" : 4.0,
    "rate" : 444.91,
    "taxRt" : 18.0,
    "cgst" : 40.04,
    "sgst" : 40.04,
    "total" : 524.0,
    "valBefTax" : 444.91
  }, {
    "serialNo" : "6",
    "pname" : "F RED NEW Luxol Universal Stai",
    "hsn" : "321390",
    "pack" : "0.1 LTR",
    "nop" : 1,
    "qty" : 0.1,
    "rate" : 80.51,
    "taxRt" : 18.0,
    "cgst" : 7.25,
    "sgst" : 7.25,
    "total" : 95.0,
    "valBefTax" : 80.51
  }, {
    "serialNo" : "7",
    "pname" : "WHITE CEMENT White Cement",
    "hsn" : "25232100",
    "pack" : "5.0 KGS",
    "nop" : 1,
    "qty" : 5.0,
    "rate" : 109.37,
    "taxRt" : 28.0,
    "cgst" : 15.31,
    "sgst" : 15.31,
    "total" : 139.0,
    "valBefTax" : 109.37
  } ],
  "totalCgst" : 240.08,
  "totalSgst" : 240.08,
  "total" : 3083.0,
  "totalvbt" : 2606.85,
  "totalNop" : 7.0,
  "totqty" : 21.15,
  "paymentMode" : "Cash",
  "phone" : null
}