{
  "invoiceNo" : "001006",
  "date" : "28/06/2022",
  "cname" : "CASH A/C",
  "caddress" : null,
  "cgstno" : null,
  "items" : [ {
    "serialNo" : "1",
    "pname" : "SUPER LATEX Dr.fixit",
    "hsn" : "400211",
    "pack" : "0.2 KGS",
    "nop" : 1,
    "qty" : 0.2,
    "rate" : 67.8,
    "taxRt" : 18.0,
    "cgst" : 6.1,
    "sgst" : 6.1,
    "total" : 80.0,
    "valBefTax" : 67.8
  }, {
    "serialNo" : "2",
    "pname" : "BPCPWT Interior Wall Primer",
    "hsn" : "320910",
    "pack" : "1.0 LT",
    "nop" : 1,
    "qty" : 1.0,
    "rate" : 152.54,
    "taxRt" : 18.0,
    "cgst" : 13.73,
    "sgst" : 13.73,
    "total" : 180.0,
    "valBefTax" : 152.54
  }, {
    "serialNo" : "3",
    "pname" : "F YLW Unitint",
    "hsn" : "321390",
    "pack" : "0.05 LTR",
    "nop" : 1,
    "qty" : 0.05,
    "rate" : 38.14,
    "taxRt" : 18.0,
    "cgst" : 3.43,
    "sgst" : 3.43,
    "total" : 45.0,
    "valBefTax" : 38.14
  } ],
  "totalCgst" : 23.26,
  "totalSgst" : 23.26,
  "total" : 305.0,
  "totalvbt" : 258.48,
  "totalNop" : 3.0,
  "totqty" : 1.25,
  "paymentMode" : "Cash"
}