{
  "invoiceNo" : "001095",
  "date" : "06/07/2022",
  "cname" : "S D CONSTRUCTION",
  "caddress" : "105, K.N. SEN LANE KOL 700042",
  "cgstno" : null,
  "items" : [ {
    "serialNo" : "1",
    "pname" : "W0 BISON C B Bison Super Dist",
    "hsn" : "320910",
    "pack" : "5.0 KG",
    "nop" : 1,
    "qty" : 5.0,
    "rate" : 355.93,
    "taxRt" : 18.0,
    "cgst" : 32.03,
    "sgst" : 32.03,
    "total" : 419.0,
    "valBefTax" : 355.93
  }, {
    "serialNo" : "2",
    "pname" : "W0 BISON C B Bison Super Dist",
    "hsn" : "320910",
    "pack" : "20.0 KG",
    "nop" : 1,
    "qty" : 20.0,
    "rate" : 1059.3,
    "taxRt" : 18.0,
    "cgst" : 95.34,
    "sgst" : 95.34,
    "total" : 1249.0,
    "valBefTax" : 1059.3
  } ],
  "totalCgst" : 127.37,
  "totalSgst" : 127.37,
  "total" : 1668.0,
  "totalvbt" : 1415.23,
  "totalNop" : 2.0,
  "totqty" : 25.0,
  "paymentMode" : "Cash"
}