{
  "invoiceNo" : "001017",
  "date" : "29/06/2022",
  "cname" : "CASH A/C",
  "caddress" : null,
  "cgstno" : null,
  "items" : [ {
    "serialNo" : "1",
    "pname" : "YLW LUXOL XTRA C B Luxol Xtra Ename",
    "hsn" : "320890",
    "pack" : "0.45 LTR",
    "nop" : 1,
    "qty" : 0.45,
    "rate" : 127.12,
    "taxRt" : 18.0,
    "cgst" : 11.44,
    "sgst" : 11.44,
    "total" : 150.0,
    "valBefTax" : 127.12
  } ],
  "totalCgst" : 11.44,
  "totalSgst" : 11.44,
  "total" : 150.0,
  "totalvbt" : 127.12,
  "totalNop" : 1.0,
  "totqty" : 0.45,
  "paymentMode" : "Cash",
  "phone" : null
}