{
  "invoiceNo" : "001000",
  "date" : "28/06/2022",
  "cname" : "KALIM ENTERPRISE",
  "caddress" : "VIL&PO GHUNI KOL 157",
  "cgstno" : null,
  "items" : [ {
    "serialNo" : "1",
    "pname" : "TRAY Painting Tools Rolle",
    "hsn" : "392330",
    "pack" : "1.0 PCS",
    "nop" : 1,
    "qty" : 1.0,
    "rate" : 127.12,
    "taxRt" : 18.0,
    "cgst" : 11.44,
    "sgst" : 11.44,
    "total" : 150.0,
    "valBefTax" : 127.12
  } ],
  "totalCgst" : 11.44,
  "totalSgst" : 11.44,
  "total" : 150.0,
  "totalvbt" : 127.12,
  "totalNop" : 1.0,
  "totqty" : 1.0,
  "paymentMode" : "Credit",
  "phone" : null
}