{
  "invoiceNo" : "001027",
  "date" : "30/06/2022",
  "cname" : "CASH A/C",
  "caddress" : null,
  "cgstno" : null,
  "items" : [ {
    "serialNo" : "1",
    "pname" : "P0 SLK GLOW Silk Glow",
    "hsn" : "320910",
    "pack" : "4.0 LTR",
    "nop" : 2,
    "qty" : 8.0,
    "rate" : 1983.0,
    "taxRt" : 18.0,
    "cgst" : 356.94,
    "sgst" : 356.94,
    "total" : 4679.0,
    "valBefTax" : 3966.0
  } ],
  "totalCgst" : 356.94,
  "totalSgst" : 356.94,
  "total" : 4679.0,
  "totalvbt" : 3966.0,
  "totalNop" : 2.0,
  "totqty" : 8.0,
  "paymentMode" : "Cash"
}