{
  "invoiceNo" : "001011",
  "date" : "29/06/2022",
  "cname" : "ROY RETAIL SOLUTIONS",
  "caddress" : "BMC J-BLOCK 6 N ETAJI PALLY, JAGATPUR KOL 162",
  "cgstno" : null,
  "items" : [ {
    "serialNo" : "1",
    "pname" : "BUTTERFLY AC METAL Metal Primer Solvent",
    "hsn" : "320890",
    "pack" : "4.0 LT",
    "nop" : 1,
    "qty" : 4.0,
    "rate" : 686.43,
    "taxRt" : 18.0,
    "cgst" : 61.78,
    "sgst" : 61.78,
    "total" : 809.0,
    "valBefTax" : 686.43
  } ],
  "totalCgst" : 61.78,
  "totalSgst" : 61.78,
  "total" : 809.0,
  "totalvbt" : 686.43,
  "totalNop" : 1.0,
  "totqty" : 4.0,
  "paymentMode" : "Cash"
}