{
  "invoiceNo" : "001047",
  "date" : "02/07/2022",
  "cname" : "CASH A/C",
  "caddress" : null,
  "cgstno" : null,
  "items" : [ {
    "serialNo" : "1",
    "pname" : "N2 RTC C B Rangoli Total Ca",
    "hsn" : "320910",
    "pack" : "3.6 LT",
    "nop" : 4,
    "qty" : 14.4,
    "rate" : 1296.6,
    "taxRt" : 18.0,
    "cgst" : 466.76,
    "sgst" : 466.76,
    "total" : 6119.0,
    "valBefTax" : 5186.4
  }, {
    "serialNo" : "2",
    "pname" : "N2 RTC C B Rangoli Total Ca",
    "hsn" : "320910",
    "pack" : "3.6 LT",
    "nop" : 1,
    "qty" : 3.6,
    "rate" : 1296.6,
    "taxRt" : 18.0,
    "cgst" : 116.69,
    "sgst" : 116.69,
    "total" : 1529.0,
    "valBefTax" : 1296.6
  } ],
  "totalCgst" : 583.45,
  "totalSgst" : 583.45,
  "total" : 7648.0,
  "totalvbt" : 6483.0,
  "totalNop" : 5.0,
  "totqty" : 18.0,
  "paymentMode" : "Cash"
}