{
  "invoiceNo" : "001093",
  "date" : "05/07/2022",
  "cname" : "CASH A/C",
  "caddress" : null,
  "cgstno" : null,
  "items" : [ {
    "serialNo" : "1",
    "pname" : "PALE CREAM Luxol High Gloss Ena",
    "hsn" : "320890",
    "pack" : "1.0 LT",
    "nop" : 2,
    "qty" : 2.0,
    "rate" : 254.24,
    "taxRt" : 18.0,
    "cgst" : 45.76,
    "sgst" : 45.76,
    "total" : 599.0,
    "valBefTax" : 508.48
  }, {
    "serialNo" : "2",
    "pname" : "W2 PU Base Pu Enamel",
    "hsn" : "320890",
    "pack" : "0.95 LTR",
    "nop" : 2,
    "qty" : 1.9,
    "rate" : 271.18,
    "taxRt" : 18.0,
    "cgst" : 48.82,
    "sgst" : 48.82,
    "total" : 639.0,
    "valBefTax" : 542.36
  } ],
  "totalCgst" : 94.58,
  "totalSgst" : 94.58,
  "total" : 1238.0,
  "totalvbt" : 1050.84,
  "totalNop" : 4.0,
  "totqty" : 3.9,
  "paymentMode" : "Cash"
}