{
  "invoiceNo" : "001040",
  "date" : "01/07/2022",
  "cname" : "CASH A/C",
  "caddress" : null,
  "cgstno" : null,
  "items" : [ {
    "serialNo" : "1",
    "pname" : "N2 RTC C B Rangoli Total Ca",
    "hsn" : "320910",
    "pack" : "0.9 LT",
    "nop" : 10,
    "qty" : 9.0,
    "rate" : 317.79,
    "taxRt" : 18.0,
    "cgst" : 286.0,
    "sgst" : 286.0,
    "total" : 3749.0,
    "valBefTax" : 3177.9
  }, {
    "serialNo" : "2",
    "pname" : "N2 RTC C B Rangoli Total Ca",
    "hsn" : "320910",
    "pack" : "0.9 LT",
    "nop" : 2,
    "qty" : 1.8,
    "rate" : 324.15,
    "taxRt" : 18.0,
    "cgst" : 58.34,
    "sgst" : 58.34,
    "total" : 765.0,
    "valBefTax" : 648.3
  }, {
    "serialNo" : "3",
    "pname" : "N2 RTC C B Rangoli Total Ca",
    "hsn" : "320910",
    "pack" : "3.6 LT",
    "nop" : 2,
    "qty" : 7.2,
    "rate" : 1296.6,
    "taxRt" : 18.0,
    "cgst" : 233.38,
    "sgst" : 233.38,
    "total" : 3059.0,
    "valBefTax" : 2593.2
  } ],
  "totalCgst" : 577.72,
  "totalSgst" : 577.72,
  "total" : 7573.0,
  "totalvbt" : 6419.4,
  "totalNop" : 14.0,
  "totqty" : 18.0,
  "paymentMode" : "Cash",
  "phone" : null
}