{
  "invoiceNo" : "001050",
  "date" : "02/07/2022",
  "cname" : "M SABHYASCHI",
  "caddress" : null,
  "cgstno" : null,
  "items" : [ {
    "serialNo" : "1",
    "pname" : "W1 BE SLK SHEEN Xp Slk Breathe Easy",
    "hsn" : "320910",
    "pack" : "0.9 LTR",
    "nop" : 1,
    "qty" : 0.9,
    "rate" : 584.74,
    "taxRt" : 18.0,
    "cgst" : 52.63,
    "sgst" : 52.63,
    "total" : 690.0,
    "valBefTax" : 584.74
  }, {
    "serialNo" : "2",
    "pname" : "1\" MASKING TAPE BERG Painting Tools Rolle",
    "hsn" : "391910",
    "pack" : "1.0 LTR",
    "nop" : 3,
    "qty" : 3.0,
    "rate" : 25.42,
    "taxRt" : 18.0,
    "cgst" : 6.87,
    "sgst" : 6.87,
    "total" : 89.0,
    "valBefTax" : 76.26
  } ],
  "totalCgst" : 59.5,
  "totalSgst" : 59.5,
  "total" : 779.0,
  "totalvbt" : 661.0,
  "totalNop" : 4.0,
  "totqty" : 3.9,
  "paymentMode" : "Cash"
}