{
  "invoiceNo" : "001076",
  "date" : "05/07/2022",
  "cname" : "KALIM ENTERPRISE",
  "caddress" : "VIL&PO GHUNI KOL 157",
  "cgstno" : null,
  "items" : [ {
    "serialNo" : "1",
    "pname" : "P0 BE Xp Slk Breathe Easy",
    "hsn" : "320910",
    "pack" : "4.0 LTR",
    "nop" : 1,
    "qty" : 4.0,
    "rate" : 2362.7,
    "taxRt" : 18.0,
    "cgst" : 212.64,
    "sgst" : 212.64,
    "total" : 2787.0,
    "valBefTax" : 2362.7
  }, {
    "serialNo" : "2",
    "pname" : "P0 EC C B Easy Clean Luxur",
    "hsn" : "320910",
    "pack" : "1.0 LT",
    "nop" : 2,
    "qty" : 2.0,
    "rate" : 383.05,
    "taxRt" : 18.0,
    "cgst" : 68.94,
    "sgst" : 68.94,
    "total" : 903.0,
    "valBefTax" : 766.1
  }, {
    "serialNo" : "3",
    "pname" : "P0 EC C B Easy Clean Luxur",
    "hsn" : "320910",
    "pack" : "1.0 LT",
    "nop" : 1,
    "qty" : 1.0,
    "rate" : 405.08,
    "taxRt" : 18.0,
    "cgst" : 36.46,
    "sgst" : 36.46,
    "total" : 478.0,
    "valBefTax" : 405.08
  }, {
    "serialNo" : "4",
    "pname" : "P0 EC C B Easy Clean Luxur",
    "hsn" : "320910",
    "pack" : "1.0 LT",
    "nop" : 1,
    "qty" : 1.0,
    "rate" : 383.05,
    "taxRt" : 18.0,
    "cgst" : 34.47,
    "sgst" : 34.47,
    "total" : 451.0,
    "valBefTax" : 383.05
  }, {
    "serialNo" : "5",
    "pname" : "P0 EC C B Easy Clean Luxur",
    "hsn" : "320910",
    "pack" : "1.0 LT",
    "nop" : 1,
    "qty" : 1.0,
    "rate" : 383.89,
    "taxRt" : 18.0,
    "cgst" : 34.55,
    "sgst" : 34.55,
    "total" : 452.0,
    "valBefTax" : 383.89
  }, {
    "serialNo" : "6",
    "pname" : "P0 EC C B Easy Clean Luxur",
    "hsn" : "320910",
    "pack" : "1.0 LT",
    "nop" : 1,
    "qty" : 1.0,
    "rate" : 392.37,
    "taxRt" : 18.0,
    "cgst" : 35.31,
    "sgst" : 35.31,
    "total" : 462.0,
    "valBefTax" : 392.37
  }, {
    "serialNo" : "7",
    "pname" : "N2 EC C B Easy Clean Luxur",
    "hsn" : "320910",
    "pack" : "0.9 LT",
    "nop" : 1,
    "qty" : 0.9,
    "rate" : 387.28,
    "taxRt" : 18.0,
    "cgst" : 34.86,
    "sgst" : 34.86,
    "total" : 457.0,
    "valBefTax" : 387.28
  }, {
    "serialNo" : "8",
    "pname" : "Y OXIDE Unitint",
    "hsn" : "32139000",
    "pack" : "0.05 LTR",
    "nop" : 1,
    "qty" : 0.05,
    "rate" : 46.61,
    "taxRt" : 18.0,
    "cgst" : 4.19,
    "sgst" : 4.19,
    "total" : 54.0,
    "valBefTax" : 46.61
  } ],
  "totalCgst" : 461.42,
  "totalSgst" : 461.42,
  "total" : 6044.0,
  "totalvbt" : 5127.08,
  "totalNop" : 9.0,
  "totqty" : 10.95,
  "paymentMode" : "Credit"
}