{
  "invoiceNo" : "001036",
  "date" : "01/07/2022",
  "cname" : "CASH A/C",
  "caddress" : null,
  "cgstno" : null,
  "items" : [ {
    "serialNo" : "1",
    "pname" : "HAPPY WALL PUTTY Putty",
    "hsn" : "321410",
    "pack" : "5.0 KG",
    "nop" : 1,
    "qty" : 5.0,
    "rate" : 296.61,
    "taxRt" : 18.0,
    "cgst" : 26.69,
    "sgst" : 26.69,
    "total" : 349.0,
    "valBefTax" : 296.61
  } ],
  "totalCgst" : 26.69,
  "totalSgst" : 26.69,
  "total" : 349.0,
  "totalvbt" : 296.61,
  "totalNop" : 1.0,
  "totqty" : 5.0,
  "paymentMode" : "Cash",
  "phone" : null
}