{
  "invoiceNo" : "001099",
  "date" : "06/07/2022",
  "cname" : "KALIM ENTERPRISE",
  "caddress" : "VIL&PO GHUNI KOL 157",
  "cgstno" : null,
  "items" : [ {
    "serialNo" : "1",
    "pname" : "1\" MASKING TAPE BERG Painting Tools Rolle",
    "hsn" : "391910",
    "pack" : "1.0 LTR",
    "nop" : 6,
    "qty" : 6.0,
    "rate" : 25.42,
    "taxRt" : 18.0,
    "cgst" : 13.74,
    "sgst" : 13.74,
    "total" : 180.0,
    "valBefTax" : 152.52
  }, {
    "serialNo" : "2",
    "pname" : "120 NO Wet & Dry Sandpaper",
    "hsn" : "680510",
    "pack" : "1.0 PCS",
    "nop" : 12,
    "qty" : 12.0,
    "rate" : 14.41,
    "taxRt" : 18.0,
    "cgst" : 15.6,
    "sgst" : 15.6,
    "total" : 204.0,
    "valBefTax" : 172.92
  }, {
    "serialNo" : "3",
    "pname" : "W1 EC C B Easy Clean Luxur",
    "hsn" : "320910",
    "pack" : "0.9 LT",
    "nop" : 1,
    "qty" : 0.9,
    "rate" : 389.83,
    "taxRt" : 18.0,
    "cgst" : 35.08,
    "sgst" : 35.08,
    "total" : 459.0,
    "valBefTax" : 389.83
  }, {
    "serialNo" : "4",
    "pname" : "W1 EC C B Easy Clean Luxur",
    "hsn" : "320910",
    "pack" : "0.9 LT",
    "nop" : 1,
    "qty" : 0.9,
    "rate" : 389.83,
    "taxRt" : 18.0,
    "cgst" : 35.08,
    "sgst" : 35.08,
    "total" : 459.0,
    "valBefTax" : 389.83
  }, {
    "serialNo" : "5",
    "pname" : "P0 EC C B Easy Clean Luxur",
    "hsn" : "320910",
    "pack" : "1.0 LT",
    "nop" : 1,
    "qty" : 1.0,
    "rate" : 383.05,
    "taxRt" : 18.0,
    "cgst" : 34.47,
    "sgst" : 34.47,
    "total" : 451.0,
    "valBefTax" : 383.05
  }, {
    "serialNo" : "6",
    "pname" : "P0 EC C B Easy Clean Luxur",
    "hsn" : "320910",
    "pack" : "1.0 LT",
    "nop" : 1,
    "qty" : 1.0,
    "rate" : 411.01,
    "taxRt" : 18.0,
    "cgst" : 36.99,
    "sgst" : 36.99,
    "total" : 484.0,
    "valBefTax" : 411.01
  }, {
    "serialNo" : "7",
    "pname" : "P0 RTC C B Rangoli Total Ca",
    "hsn" : "320910",
    "pack" : "1.0 LT",
    "nop" : 2,
    "qty" : 2.0,
    "rate" : 288.13,
    "taxRt" : 18.0,
    "cgst" : 51.86,
    "sgst" : 51.86,
    "total" : 679.0,
    "valBefTax" : 576.26
  } ],
  "totalCgst" : 222.82,
  "totalSgst" : 222.82,
  "total" : 2916.0,
  "totalvbt" : 2475.42,
  "totalNop" : 24.0,
  "totqty" : 23.8,
  "paymentMode" : "Credit",
  "phone" : null
}