{
  "invoiceNo" : "001010",
  "date" : "29/06/2022",
  "cname" : "S D CONSTRUCTION",
  "caddress" : "105, K.N. SEN LANE KOL 700042",
  "cgstno" : null,
  "items" : [ {
    "serialNo" : "1",
    "pname" : "W0 BISON C B Bison Super Dist",
    "hsn" : "320910",
    "pack" : "5.0 KG",
    "nop" : 1,
    "qty" : 5.0,
    "rate" : 355.93,
    "taxRt" : 18.0,
    "cgst" : 32.03,
    "sgst" : 32.03,
    "total" : 419.0,
    "valBefTax" : 355.93
  }, {
    "serialNo" : "2",
    "pname" : "W0 BISON C B Bison Super Dist",
    "hsn" : "320910",
    "pack" : "5.0 KG",
    "nop" : 1,
    "qty" : 5.0,
    "rate" : 360.17,
    "taxRt" : 18.0,
    "cgst" : 32.41,
    "sgst" : 32.41,
    "total" : 424.0,
    "valBefTax" : 360.17
  } ],
  "totalCgst" : 64.44,
  "totalSgst" : 64.44,
  "total" : 843.0,
  "totalvbt" : 716.1,
  "totalNop" : 2.0,
  "totqty" : 10.0,
  "paymentMode" : "Cash"
}