{
  "invoiceNo" : "001001",
  "date" : "28/06/2022",
  "cname" : "CASH A/C",
  "caddress" : null,
  "cgstno" : null,
  "items" : [ {
    "serialNo" : "1",
    "pname" : "RED OXIDE METAL PRIM Metal Primer",
    "hsn" : "3208909",
    "pack" : "0.2 LTR",
    "nop" : 1,
    "qty" : 0.2,
    "rate" : 46.61,
    "taxRt" : 18.0,
    "cgst" : 4.19,
    "sgst" : 4.19,
    "total" : 54.0,
    "valBefTax" : 46.61
  }, {
    "serialNo" : "2",
    "pname" : "RED OXIDE METAL PRIM St Primers",
    "hsn" : "32091010",
    "pack" : "0.5 LTR",
    "nop" : 1,
    "qty" : 0.5,
    "rate" : 101.69,
    "taxRt" : 18.0,
    "cgst" : 9.15,
    "sgst" : 9.15,
    "total" : 119.0,
    "valBefTax" : 101.69
  }, {
    "serialNo" : "3",
    "pname" : "SEAL O PRIME Xp Hs Seal O Prime",
    "hsn" : "320910",
    "pack" : "4.0 LT",
    "nop" : 1,
    "qty" : 4.0,
    "rate" : 703.38,
    "taxRt" : 18.0,
    "cgst" : 63.3,
    "sgst" : 63.3,
    "total" : 829.0,
    "valBefTax" : 703.38
  }, {
    "serialNo" : "4",
    "pname" : "BP WHT PRIMER WT Interior Wall Primer",
    "hsn" : "320910",
    "pack" : "20.0 LTR",
    "nop" : 1,
    "qty" : 20.0,
    "rate" : 1864.4,
    "taxRt" : 18.0,
    "cgst" : 167.8,
    "sgst" : 167.8,
    "total" : 2199.0,
    "valBefTax" : 1864.4
  }, {
    "serialNo" : "5",
    "pname" : "BR GREEN Unitint",
    "hsn" : "321390",
    "pack" : "0.1 LTR",
    "nop" : 2,
    "qty" : 0.2,
    "rate" : 63.56,
    "taxRt" : 18.0,
    "cgst" : 11.44,
    "sgst" : 11.44,
    "total" : 150.0,
    "valBefTax" : 127.12
  }, {
    "serialNo" : "6",
    "pname" : "F YLW Unitint",
    "hsn" : "32139000",
    "pack" : "0.1 LTR",
    "nop" : 2,
    "qty" : 0.2,
    "rate" : 72.03,
    "taxRt" : 18.0,
    "cgst" : 12.96,
    "sgst" : 12.96,
    "total" : 170.0,
    "valBefTax" : 144.06
  }, {
    "serialNo" : "7",
    "pname" : "100 NO Wet & Dry Sandpaper",
    "hsn" : "680510",
    "pack" : "1.0 PCS",
    "nop" : 1,
    "qty" : 1.0,
    "rate" : 14.41,
    "taxRt" : 18.0,
    "cgst" : 1.3,
    "sgst" : 1.3,
    "total" : 17.0,
    "valBefTax" : 14.41
  }, {
    "serialNo" : "8",
    "pname" : "80 NO 4\"X 9\" Handy Sheet",
    "hsn" : "68051010",
    "pack" : "1.0 PCS",
    "nop" : 2,
    "qty" : 2.0,
    "rate" : 8.47,
    "taxRt" : 18.0,
    "cgst" : 1.52,
    "sgst" : 1.52,
    "total" : 20.0,
    "valBefTax" : 16.94
  }, {
    "serialNo" : "9",
    "pname" : "BLACK LHG Luxol High Gloss Ena",
    "hsn" : "320890",
    "pack" : "1.0 LT",
    "nop" : 1,
    "qty" : 1.0,
    "rate" : 228.81,
    "taxRt" : 18.0,
    "cgst" : 20.59,
    "sgst" : 20.59,
    "total" : 269.0,
    "valBefTax" : 228.81
  }, {
    "serialNo" : "10",
    "pname" : "BUTTERFLY AC METAL Metal Primer Solvent",
    "hsn" : "320890",
    "pack" : "1.0 LT",
    "nop" : 1,
    "qty" : 1.0,
    "rate" : 186.44,
    "taxRt" : 18.0,
    "cgst" : 16.78,
    "sgst" : 16.78,
    "total" : 220.0,
    "valBefTax" : 186.44
  }, {
    "serialNo" : "11",
    "pname" : "PALE CREAM Luxol Hi Gloss",
    "hsn" : "320810",
    "pack" : "0.5 LTR",
    "nop" : 1,
    "qty" : 0.5,
    "rate" : 16.95,
    "taxRt" : 18.0,
    "cgst" : 1.53,
    "sgst" : 1.53,
    "total" : 20.0,
    "valBefTax" : 16.95
  }, {
    "serialNo" : "12",
    "pname" : "CHERRY Luxol High Gloss Ena",
    "hsn" : "32089090",
    "pack" : "0.05 LTR",
    "nop" : 1,
    "qty" : 0.05,
    "rate" : 16.95,
    "taxRt" : 18.0,
    "cgst" : 1.53,
    "sgst" : 1.53,
    "total" : 20.0,
    "valBefTax" : 16.95
  } ],
  "totalCgst" : 312.09,
  "totalSgst" : 312.09,
  "total" : 4087.0,
  "totalvbt" : 3467.76,
  "totalNop" : 15.0,
  "totqty" : 30.65,
  "paymentMode" : "Cash",
  "phone" : null
}