{
  "invoiceNo" : "001041",
  "date" : "01/07/2022",
  "cname" : "CASH A/C",
  "caddress" : null,
  "cgstno" : null,
  "items" : [ {
    "serialNo" : "1",
    "pname" : "4\" WALLMAST Brushes",
    "hsn" : "96034010",
    "pack" : "1.0 PCS",
    "nop" : 1,
    "qty" : 1.0,
    "rate" : 190.68,
    "taxRt" : 18.0,
    "cgst" : 17.16,
    "sgst" : 17.16,
    "total" : 225.0,
    "valBefTax" : 190.68
  }, {
    "serialNo" : "2",
    "pname" : "RD C B Machine Colouran",
    "hsn" : "321390",
    "pack" : "1.0 LTR",
    "nop" : 1,
    "qty" : 1.0,
    "rate" : 0.85,
    "taxRt" : 18.0,
    "cgst" : 0.08,
    "sgst" : 0.08,
    "total" : 1.0,
    "valBefTax" : 0.85
  }, {
    "serialNo" : "3",
    "pname" : "SP C B Machine Colouran",
    "hsn" : "321390",
    "pack" : "1.0 LTR",
    "nop" : 1,
    "qty" : 1.0,
    "rate" : 0.85,
    "taxRt" : 18.0,
    "cgst" : 0.08,
    "sgst" : 0.08,
    "total" : 1.0,
    "valBefTax" : 0.85
  }, {
    "serialNo" : "4",
    "pname" : "BC C B Machine Colouran",
    "hsn" : "321390",
    "pack" : "1.0 LTR",
    "nop" : 1,
    "qty" : 1.0,
    "rate" : 0.85,
    "taxRt" : 18.0,
    "cgst" : 0.08,
    "sgst" : 0.08,
    "total" : 1.0,
    "valBefTax" : 0.85
  }, {
    "serialNo" : "5",
    "pname" : "NT C B Machine Colouran",
    "hsn" : "321390",
    "pack" : "1.0 LTR",
    "nop" : 1,
    "qty" : 1.0,
    "rate" : 0.85,
    "taxRt" : 18.0,
    "cgst" : 0.08,
    "sgst" : 0.08,
    "total" : 1.0,
    "valBefTax" : 0.85
  } ],
  "totalCgst" : 17.48,
  "totalSgst" : 17.48,
  "total" : 229.0,
  "totalvbt" : 194.08,
  "totalNop" : 5.0,
  "totqty" : 5.0,
  "paymentMode" : "Cash",
  "phone" : null
}