{
  "invoiceNo" : "001066",
  "date" : "03/07/2022",
  "cname" : "CASH A/C",
  "caddress" : null,
  "cgstno" : null,
  "items" : [ {
    "serialNo" : "1",
    "pname" : "ACRYLIC PRIMER Wb Primers",
    "hsn" : "32091090",
    "pack" : "10.0 LTR",
    "nop" : 1,
    "qty" : 10.0,
    "rate" : 974.57,
    "taxRt" : 18.0,
    "cgst" : 87.71,
    "sgst" : 87.71,
    "total" : 1149.0,
    "valBefTax" : 974.57
  } ],
  "totalCgst" : 87.71,
  "totalSgst" : 87.71,
  "total" : 1149.0,
  "totalvbt" : 974.57,
  "totalNop" : 1.0,
  "totqty" : 10.0,
  "paymentMode" : "Cash"
}