{
  "invoiceNo" : "001031",
  "date" : "30/06/2022",
  "cname" : "KALIM ENTERPRISE",
  "caddress" : "VIL&PO GHUNI KOL 157",
  "cgstno" : null,
  "items" : [ {
    "serialNo" : "1",
    "pname" : "P0 EC C B Easy Clean Luxur",
    "hsn" : "320910",
    "pack" : "1.0 LT",
    "nop" : 2,
    "qty" : 2.0,
    "rate" : 398.3,
    "taxRt" : 18.0,
    "cgst" : 71.7,
    "sgst" : 71.7,
    "total" : 939.0,
    "valBefTax" : 796.6
  }, {
    "serialNo" : "2",
    "pname" : "P0 EC C B Easy Clean Luxur",
    "hsn" : "320910",
    "pack" : "1.0 LT",
    "nop" : 2,
    "qty" : 2.0,
    "rate" : 372.88,
    "taxRt" : 18.0,
    "cgst" : 67.12,
    "sgst" : 67.12,
    "total" : 880.0,
    "valBefTax" : 745.76
  } ],
  "totalCgst" : 138.82,
  "totalSgst" : 138.82,
  "total" : 1819.0,
  "totalvbt" : 1542.36,
  "totalNop" : 4.0,
  "totqty" : 4.0,
  "paymentMode" : "Credit",
  "phone" : null
}