{
  "invoiceNo" : "001105",
  "date" : "06/07/2022",
  "cname" : "CASH A/C",
  "caddress" : null,
  "cgstno" : null,
  "items" : [ {
    "serialNo" : "1",
    "pname" : "PO RED Luxol High Gloss Ena",
    "hsn" : "320890",
    "pack" : "0.2 LTR",
    "nop" : 1,
    "qty" : 0.2,
    "rate" : 80.51,
    "taxRt" : 18.0,
    "cgst" : 7.25,
    "sgst" : 7.25,
    "total" : 95.0,
    "valBefTax" : 80.51
  }, {
    "serialNo" : "2",
    "pname" : "BLACK Luxol High Gloss Ena",
    "hsn" : "320890",
    "pack" : "0.05 LTR",
    "nop" : 1,
    "qty" : 0.05,
    "rate" : 29.66,
    "taxRt" : 18.0,
    "cgst" : 2.67,
    "sgst" : 2.67,
    "total" : 35.0,
    "valBefTax" : 29.66
  }, {
    "serialNo" : "3",
    "pname" : "CHERRY Luxol High Gloss Ena",
    "hsn" : "32089090",
    "pack" : "0.05 LTR",
    "nop" : 1,
    "qty" : 0.05,
    "rate" : 22.88,
    "taxRt" : 18.0,
    "cgst" : 2.06,
    "sgst" : 2.06,
    "total" : 27.0,
    "valBefTax" : 22.88
  }, {
    "serialNo" : "4",
    "pname" : "BUTTERFLY AC METAL Metal Primer Solvent",
    "hsn" : "320890",
    "pack" : "1.0 LT",
    "nop" : 2,
    "qty" : 2.0,
    "rate" : 190.68,
    "taxRt" : 18.0,
    "cgst" : 34.32,
    "sgst" : 34.32,
    "total" : 449.0,
    "valBefTax" : 381.36
  }, {
    "serialNo" : "5",
    "pname" : "P0 SLK GLOW Silk Glow",
    "hsn" : "320910",
    "pack" : "1.0 LTR",
    "nop" : 1,
    "qty" : 1.0,
    "rate" : 495.76,
    "taxRt" : 18.0,
    "cgst" : 44.62,
    "sgst" : 44.62,
    "total" : 585.0,
    "valBefTax" : 495.76
  }, {
    "serialNo" : "6",
    "pname" : "MSEAL SUPERFAST 3214",
    "hsn" : "321410",
    "pack" : "1.0 PCS",
    "nop" : 2,
    "qty" : 2.0,
    "rate" : 8.47,
    "taxRt" : 18.0,
    "cgst" : 1.52,
    "sgst" : 1.52,
    "total" : 20.0,
    "valBefTax" : 16.94
  }, {
    "serialNo" : "7",
    "pname" : "WHITE CEMENT White Cement",
    "hsn" : "25232100",
    "pack" : "1.0 KGS",
    "nop" : 1,
    "qty" : 1.0,
    "rate" : 27.34,
    "taxRt" : 28.0,
    "cgst" : 3.83,
    "sgst" : 3.83,
    "total" : 35.0,
    "valBefTax" : 27.34
  } ],
  "totalCgst" : 96.27,
  "totalSgst" : 96.27,
  "total" : 1246.0,
  "totalvbt" : 1054.45,
  "totalNop" : 9.0,
  "totqty" : 6.3,
  "paymentMode" : "Cash"
}