{
  "invoiceNo" : "001158",
  "date" : "13/07/2022",
  "cname" : "CASH A/C",
  "caddress" : null,
  "cgstno" : null,
  "items" : [ {
    "serialNo" : "1",
    "pname" : "P0 EC C B Easy Clean Luxur",
    "hsn" : "320910",
    "pack" : "1.0 LT",
    "nop" : 3,
    "qty" : 3.0,
    "rate" : 373.73,
    "taxRt" : 18.0,
    "cgst" : 100.92,
    "sgst" : 100.92,
    "total" : 1323.0,
    "valBefTax" : 1121.19
  } ],
  "totalCgst" : 100.92,
  "totalSgst" : 100.92,
  "total" : 1323.0,
  "totalvbt" : 1121.19,
  "totalNop" : 3.0,
  "totqty" : 3.0,
  "paymentMode" : "Cash"
}