{
  "invoiceNo" : "001174",
  "date" : "15/07/2022",
  "cname" : "CASH A/C",
  "caddress" : null,
  "cgstno" : null,
  "items" : [ {
    "serialNo" : "1",
    "pname" : "WATERPROOF PUTTY Construction Chemica",
    "hsn" : "321410",
    "pack" : "40.0 KGS",
    "nop" : 1,
    "qty" : 40.0,
    "rate" : 1483.0,
    "taxRt" : 18.0,
    "cgst" : 133.47,
    "sgst" : 133.47,
    "total" : 1749.0,
    "valBefTax" : 1483.0
  } ],
  "totalCgst" : 133.47,
  "totalSgst" : 133.47,
  "total" : 1749.0,
  "totalvbt" : 1483.0,
  "totalNop" : 1.0,
  "totqty" : 40.0,
  "paymentMode" : "Cash",
  "phone" : null
}