{
  "invoiceNo" : "001144",
  "date" : "11/07/2022",
  "cname" : "CASH A/C",
  "caddress" : null,
  "cgstno" : null,
  "items" : [ {
    "serialNo" : "1",
    "pname" : "BP WHT PRIMER WT Interior Wall Primer",
    "hsn" : "320910",
    "pack" : "10.0 LTR",
    "nop" : 1,
    "qty" : 10.0,
    "rate" : 974.57,
    "taxRt" : 18.0,
    "cgst" : 87.71,
    "sgst" : 87.71,
    "total" : 1149.0,
    "valBefTax" : 974.57
  }, {
    "serialNo" : "2",
    "pname" : "F GREEN Unitint",
    "hsn" : "32139000",
    "pack" : "0.1 LTR",
    "nop" : 1,
    "qty" : 0.1,
    "rate" : 63.56,
    "taxRt" : 18.0,
    "cgst" : 5.72,
    "sgst" : 5.72,
    "total" : 75.0,
    "valBefTax" : 63.56
  }, {
    "serialNo" : "3",
    "pname" : "F VIOLET Unitint",
    "hsn" : "32139000",
    "pack" : "0.1 LTR",
    "nop" : 1,
    "qty" : 0.1,
    "rate" : 72.03,
    "taxRt" : 18.0,
    "cgst" : 6.48,
    "sgst" : 6.48,
    "total" : 84.0,
    "valBefTax" : 72.03
  }, {
    "serialNo" : "4",
    "pname" : "FIRE RED Unitint",
    "hsn" : "321390",
    "pack" : "0.1 LTR",
    "nop" : 1,
    "qty" : 0.1,
    "rate" : 59.32,
    "taxRt" : 18.0,
    "cgst" : 5.34,
    "sgst" : 5.34,
    "total" : 70.0,
    "valBefTax" : 59.32
  } ],
  "totalCgst" : 105.25,
  "totalSgst" : 105.25,
  "total" : 1378.0,
  "totalvbt" : 1169.48,
  "totalNop" : 4.0,
  "totqty" : 10.3,
  "paymentMode" : "Cash",
  "phone" : null
}