{
  "invoiceNo" : "001142",
  "date" : "11/07/2022",
  "cname" : "CASH A/C",
  "caddress" : null,
  "cgstno" : null,
  "items" : [ {
    "serialNo" : "1",
    "pname" : "BISON EXT PUTTY Putty",
    "hsn" : "321410",
    "pack" : "30.0 KG",
    "nop" : 5,
    "qty" : 150.0,
    "rate" : 542.37,
    "taxRt" : 18.0,
    "cgst" : 244.05,
    "sgst" : 244.05,
    "total" : 3199.0,
    "valBefTax" : 2711.85
  } ],
  "totalCgst" : 244.05,
  "totalSgst" : 244.05,
  "total" : 3199.0,
  "totalvbt" : 2711.85,
  "totalNop" : 5.0,
  "totqty" : 150.0,
  "paymentMode" : "Cash"
}