{
  "invoiceNo" : "001113",
  "date" : "07/07/2022",
  "cname" : "CASH A/C",
  "caddress" : null,
  "cgstno" : null,
  "items" : [ {
    "serialNo" : "1",
    "pname" : "W2 PU Base Pu Enamel",
    "hsn" : "320890",
    "pack" : "0.95 LTR",
    "nop" : 1,
    "qty" : 0.95,
    "rate" : 271.18,
    "taxRt" : 18.0,
    "cgst" : 24.41,
    "sgst" : 24.41,
    "total" : 320.0,
    "valBefTax" : 271.18
  }, {
    "serialNo" : "2",
    "pname" : "P0 SLK GLOW Silk Glow",
    "hsn" : "320910",
    "pack" : "1.0 LTR",
    "nop" : 2,
    "qty" : 2.0,
    "rate" : 508.47,
    "taxRt" : 18.0,
    "cgst" : 91.52,
    "sgst" : 91.52,
    "total" : 1199.0,
    "valBefTax" : 1016.94
  }, {
    "serialNo" : "3",
    "pname" : "NON METALIC illusion Designer Fi",
    "hsn" : "320910",
    "pack" : "1.0 LTR",
    "nop" : 1,
    "qty" : 1.0,
    "rate" : 611.01,
    "taxRt" : 18.0,
    "cgst" : 54.99,
    "sgst" : 54.99,
    "total" : 720.0,
    "valBefTax" : 611.01
  }, {
    "serialNo" : "4",
    "pname" : "NON METALIC illusion Designer Fi",
    "hsn" : "320910",
    "pack" : "1.0 LTR",
    "nop" : 1,
    "qty" : 1.0,
    "rate" : 652.54,
    "taxRt" : 18.0,
    "cgst" : 58.73,
    "sgst" : 58.73,
    "total" : 770.0,
    "valBefTax" : 652.54
  }, {
    "serialNo" : "5",
    "pname" : "NON METALIC illusion Designer Fi",
    "hsn" : "320910",
    "pack" : "1.0 LTR",
    "nop" : 1,
    "qty" : 1.0,
    "rate" : 605.08,
    "taxRt" : 18.0,
    "cgst" : 54.46,
    "sgst" : 54.46,
    "total" : 714.0,
    "valBefTax" : 605.08
  }, {
    "serialNo" : "6",
    "pname" : "N2 SLK C B Silk Luxury Emul",
    "hsn" : "320910",
    "pack" : "0.9 LT",
    "nop" : 1,
    "qty" : 0.9,
    "rate" : 557.62,
    "taxRt" : 18.0,
    "cgst" : 50.19,
    "sgst" : 50.19,
    "total" : 658.0,
    "valBefTax" : 557.62
  }, {
    "serialNo" : "7",
    "pname" : "SILVER DESIGN illusion Designer Fi",
    "hsn" : "320910",
    "pack" : "0.2 LT",
    "nop" : 2,
    "qty" : 0.4,
    "rate" : 211.86,
    "taxRt" : 18.0,
    "cgst" : 38.14,
    "sgst" : 38.14,
    "total" : 500.0,
    "valBefTax" : 423.72
  } ],
  "totalCgst" : 372.44,
  "totalSgst" : 372.44,
  "total" : 4881.0,
  "totalvbt" : 4138.09,
  "totalNop" : 9.0,
  "totqty" : 7.25,
  "paymentMode" : "Cash",
  "phone" : null
}