{
  "invoiceNo" : "001108",
  "date" : "07/07/2022",
  "cname" : "CASH A/C",
  "caddress" : null,
  "cgstno" : null,
  "items" : [ {
    "serialNo" : "1",
    "pname" : "BUTTERFLY AC METAL Metal Primer Solvent",
    "hsn" : "320890",
    "pack" : "1.0 LT",
    "nop" : 1,
    "qty" : 1.0,
    "rate" : 190.68,
    "taxRt" : 18.0,
    "cgst" : 17.16,
    "sgst" : 17.16,
    "total" : 225.0,
    "valBefTax" : 190.68
  }, {
    "serialNo" : "2",
    "pname" : "BLACK Luxol-7-in-1 Colours",
    "hsn" : "320890",
    "pack" : "1.0 LTR",
    "nop" : 1,
    "qty" : 1.0,
    "rate" : 296.61,
    "taxRt" : 18.0,
    "cgst" : 26.69,
    "sgst" : 26.69,
    "total" : 349.0,
    "valBefTax" : 296.61
  } ],
  "totalCgst" : 43.85,
  "totalSgst" : 43.85,
  "total" : 574.0,
  "totalvbt" : 487.29,
  "totalNop" : 2.0,
  "totqty" : 2.0,
  "paymentMode" : "Cash"
}