{
  "invoiceNo" : "001115",
  "date" : "07/07/2022",
  "cname" : "CASH A/C",
  "caddress" : null,
  "cgstno" : null,
  "items" : [ {
    "serialNo" : "1",
    "pname" : "ACRYLIC PRIMER Wb Primers",
    "hsn" : "32091090",
    "pack" : "1.0 LTR",
    "nop" : 1,
    "qty" : 1.0,
    "rate" : 122.88,
    "taxRt" : 18.0,
    "cgst" : 11.06,
    "sgst" : 11.06,
    "total" : 145.0,
    "valBefTax" : 122.88
  }, {
    "serialNo" : "2",
    "pname" : "ACRYLIC PRIMER Wb Primers",
    "hsn" : "32091090",
    "pack" : "4.0 LTR",
    "nop" : 1,
    "qty" : 4.0,
    "rate" : 444.91,
    "taxRt" : 18.0,
    "cgst" : 40.04,
    "sgst" : 40.04,
    "total" : 524.0,
    "valBefTax" : 444.91
  }, {
    "serialNo" : "3",
    "pname" : "F Y GREEN  NU' Luxol Universal Stai",
    "hsn" : "321390",
    "pack" : "0.05 LTR",
    "nop" : 2,
    "qty" : 0.1,
    "rate" : 31.78,
    "taxRt" : 18.0,
    "cgst" : 5.72,
    "sgst" : 5.72,
    "total" : 75.0,
    "valBefTax" : 63.56
  }, {
    "serialNo" : "4",
    "pname" : "W2 PU Base Pu Enamel",
    "hsn" : "320890",
    "pack" : "0.45 LTR",
    "nop" : 1,
    "qty" : 0.45,
    "rate" : 144.07,
    "taxRt" : 18.0,
    "cgst" : 12.97,
    "sgst" : 12.97,
    "total" : 170.0,
    "valBefTax" : 144.07
  } ],
  "totalCgst" : 69.79,
  "totalSgst" : 69.79,
  "total" : 914.0,
  "totalvbt" : 775.42,
  "totalNop" : 5.0,
  "totqty" : 5.55,
  "paymentMode" : "Cash"
}