{
  "invoiceNo" : "001169",
  "date" : "15/07/2022",
  "cname" : "SUK-SARI HOME CON.. (P) LTD",
  "caddress" : "KC-1/1-ASWININAGAR KOLKATA 700159",
  "cgstno" : null,
  "items" : [ {
    "serialNo" : "1",
    "pname" : "WHITE CEMENT White Cement",
    "hsn" : "25232100",
    "pack" : "5.0 KGS",
    "nop" : 1,
    "qty" : 5.0,
    "rate" : 113.28,
    "taxRt" : 28.0,
    "cgst" : 15.86,
    "sgst" : 15.86,
    "total" : 145.0,
    "valBefTax" : 113.28
  } ],
  "totalCgst" : 15.86,
  "totalSgst" : 15.86,
  "total" : 145.0,
  "totalvbt" : 113.28,
  "totalNop" : 1.0,
  "totqty" : 5.0,
  "paymentMode" : "Credit",
  "phone" : null
}