{
  "invoiceNo" : "001153",
  "date" : "12/07/2022",
  "cname" : "KALIM ENTERPRISE",
  "caddress" : "VIL&PO GHUNI KOL 157",
  "cgstno" : null,
  "items" : [ {
    "serialNo" : "1",
    "pname" : "P0 EC C B Easy Clean Luxur",
    "hsn" : "320910",
    "pack" : "4.0 LT",
    "nop" : 1,
    "qty" : 4.0,
    "rate" : 1567.8,
    "taxRt" : 18.0,
    "cgst" : 141.1,
    "sgst" : 141.1,
    "total" : 1849.0,
    "valBefTax" : 1567.8
  }, {
    "serialNo" : "2",
    "pname" : "SNOW WHITE Luxol High Gloss Ena",
    "hsn" : "320890",
    "pack" : "1.0 LT",
    "nop" : 1,
    "qty" : 1.0,
    "rate" : 254.24,
    "taxRt" : 18.0,
    "cgst" : 22.88,
    "sgst" : 22.88,
    "total" : 300.0,
    "valBefTax" : 254.24
  } ],
  "totalCgst" : 163.98,
  "totalSgst" : 163.98,
  "total" : 2149.0,
  "totalvbt" : 1822.04,
  "totalNop" : 2.0,
  "totqty" : 5.0,
  "paymentMode" : "Credit",
  "phone" : null
}