{
  "invoiceNo" : "001119",
  "date" : "08/07/2022",
  "cname" : "CASH A/C",
  "caddress" : null,
  "cgstno" : null,
  "items" : [ {
    "serialNo" : "1",
    "pname" : "YLW EC C B Easy Clean Luxur",
    "hsn" : "320910",
    "pack" : "0.9 LT",
    "nop" : 2,
    "qty" : 1.8,
    "rate" : 466.1,
    "taxRt" : 18.0,
    "cgst" : 83.9,
    "sgst" : 83.9,
    "total" : 1100.0,
    "valBefTax" : 932.2
  }, {
    "serialNo" : "2",
    "pname" : "RED EC Emulsion",
    "hsn" : "32091090",
    "pack" : "1.0 LTR",
    "nop" : 1,
    "qty" : 1.0,
    "rate" : 428.81,
    "taxRt" : 18.0,
    "cgst" : 38.59,
    "sgst" : 38.59,
    "total" : 505.0,
    "valBefTax" : 428.81
  }, {
    "serialNo" : "3",
    "pname" : "SEAL O PRIME Xp Hs Seal O Prime",
    "hsn" : "320910",
    "pack" : "1.0 LT",
    "nop" : 1,
    "qty" : 1.0,
    "rate" : 190.68,
    "taxRt" : 18.0,
    "cgst" : 17.16,
    "sgst" : 17.16,
    "total" : 225.0,
    "valBefTax" : 190.68
  }, {
    "serialNo" : "4",
    "pname" : "PALE CREAM Luxol High Gloss Ena",
    "hsn" : "320890",
    "pack" : "1.0 LT",
    "nop" : 1,
    "qty" : 1.0,
    "rate" : 254.24,
    "taxRt" : 18.0,
    "cgst" : 22.88,
    "sgst" : 22.88,
    "total" : 300.0,
    "valBefTax" : 254.24
  }, {
    "serialNo" : "5",
    "pname" : "W2 7IN1 Luxol-7-in-1 Base",
    "hsn" : "320890",
    "pack" : "0.95 LTR",
    "nop" : 1,
    "qty" : 0.95,
    "rate" : 338.98,
    "taxRt" : 18.0,
    "cgst" : 30.51,
    "sgst" : 30.51,
    "total" : 400.0,
    "valBefTax" : 338.98
  }, {
    "serialNo" : "6",
    "pname" : "L BRN LUX XTRA C B Luxol Xtra Ename",
    "hsn" : "320810",
    "pack" : "0.45 LT",
    "nop" : 1,
    "qty" : 0.45,
    "rate" : 144.07,
    "taxRt" : 18.0,
    "cgst" : 12.97,
    "sgst" : 12.97,
    "total" : 170.0,
    "valBefTax" : 144.07
  }, {
    "serialNo" : "7",
    "pname" : "D BRN Base Pu Enamel",
    "hsn" : "320890",
    "pack" : "0.45 LTR",
    "nop" : 1,
    "qty" : 0.45,
    "rate" : 135.59,
    "taxRt" : 18.0,
    "cgst" : 12.2,
    "sgst" : 12.2,
    "total" : 159.0,
    "valBefTax" : 135.59
  }, {
    "serialNo" : "8",
    "pname" : "N2 SLK C B Silk Luxury Emul",
    "hsn" : "320910",
    "pack" : "0.9 LT",
    "nop" : 1,
    "qty" : 0.9,
    "rate" : 161.02,
    "taxRt" : 18.0,
    "cgst" : 14.49,
    "sgst" : 14.49,
    "total" : 190.0,
    "valBefTax" : 161.02
  }, {
    "serialNo" : "9",
    "pname" : "WATERBLOCK 2K Aqua Tech Waterproof",
    "hsn" : "32091010",
    "pack" : "3.0 KGS",
    "nop" : 1,
    "qty" : 3.0,
    "rate" : 466.1,
    "taxRt" : 18.0,
    "cgst" : 41.95,
    "sgst" : 41.95,
    "total" : 550.0,
    "valBefTax" : 466.1
  } ],
  "totalCgst" : 274.65,
  "totalSgst" : 274.65,
  "total" : 3599.0,
  "totalvbt" : 3051.69,
  "totalNop" : 10.0,
  "totqty" : 10.55,
  "paymentMode" : "Cash"
}