{
  "invoiceNo" : "001149",
  "date" : "12/07/2022",
  "cname" : "CASH A/C",
  "caddress" : null,
  "cgstno" : null,
  "items" : [ {
    "serialNo" : "1",
    "pname" : "YLW WLL 7 Xp Long Life 7",
    "hsn" : "320910",
    "pack" : "9.0 LTR",
    "nop" : 1,
    "qty" : 9.0,
    "rate" : 4364.4,
    "taxRt" : 18.0,
    "cgst" : 392.79,
    "sgst" : 392.79,
    "total" : 5149.0,
    "valBefTax" : 4364.4
  }, {
    "serialNo" : "2",
    "pname" : "WCOAT EXT PRIMER Exterior Wall Primer",
    "hsn" : "320910",
    "pack" : "10.0 LT",
    "nop" : 1,
    "qty" : 10.0,
    "rate" : 1254.2,
    "taxRt" : 18.0,
    "cgst" : 112.88,
    "sgst" : 112.88,
    "total" : 1479.0,
    "valBefTax" : 1254.2
  } ],
  "totalCgst" : 505.67,
  "totalSgst" : 505.67,
  "total" : 6628.0,
  "totalvbt" : 5618.6,
  "totalNop" : 2.0,
  "totqty" : 19.0,
  "paymentMode" : "Cash"
}