{
  "invoiceNo" : "001114",
  "date" : "07/07/2022",
  "cname" : "CASH A/C",
  "caddress" : null,
  "cgstno" : null,
  "items" : [ {
    "serialNo" : "1",
    "pname" : "BIRLA WALL CARE PUTT Wallcare Putty Fine",
    "hsn" : "32141000",
    "pack" : "40.0 KGS",
    "nop" : 4,
    "qty" : 160.0,
    "rate" : 476.69,
    "taxRt" : 18.0,
    "cgst" : 171.6,
    "sgst" : 171.6,
    "total" : 2249.0,
    "valBefTax" : 1906.76
  }, {
    "serialNo" : "2",
    "pname" : "GOLD P U Supr Gl Enamel P",
    "hsn" : "32089090",
    "pack" : "0.05 LTR",
    "nop" : 1,
    "qty" : 0.05,
    "rate" : 67.8,
    "taxRt" : 18.0,
    "cgst" : 6.1,
    "sgst" : 6.1,
    "total" : 80.0,
    "valBefTax" : 67.8
  }, {
    "serialNo" : "3",
    "pname" : "RED OXIDE METAL PRIM Metal Primer",
    "hsn" : "3208909",
    "pack" : "0.2 LTR",
    "nop" : 1,
    "qty" : 0.2,
    "rate" : 46.61,
    "taxRt" : 18.0,
    "cgst" : 4.19,
    "sgst" : 4.19,
    "total" : 54.0,
    "valBefTax" : 46.61
  } ],
  "totalCgst" : 181.89,
  "totalSgst" : 181.89,
  "total" : 2383.0,
  "totalvbt" : 2021.17,
  "totalNop" : 6.0,
  "totqty" : 160.25,
  "paymentMode" : "Cash"
}