{
  "invoiceNo" : "001133",
  "date" : "10/07/2022",
  "cname" : "CASH A/C",
  "caddress" : null,
  "cgstno" : null,
  "items" : [ {
    "serialNo" : "1",
    "pname" : "BISON EXT PUTTY Putty",
    "hsn" : "321410",
    "pack" : "40.0 KG",
    "nop" : 10,
    "qty" : 400.0,
    "rate" : 635.59,
    "taxRt" : 18.0,
    "cgst" : 572.0,
    "sgst" : 572.0,
    "total" : 7499.0,
    "valBefTax" : 6355.9
  }, {
    "serialNo" : "2",
    "pname" : "BUTTERFLY AC METAL Metal Primer Solvent",
    "hsn" : "320890",
    "pack" : "1.0 LT",
    "nop" : 1,
    "qty" : 1.0,
    "rate" : 190.68,
    "taxRt" : 18.0,
    "cgst" : 17.16,
    "sgst" : 17.16,
    "total" : 225.0,
    "valBefTax" : 190.68
  }, {
    "serialNo" : "3",
    "pname" : "D BRN Base Pu Enamel",
    "hsn" : "320890",
    "pack" : "0.9 LTR",
    "nop" : 2,
    "qty" : 1.8,
    "rate" : 279.66,
    "taxRt" : 18.0,
    "cgst" : 50.34,
    "sgst" : 50.34,
    "total" : 660.0,
    "valBefTax" : 559.32
  }, {
    "serialNo" : "4",
    "pname" : "60 NO 4\"X9\" Handy Sheet",
    "hsn" : "68051010",
    "pack" : "1.0 PCS",
    "nop" : 3,
    "qty" : 3.0,
    "rate" : 8.47,
    "taxRt" : 18.0,
    "cgst" : 2.28,
    "sgst" : 2.28,
    "total" : 30.0,
    "valBefTax" : 25.41
  }, {
    "serialNo" : "5",
    "pname" : "GP THINNER Thinners",
    "hsn" : "320810",
    "pack" : "1.0 LTR",
    "nop" : 2,
    "qty" : 2.0,
    "rate" : 110.17,
    "taxRt" : 18.0,
    "cgst" : 19.84,
    "sgst" : 19.84,
    "total" : 260.0,
    "valBefTax" : 220.34
  } ],
  "totalCgst" : 661.62,
  "totalSgst" : 661.62,
  "total" : 8674.0,
  "totalvbt" : 7351.65,
  "totalNop" : 18.0,
  "totqty" : 407.8,
  "paymentMode" : "Cash",
  "phone" : null
}