{
  "invoiceNo" : "001112",
  "date" : "07/07/2022",
  "cname" : "KALIM ENTERPRISE",
  "caddress" : "VIL&PO GHUNI KOL 157",
  "cgstno" : null,
  "items" : [ {
    "serialNo" : "1",
    "pname" : "SEAL O PRIME Xp Hs Seal O Prime",
    "hsn" : "320910",
    "pack" : "4.0 LT",
    "nop" : 1,
    "qty" : 4.0,
    "rate" : 703.38,
    "taxRt" : 18.0,
    "cgst" : 63.3,
    "sgst" : 63.3,
    "total" : 829.0,
    "valBefTax" : 703.38
  }, {
    "serialNo" : "2",
    "pname" : "GP THINNER Thinners",
    "hsn" : "320810",
    "pack" : "1.0 LTR",
    "nop" : 1,
    "qty" : 1.0,
    "rate" : 114.41,
    "taxRt" : 18.0,
    "cgst" : 10.3,
    "sgst" : 10.3,
    "total" : 135.0,
    "valBefTax" : 114.41
  } ],
  "totalCgst" : 73.6,
  "totalSgst" : 73.6,
  "total" : 964.0,
  "totalvbt" : 817.79,
  "totalNop" : 2.0,
  "totqty" : 5.0,
  "paymentMode" : "Credit",
  "phone" : null
}