{
  "invoiceNo" : "001148",
  "date" : "12/07/2022",
  "cname" : "SRIKANTA BRAMHA",
  "caddress" : "JAGATPUR",
  "cgstno" : null,
  "items" : [ {
    "serialNo" : "1",
    "pname" : "MOISTURE METER Xp Tools",
    "hsn" : "320890",
    "pack" : "1.0 LTR",
    "nop" : 1,
    "qty" : 1.0,
    "rate" : 7627.1,
    "taxRt" : 18.0,
    "cgst" : 686.43,
    "sgst" : 686.43,
    "total" : 8999.0,
    "valBefTax" : 7627.1
  }, {
    "serialNo" : "2",
    "pname" : "PASTE WALL PUTTY DUW Putty & Others",
    "hsn" : "32091010",
    "pack" : "1.0 KGS",
    "nop" : 1,
    "qty" : 1.0,
    "rate" : 72.03,
    "taxRt" : 18.0,
    "cgst" : 6.48,
    "sgst" : 6.48,
    "total" : 84.0,
    "valBefTax" : 72.03
  } ],
  "totalCgst" : 692.91,
  "totalSgst" : 692.91,
  "total" : 9083.0,
  "totalvbt" : 7699.13,
  "totalNop" : 2.0,
  "totqty" : 2.0,
  "paymentMode" : "Cash",
  "phone" : null
}