{
  "invoiceNo" : "001152",
  "date" : "12/07/2022",
  "cname" : "KALIM ENTERPRISE",
  "caddress" : "VIL&PO GHUNI KOL 157",
  "cgstno" : null,
  "items" : [ {
    "serialNo" : "1",
    "pname" : "SEAL O PRIME Xp Hs Seal O Prime",
    "hsn" : "320910",
    "pack" : "1.0 LT",
    "nop" : 3,
    "qty" : 3.0,
    "rate" : 190.68,
    "taxRt" : 18.0,
    "cgst" : 51.48,
    "sgst" : 51.48,
    "total" : 674.0,
    "valBefTax" : 572.04
  }, {
    "serialNo" : "2",
    "pname" : "P0 EC C B Easy Clean Luxur",
    "hsn" : "320910",
    "pack" : "1.0 LT",
    "nop" : 2,
    "qty" : 2.0,
    "rate" : 372.88,
    "taxRt" : 18.0,
    "cgst" : 67.12,
    "sgst" : 67.12,
    "total" : 880.0,
    "valBefTax" : 745.76
  }, {
    "serialNo" : "3",
    "pname" : "P0 EC C B Easy Clean Luxur",
    "hsn" : "320910",
    "pack" : "1.0 LT",
    "nop" : 1,
    "qty" : 1.0,
    "rate" : 402.54,
    "taxRt" : 18.0,
    "cgst" : 36.23,
    "sgst" : 36.23,
    "total" : 475.0,
    "valBefTax" : 402.54
  } ],
  "totalCgst" : 154.83,
  "totalSgst" : 154.83,
  "total" : 2029.0,
  "totalvbt" : 1720.34,
  "totalNop" : 6.0,
  "totqty" : 6.0,
  "paymentMode" : "Credit",
  "phone" : null
}