{
  "invoiceNo" : "001168",
  "date" : "15/07/2022",
  "cname" : "CASH A/C",
  "caddress" : null,
  "cgstno" : null,
  "items" : [ {
    "serialNo" : "1",
    "pname" : "150 NO Wet & Dry Sandpaper",
    "hsn" : "680510",
    "pack" : "1.0 PCS",
    "nop" : 10,
    "qty" : 10.0,
    "rate" : 14.41,
    "taxRt" : 18.0,
    "cgst" : 13.0,
    "sgst" : 13.0,
    "total" : 170.0,
    "valBefTax" : 144.1
  }, {
    "serialNo" : "2",
    "pname" : "PIDIFIN 2K Dr Fixit Pidifin",
    "hsn" : "32149090",
    "pack" : "15.0 KGS",
    "nop" : 1,
    "qty" : 15.0,
    "rate" : 1334.7,
    "taxRt" : 18.0,
    "cgst" : 120.13,
    "sgst" : 120.13,
    "total" : 1574.0,
    "valBefTax" : 1334.7
  } ],
  "totalCgst" : 133.13,
  "totalSgst" : 133.13,
  "total" : 1744.0,
  "totalvbt" : 1478.8,
  "totalNop" : 11.0,
  "totqty" : 25.0,
  "paymentMode" : "Cash"
}