{
  "invoiceNo" : "001135",
  "date" : "10/07/2022",
  "cname" : "CASH A/C",
  "caddress" : null,
  "cgstno" : null,
  "items" : [ {
    "serialNo" : "1",
    "pname" : "PASTE WALL PUTTY DUW Putty & Others",
    "hsn" : "32091010",
    "pack" : "1.0 KGS",
    "nop" : 1,
    "qty" : 1.0,
    "rate" : 67.8,
    "taxRt" : 18.0,
    "cgst" : 6.1,
    "sgst" : 6.1,
    "total" : 80.0,
    "valBefTax" : 67.8
  }, {
    "serialNo" : "2",
    "pname" : "WHITE INT & EXT EMUL Never Miss",
    "hsn" : "320910",
    "pack" : "1.0 LTR",
    "nop" : 1,
    "qty" : 1.0,
    "rate" : 271.18,
    "taxRt" : 18.0,
    "cgst" : 24.41,
    "sgst" : 24.41,
    "total" : 320.0,
    "valBefTax" : 271.18
  }, {
    "serialNo" : "3",
    "pname" : "W1 EC C B Easy Clean Luxur",
    "hsn" : "320910",
    "pack" : "3.6 LT",
    "nop" : 1,
    "qty" : 3.6,
    "rate" : 1476.3,
    "taxRt" : 18.0,
    "cgst" : 132.86,
    "sgst" : 132.86,
    "total" : 1741.0,
    "valBefTax" : 1476.3
  } ],
  "totalCgst" : 163.37,
  "totalSgst" : 163.37,
  "total" : 2141.0,
  "totalvbt" : 1815.28,
  "totalNop" : 3.0,
  "totqty" : 5.6,
  "paymentMode" : "Cash",
  "phone" : null
}