{
  "invoiceNo" : "001104",
  "date" : "06/07/2022",
  "cname" : "CASH A/C",
  "caddress" : null,
  "cgstno" : null,
  "items" : [ {
    "serialNo" : "1",
    "pname" : "ZIN CHROMATE PRIMER Metal Primer",
    "hsn" : "32089090",
    "pack" : "0.5 LTR",
    "nop" : 1,
    "qty" : 0.5,
    "rate" : 110.17,
    "taxRt" : 18.0,
    "cgst" : 9.92,
    "sgst" : 9.92,
    "total" : 130.0,
    "valBefTax" : 110.17
  }, {
    "serialNo" : "2",
    "pname" : "W2 7IN1 Luxol-7-in-1 Base",
    "hsn" : "320890",
    "pack" : "0.475 LTR",
    "nop" : 1,
    "qty" : 0.475,
    "rate" : 169.49,
    "taxRt" : 18.0,
    "cgst" : 15.25,
    "sgst" : 15.25,
    "total" : 199.0,
    "valBefTax" : 169.49
  }, {
    "serialNo" : "3",
    "pname" : "80 NO 4\"X 9\" Handy Sheet",
    "hsn" : "68051010",
    "pack" : "1.0 PCS",
    "nop" : 1,
    "qty" : 1.0,
    "rate" : 8.47,
    "taxRt" : 18.0,
    "cgst" : 0.76,
    "sgst" : 0.76,
    "total" : 9.0,
    "valBefTax" : 8.47
  } ],
  "totalCgst" : 25.93,
  "totalSgst" : 25.93,
  "total" : 338.0,
  "totalvbt" : 288.13,
  "totalNop" : 3.0,
  "totqty" : 1.98,
  "paymentMode" : "Cash"
}