{
  "invoiceNo" : "001145",
  "date" : "12/07/2022",
  "cname" : "SUK-SARI HOME CON.. (P) LTD",
  "caddress" : "KC-1/1-ASWININAGAR KOLKATA 700159",
  "cgstno" : null,
  "items" : [ {
    "serialNo" : "1",
    "pname" : "FLEX KWIK Others",
    "hsn" : "350610",
    "pack" : "0.02 KGS",
    "nop" : 1,
    "qty" : 0.02,
    "rate" : 46.61,
    "taxRt" : 18.0,
    "cgst" : 4.19,
    "sgst" : 4.19,
    "total" : 54.0,
    "valBefTax" : 46.61
  }, {
    "serialNo" : "2",
    "pname" : "ARALDITE Araldite",
    "hsn" : "35061000",
    "pack" : "0.18 KGS",
    "nop" : 1,
    "qty" : 0.18,
    "rate" : 322.03,
    "taxRt" : 18.0,
    "cgst" : 28.98,
    "sgst" : 28.98,
    "total" : 379.0,
    "valBefTax" : 322.03
  } ],
  "totalCgst" : 33.17,
  "totalSgst" : 33.17,
  "total" : 433.0,
  "totalvbt" : 368.64,
  "totalNop" : 2.0,
  "totqty" : 0.2,
  "paymentMode" : "Cash"
}