{
  "invoiceNo" : "001154",
  "date" : "13/07/2022",
  "cname" : "CASH A/C",
  "caddress" : null,
  "cgstno" : null,
  "items" : [ {
    "serialNo" : "1",
    "pname" : "BPCPWT Interior Wall Primer",
    "hsn" : "320910",
    "pack" : "10.0 LT",
    "nop" : 1,
    "qty" : 10.0,
    "rate" : 1228.8,
    "taxRt" : 18.0,
    "cgst" : 110.59,
    "sgst" : 110.59,
    "total" : 1449.0,
    "valBefTax" : 1228.8
  }, {
    "serialNo" : "2",
    "pname" : "BPCPWT Interior Wall Primer",
    "hsn" : "320910",
    "pack" : "20.0 LT",
    "nop" : 1,
    "qty" : 20.0,
    "rate" : 2203.4,
    "taxRt" : 18.0,
    "cgst" : 198.3,
    "sgst" : 198.3,
    "total" : 2599.0,
    "valBefTax" : 2203.4
  }, {
    "serialNo" : "3",
    "pname" : "SIGNAL RED Weather Coat Smooth",
    "hsn" : "320910",
    "pack" : "1.0 LTR",
    "nop" : 4,
    "qty" : 4.0,
    "rate" : 322.03,
    "taxRt" : 18.0,
    "cgst" : 115.92,
    "sgst" : 115.92,
    "total" : 1519.0,
    "valBefTax" : 1288.12
  }, {
    "serialNo" : "4",
    "pname" : "F YLW Unitint",
    "hsn" : "32139000",
    "pack" : "0.1 LTR",
    "nop" : 6,
    "qty" : 0.6000000000000001,
    "rate" : 72.03,
    "taxRt" : 18.0,
    "cgst" : 38.88,
    "sgst" : 38.88,
    "total" : 510.0,
    "valBefTax" : 432.18
  }, {
    "serialNo" : "5",
    "pname" : "F ORANGE Luxol Universal Stai",
    "hsn" : "321390",
    "pack" : "0.05 LTR",
    "nop" : 4,
    "qty" : 0.2,
    "rate" : 36.02,
    "taxRt" : 18.0,
    "cgst" : 12.96,
    "sgst" : 12.96,
    "total" : 170.0,
    "valBefTax" : 144.08
  } ],
  "totalCgst" : 476.65,
  "totalSgst" : 476.65,
  "total" : 6247.0,
  "totalvbt" : 5296.58,
  "totalNop" : 16.0,
  "totqty" : 34.8,
  "paymentMode" : "Cash"
}