{
  "invoiceNo" : "001162",
  "date" : "14/07/2022",
  "cname" : "CASH A/C",
  "caddress" : null,
  "cgstno" : null,
  "items" : [ {
    "serialNo" : "1",
    "pname" : "F ORANGE Unitint",
    "hsn" : "321390",
    "pack" : "0.1 LTR",
    "nop" : 1,
    "qty" : 0.1,
    "rate" : 76.27,
    "taxRt" : 18.0,
    "cgst" : 6.86,
    "sgst" : 6.86,
    "total" : 89.0,
    "valBefTax" : 76.27
  }, {
    "serialNo" : "2",
    "pname" : "BR ORANGE Unitint",
    "hsn" : "32139000",
    "pack" : "0.05 LTR",
    "nop" : 1,
    "qty" : 0.05,
    "rate" : 38.14,
    "taxRt" : 18.0,
    "cgst" : 3.43,
    "sgst" : 3.43,
    "total" : 45.0,
    "valBefTax" : 38.14
  }, {
    "serialNo" : "3",
    "pname" : "BR ORANGE Unitint",
    "hsn" : "32139000",
    "pack" : "0.05 LTR",
    "nop" : 1,
    "qty" : 0.05,
    "rate" : 38.14,
    "taxRt" : 18.0,
    "cgst" : 3.43,
    "sgst" : 3.43,
    "total" : 45.0,
    "valBefTax" : 38.14
  }, {
    "serialNo" : "4",
    "pname" : "150 NO Wet & Dry Sandpaper",
    "hsn" : "680510",
    "pack" : "1.0 PCS",
    "nop" : 5,
    "qty" : 5.0,
    "rate" : 14.41,
    "taxRt" : 18.0,
    "cgst" : 6.5,
    "sgst" : 6.5,
    "total" : 84.0,
    "valBefTax" : 72.05
  }, {
    "serialNo" : "5",
    "pname" : "220 NO Wet & Dry Sandpaper",
    "hsn" : "680510",
    "pack" : "1.0 PCS",
    "nop" : 5,
    "qty" : 5.0,
    "rate" : 13.56,
    "taxRt" : 18.0,
    "cgst" : 6.1,
    "sgst" : 6.1,
    "total" : 80.0,
    "valBefTax" : 67.8
  } ],
  "totalCgst" : 26.32,
  "totalSgst" : 26.32,
  "total" : 343.0,
  "totalvbt" : 292.4,
  "totalNop" : 13.0,
  "totqty" : 10.2,
  "paymentMode" : "Cash",
  "phone" : null
}