{
  "invoiceNo" : "001155",
  "date" : "13/07/2022",
  "cname" : "CASH A/C",
  "caddress" : null,
  "cgstno" : null,
  "items" : [ {
    "serialNo" : "1",
    "pname" : "P0 EC C B Easy Clean Luxur",
    "hsn" : "320910",
    "pack" : "1.0 LT",
    "nop" : 1,
    "qty" : 1.0,
    "rate" : 381.35,
    "taxRt" : 18.0,
    "cgst" : 34.32,
    "sgst" : 34.32,
    "total" : 449.0,
    "valBefTax" : 381.35
  }, {
    "serialNo" : "2",
    "pname" : "BISON EXT PUTTY Putty",
    "hsn" : "321410",
    "pack" : "40.0 KG",
    "nop" : 1,
    "qty" : 40.0,
    "rate" : 635.59,
    "taxRt" : 18.0,
    "cgst" : 57.2,
    "sgst" : 57.2,
    "total" : 749.0,
    "valBefTax" : 635.59
  }, {
    "serialNo" : "3",
    "pname" : "100 NO Wet & Dry Sandpaper",
    "hsn" : "680510",
    "pack" : "1.0 PCS",
    "nop" : 10,
    "qty" : 10.0,
    "rate" : 14.41,
    "taxRt" : 18.0,
    "cgst" : 13.0,
    "sgst" : 13.0,
    "total" : 170.0,
    "valBefTax" : 144.1
  }, {
    "serialNo" : "4",
    "pname" : "WMAST EXT & INT PRIM Ext & Interior Prime",
    "hsn" : "32091090",
    "pack" : "10.0 LTR",
    "nop" : 1,
    "qty" : 10.0,
    "rate" : 974.57,
    "taxRt" : 18.0,
    "cgst" : 87.71,
    "sgst" : 87.71,
    "total" : 1149.0,
    "valBefTax" : 974.57
  }, {
    "serialNo" : "5",
    "pname" : "PASTE WALL PUTTY DUW Putty & Others",
    "hsn" : "32091010",
    "pack" : "1.0 KGS",
    "nop" : 2,
    "qty" : 2.0,
    "rate" : 72.03,
    "taxRt" : 18.0,
    "cgst" : 12.96,
    "sgst" : 12.96,
    "total" : 170.0,
    "valBefTax" : 144.06
  }, {
    "serialNo" : "6",
    "pname" : "PARROT WOOD PRIMER Wood  Primer Solvent",
    "hsn" : "320890",
    "pack" : "0.5 LT",
    "nop" : 1,
    "qty" : 0.5,
    "rate" : 105.93,
    "taxRt" : 18.0,
    "cgst" : 9.53,
    "sgst" : 9.53,
    "total" : 124.0,
    "valBefTax" : 105.93
  }, {
    "serialNo" : "7",
    "pname" : "F RED NEW Luxol Universal Stai",
    "hsn" : "321390",
    "pack" : "0.1 LTR",
    "nop" : 3,
    "qty" : 0.30000000000000004,
    "rate" : 72.03,
    "taxRt" : 18.0,
    "cgst" : 19.44,
    "sgst" : 19.44,
    "total" : 255.0,
    "valBefTax" : 216.09
  } ],
  "totalCgst" : 234.16,
  "totalSgst" : 234.16,
  "total" : 3066.0,
  "totalvbt" : 2601.69,
  "totalNop" : 19.0,
  "totqty" : 63.8,
  "paymentMode" : "Cash"
}