{
  "invoiceNo" : "001191",
  "date" : "17/07/2022",
  "cname" : "KALIM ENTERPRISE",
  "caddress" : "VIL&PO GHUNI KOL 157",
  "cgstno" : null,
  "items" : [ {
    "serialNo" : "1",
    "pname" : "SEAL O PRIME Xp Hs Seal O Prime",
    "hsn" : "320910",
    "pack" : "20.0 LT",
    "nop" : 1,
    "qty" : 20.0,
    "rate" : 3050.8,
    "taxRt" : 18.0,
    "cgst" : 274.57,
    "sgst" : 274.57,
    "total" : 3599.0,
    "valBefTax" : 3050.8
  }, {
    "serialNo" : "2",
    "pname" : "2\" ARJUN Brushes",
    "hsn" : "96034010",
    "pack" : "1.0 PCS",
    "nop" : 2,
    "qty" : 2.0,
    "rate" : 42.37,
    "taxRt" : 18.0,
    "cgst" : 7.62,
    "sgst" : 7.62,
    "total" : 100.0,
    "valBefTax" : 84.74
  }, {
    "serialNo" : "3",
    "pname" : "ROLLER COMBINED 6\" Roller",
    "hsn" : "960340",
    "pack" : "1.0 LTR",
    "nop" : 1,
    "qty" : 1.0,
    "rate" : 84.75,
    "taxRt" : 18.0,
    "cgst" : 7.63,
    "sgst" : 7.63,
    "total" : 100.0,
    "valBefTax" : 84.75
  }, {
    "serialNo" : "4",
    "pname" : "BLACK LHG Luxol High Gloss Ena",
    "hsn" : "320890",
    "pack" : "1.0 LT",
    "nop" : 1,
    "qty" : 1.0,
    "rate" : 237.29,
    "taxRt" : 18.0,
    "cgst" : 21.36,
    "sgst" : 21.36,
    "total" : 280.0,
    "valBefTax" : 237.29
  }, {
    "serialNo" : "5",
    "pname" : "P0 EC C B Easy Clean Luxur",
    "hsn" : "320910",
    "pack" : "1.0 LT",
    "nop" : 2,
    "qty" : 2.0,
    "rate" : 368.64,
    "taxRt" : 18.0,
    "cgst" : 66.36,
    "sgst" : 66.36,
    "total" : 870.0,
    "valBefTax" : 737.28
  }, {
    "serialNo" : "6",
    "pname" : "P0 SLK B EASY Xp Slk Breathe Easy",
    "hsn" : "320910",
    "pack" : "1.0 LTR",
    "nop" : 2,
    "qty" : 2.0,
    "rate" : 598.3,
    "taxRt" : 18.0,
    "cgst" : 107.7,
    "sgst" : 107.7,
    "total" : 1411.0,
    "valBefTax" : 1196.6
  } ],
  "totalCgst" : 485.24,
  "totalSgst" : 485.24,
  "total" : 6360.0,
  "totalvbt" : 5391.46,
  "totalNop" : 9.0,
  "totqty" : 28.0,
  "paymentMode" : "Credit"
}