{
  "invoiceNo" : "001128",
  "date" : "09/07/2022",
  "cname" : "CASH A/C",
  "caddress" : null,
  "cgstno" : null,
  "items" : [ {
    "serialNo" : "1",
    "pname" : "W1 GLMR C B Xp Silk Glamour",
    "hsn" : "320910",
    "pack" : "0.9 LTR",
    "nop" : 2,
    "qty" : 1.8,
    "rate" : 547.45,
    "taxRt" : 18.0,
    "cgst" : 98.54,
    "sgst" : 98.54,
    "total" : 1291.0,
    "valBefTax" : 1094.9
  }, {
    "serialNo" : "2",
    "pname" : "P0 GLMR C B Xp Silk Glamour",
    "hsn" : "320910",
    "pack" : "1.0 LT",
    "nop" : 2,
    "qty" : 2.0,
    "rate" : 550.84,
    "taxRt" : 18.0,
    "cgst" : 99.16,
    "sgst" : 99.16,
    "total" : 1299.0,
    "valBefTax" : 1101.68
  }, {
    "serialNo" : "3",
    "pname" : "2\" ARJUN Brushes",
    "hsn" : "96034010",
    "pack" : "1.0 PCS",
    "nop" : 1,
    "qty" : 1.0,
    "rate" : 0.85,
    "taxRt" : 18.0,
    "cgst" : 0.08,
    "sgst" : 0.08,
    "total" : 1.0,
    "valBefTax" : 0.85
  }, {
    "serialNo" : "4",
    "pname" : "BR WHITE GPE Gloss Premium  Ename",
    "hsn" : "32081010",
    "pack" : "1.0 LTR",
    "nop" : 2,
    "qty" : 2.0,
    "rate" : 233.05,
    "taxRt" : 18.0,
    "cgst" : 41.94,
    "sgst" : 41.94,
    "total" : 550.0,
    "valBefTax" : 466.1
  }, {
    "serialNo" : "5",
    "pname" : "MASTERLOK Adhesive",
    "hsn" : "350610",
    "pack" : "0.25 KGS",
    "nop" : 1,
    "qty" : 0.25,
    "rate" : 42.37,
    "taxRt" : 18.0,
    "cgst" : 3.81,
    "sgst" : 3.81,
    "total" : 49.0,
    "valBefTax" : 42.37
  }, {
    "serialNo" : "6",
    "pname" : "P0 BISON C B Bison Emulsion",
    "hsn" : "320910",
    "pack" : "1.0 LT",
    "nop" : 2,
    "qty" : 2.0,
    "rate" : 157.63,
    "taxRt" : 18.0,
    "cgst" : 28.38,
    "sgst" : 28.38,
    "total" : 371.0,
    "valBefTax" : 315.26
  }, {
    "serialNo" : "7",
    "pname" : "BLACK Luxol-7-in-1 Colours",
    "hsn" : "320890",
    "pack" : "1.0 LTR",
    "nop" : 1,
    "qty" : 1.0,
    "rate" : 279.66,
    "taxRt" : 18.0,
    "cgst" : 25.17,
    "sgst" : 25.17,
    "total" : 330.0,
    "valBefTax" : 279.66
  }, {
    "serialNo" : "8",
    "pname" : "PALE CREAM Luxol Hi Gloss",
    "hsn" : "320810",
    "pack" : "0.5 LTR",
    "nop" : 1,
    "qty" : 0.5,
    "rate" : 144.07,
    "taxRt" : 18.0,
    "cgst" : 12.97,
    "sgst" : 12.97,
    "total" : 170.0,
    "valBefTax" : 144.07
  } ],
  "totalCgst" : 310.05,
  "totalSgst" : 310.05,
  "total" : 4061.0,
  "totalvbt" : 3444.89,
  "totalNop" : 12.0,
  "totqty" : 10.55,
  "paymentMode" : "Cash",
  "phone" : null
}