{
  "invoiceNo" : "001164",
  "date" : "14/07/2022",
  "cname" : "KALIM ENTERPRISE",
  "caddress" : "VIL&PO GHUNI KOL 157",
  "cgstno" : null,
  "items" : [ {
    "serialNo" : "1",
    "pname" : "P0 BE Xp Slk Breathe Easy",
    "hsn" : "320910",
    "pack" : "4.0 LTR",
    "nop" : 1,
    "qty" : 4.0,
    "rate" : 2362.7,
    "taxRt" : 18.0,
    "cgst" : 212.64,
    "sgst" : 212.64,
    "total" : 2787.0,
    "valBefTax" : 2362.7
  }, {
    "serialNo" : "2",
    "pname" : "P0 EC C B Easy Clean Luxur",
    "hsn" : "320910",
    "pack" : "1.0 LT",
    "nop" : 1,
    "qty" : 1.0,
    "rate" : 389.83,
    "taxRt" : 18.0,
    "cgst" : 35.08,
    "sgst" : 35.08,
    "total" : 459.0,
    "valBefTax" : 389.83
  }, {
    "serialNo" : "3",
    "pname" : "BLACK LHG Luxol High Gloss Ena",
    "hsn" : "320890",
    "pack" : "1.0 LT",
    "nop" : 1,
    "qty" : 1.0,
    "rate" : 233.05,
    "taxRt" : 18.0,
    "cgst" : 20.97,
    "sgst" : 20.97,
    "total" : 274.0,
    "valBefTax" : 233.05
  }, {
    "serialNo" : "4",
    "pname" : "GP THINNER Thinners",
    "hsn" : "320810",
    "pack" : "1.0 LTR",
    "nop" : 1,
    "qty" : 1.0,
    "rate" : 110.17,
    "taxRt" : 18.0,
    "cgst" : 9.92,
    "sgst" : 9.92,
    "total" : 130.0,
    "valBefTax" : 110.17
  }, {
    "serialNo" : "5",
    "pname" : "DAWN Luxol High Gloss Ena",
    "hsn" : "320890",
    "pack" : "1.0 LT",
    "nop" : 1,
    "qty" : 1.0,
    "rate" : 254.24,
    "taxRt" : 18.0,
    "cgst" : 22.88,
    "sgst" : 22.88,
    "total" : 300.0,
    "valBefTax" : 254.24
  } ],
  "totalCgst" : 301.49,
  "totalSgst" : 301.49,
  "total" : 3950.0,
  "totalvbt" : 3349.99,
  "totalNop" : 5.0,
  "totqty" : 8.0,
  "paymentMode" : "Credit"
}