{
  "invoiceNo" : "001190",
  "date" : "17/07/2022",
  "cname" : "CASH A/C",
  "caddress" : null,
  "cgstno" : null,
  "items" : [ {
    "serialNo" : "1",
    "pname" : "BROWN TEKB JL422 Spray Paint",
    "hsn" : "32089090",
    "pack" : "1.0 PCS",
    "nop" : 1,
    "qty" : 1.0,
    "rate" : 161.02,
    "taxRt" : 18.0,
    "cgst" : 14.49,
    "sgst" : 14.49,
    "total" : 190.0,
    "valBefTax" : 161.02
  }, {
    "serialNo" : "2",
    "pname" : "120 Mk Eco Wet Paper",
    "hsn" : "68052090",
    "pack" : "1.0 PCS",
    "nop" : 1,
    "qty" : 1.0,
    "rate" : 14.41,
    "taxRt" : 18.0,
    "cgst" : 1.3,
    "sgst" : 1.3,
    "total" : 17.0,
    "valBefTax" : 14.41
  }, {
    "serialNo" : "3",
    "pname" : "W0 BISON C B Bison Super Dist",
    "hsn" : "320910",
    "pack" : "10.0 KG",
    "nop" : 1,
    "qty" : 10.0,
    "rate" : 533.89,
    "taxRt" : 18.0,
    "cgst" : 48.05,
    "sgst" : 48.05,
    "total" : 629.0,
    "valBefTax" : 533.89
  } ],
  "totalCgst" : 63.84,
  "totalSgst" : 63.84,
  "total" : 836.0,
  "totalvbt" : 709.32,
  "totalNop" : 3.0,
  "totqty" : 12.0,
  "paymentMode" : "Cash"
}