{
  "invoiceNo" : "001123",
  "date" : "08/07/2022",
  "cname" : "CASH A/C",
  "caddress" : null,
  "cgstno" : null,
  "items" : [ {
    "serialNo" : "1",
    "pname" : "P0 ANTI DUST C B Xp Wcoat Anti Du",
    "hsn" : "320910",
    "pack" : "20.0 LTR",
    "nop" : 1,
    "qty" : 20.0,
    "rate" : 6440.6,
    "taxRt" : 18.0,
    "cgst" : 579.66,
    "sgst" : 579.66,
    "total" : 7599.0,
    "valBefTax" : 6440.6
  }, {
    "serialNo" : "2",
    "pname" : "YLW LONG LIFE Xp Wcoat Long Life",
    "hsn" : "320910",
    "pack" : "0.9 LTR",
    "nop" : 1,
    "qty" : 0.9,
    "rate" : 593.22,
    "taxRt" : 18.0,
    "cgst" : 53.39,
    "sgst" : 53.39,
    "total" : 700.0,
    "valBefTax" : 593.22
  } ],
  "totalCgst" : 633.05,
  "totalSgst" : 633.05,
  "total" : 8299.0,
  "totalvbt" : 7033.82,
  "totalNop" : 2.0,
  "totqty" : 20.9,
  "paymentMode" : "Cash",
  "phone" : null
}