{
  "invoiceNo" : "001109",
  "date" : "07/07/2022",
  "cname" : "CASH A/C",
  "caddress" : null,
  "cgstno" : null,
  "items" : [ {
    "serialNo" : "1",
    "pname" : "D BRN Base Pu Enamel",
    "hsn" : "320890",
    "pack" : "0.45 LTR",
    "nop" : 1,
    "qty" : 0.45,
    "rate" : 144.07,
    "taxRt" : 18.0,
    "cgst" : 12.97,
    "sgst" : 12.97,
    "total" : 170.0,
    "valBefTax" : 144.07
  } ],
  "totalCgst" : 12.97,
  "totalSgst" : 12.97,
  "total" : 170.0,
  "totalvbt" : 144.07,
  "totalNop" : 1.0,
  "totqty" : 0.45,
  "paymentMode" : "Cash",
  "phone" : null
}