{
  "invoiceNo" : "001173",
  "date" : "15/07/2022",
  "cname" : "M SABHYASCHI",
  "caddress" : null,
  "cgstno" : null,
  "items" : [ {
    "serialNo" : "1",
    "pname" : "N1 WCS C B Weathercoat Smoo",
    "hsn" : "320910",
    "pack" : "0.9 LT",
    "nop" : 1,
    "qty" : 0.9,
    "rate" : 386.44,
    "taxRt" : 18.0,
    "cgst" : 34.78,
    "sgst" : 34.78,
    "total" : 456.0,
    "valBefTax" : 386.44
  } ],
  "totalCgst" : 34.78,
  "totalSgst" : 34.78,
  "total" : 456.0,
  "totalvbt" : 386.44,
  "totalNop" : 1.0,
  "totqty" : 0.9,
  "paymentMode" : "Cash",
  "phone" : null
}