{
  "invoiceNo" : "001139",
  "date" : "11/07/2022",
  "cname" : "FINAL TOUCH DECOR PVT LTD",
  "caddress" : "J204 PATULI OWNSHIP KOLKATA 700094",
  "cgstno" : null,
  "items" : [ {
    "serialNo" : "1",
    "pname" : "120 NO Wet & Dry Sandpaper",
    "hsn" : "680510",
    "pack" : "1.0 PCS",
    "nop" : 8,
    "qty" : 8.0,
    "rate" : 14.41,
    "taxRt" : 18.0,
    "cgst" : 10.4,
    "sgst" : 10.4,
    "total" : 135.0,
    "valBefTax" : 115.28
  }, {
    "serialNo" : "2",
    "pname" : "150 NO Wet & Dry Sandpaper",
    "hsn" : "680510",
    "pack" : "1.0 PCS",
    "nop" : 8,
    "qty" : 8.0,
    "rate" : 14.41,
    "taxRt" : 18.0,
    "cgst" : 10.4,
    "sgst" : 10.4,
    "total" : 135.0,
    "valBefTax" : 115.28
  }, {
    "serialNo" : "3",
    "pname" : "4\" SMART Brushes",
    "hsn" : "96034010",
    "pack" : "1.0 PCS",
    "nop" : 2,
    "qty" : 2.0,
    "rate" : 296.61,
    "taxRt" : 18.0,
    "cgst" : 53.38,
    "sgst" : 53.38,
    "total" : 700.0,
    "valBefTax" : 593.22
  }, {
    "serialNo" : "4",
    "pname" : "4\" WALLMAST Brushes",
    "hsn" : "96034010",
    "pack" : "1.0 PCS",
    "nop" : 2,
    "qty" : 2.0,
    "rate" : 190.68,
    "taxRt" : 18.0,
    "cgst" : 34.32,
    "sgst" : 34.32,
    "total" : 449.0,
    "valBefTax" : 381.36
  }, {
    "serialNo" : "5",
    "pname" : "ROLLER COMBINED 6\" Roller",
    "hsn" : "960340",
    "pack" : "1.0 LTR",
    "nop" : 4,
    "qty" : 4.0,
    "rate" : 84.75,
    "taxRt" : 18.0,
    "cgst" : 30.52,
    "sgst" : 30.52,
    "total" : 400.0,
    "valBefTax" : 339.0
  } ],
  "totalCgst" : 139.02,
  "totalSgst" : 139.02,
  "total" : 1819.0,
  "totalvbt" : 1544.14,
  "totalNop" : 24.0,
  "totqty" : 24.0,
  "paymentMode" : "Cash"
}