{
  "invoiceNo" : "001181",
  "date" : "15/07/2022",
  "cname" : "SAMARASH BARUI 8697638215",
  "caddress" : "7 1/2 BAGJOLA CAMP ASWININAGAR KOL 700159",
  "cgstno" : null,
  "items" : [ {
    "serialNo" : "1",
    "pname" : "P0 ANTI DUST C B Xp Wcoat Anti Du",
    "hsn" : "320910",
    "pack" : "1.0 LTR",
    "nop" : 1,
    "qty" : 1.0,
    "rate" : 344.06,
    "taxRt" : 18.0,
    "cgst" : 30.97,
    "sgst" : 30.97,
    "total" : 406.0,
    "valBefTax" : 344.06
  } ],
  "totalCgst" : 30.97,
  "totalSgst" : 30.97,
  "total" : 406.0,
  "totalvbt" : 344.06,
  "totalNop" : 1.0,
  "totqty" : 1.0,
  "paymentMode" : "Cash"
}