{
  "invoiceNo" : "001187",
  "date" : "16/07/2022",
  "cname" : "M SABHYASCHI",
  "caddress" : null,
  "cgstno" : null,
  "items" : [ {
    "serialNo" : "1",
    "pname" : "W1 ANTI DUST XP C B Xp Wcoat Anti Du",
    "hsn" : "320910",
    "pack" : "0.9 LTR",
    "nop" : 1,
    "qty" : 0.9,
    "rate" : 345.76,
    "taxRt" : 18.0,
    "cgst" : 31.12,
    "sgst" : 31.12,
    "total" : 408.0,
    "valBefTax" : 345.76
  }, {
    "serialNo" : "2",
    "pname" : "P0 ANTI DUST C B Xp Wcoat Anti Du",
    "hsn" : "320910",
    "pack" : "1.0 LTR",
    "nop" : 1,
    "qty" : 1.0,
    "rate" : 357.62,
    "taxRt" : 18.0,
    "cgst" : 32.19,
    "sgst" : 32.19,
    "total" : 422.0,
    "valBefTax" : 357.62
  }, {
    "serialNo" : "3",
    "pname" : "N1 ANTI DUST XP C B Xp Wcoat Anti Du",
    "hsn" : "320910",
    "pack" : "0.9 LTR",
    "nop" : 1,
    "qty" : 0.9,
    "rate" : 386.44,
    "taxRt" : 18.0,
    "cgst" : 34.78,
    "sgst" : 34.78,
    "total" : 456.0,
    "valBefTax" : 386.44
  } ],
  "totalCgst" : 98.09,
  "totalSgst" : 98.09,
  "total" : 1286.0,
  "totalvbt" : 1089.82,
  "totalNop" : 3.0,
  "totqty" : 2.8,
  "paymentMode" : "Credit"
}