{
  "invoiceNo" : "001143",
  "date" : "11/07/2022",
  "cname" : "ANIMEDIA WORKS",
  "caddress" : "B5 ADARSHA CO-OPERATIVE HOUSING SOCIETY A NAGAR KOL 159",
  "cgstno" : null,
  "items" : [ {
    "serialNo" : "1",
    "pname" : "P0 BISON C B Bison Emulsion",
    "hsn" : "320910",
    "pack" : "1.0 LT",
    "nop" : 1,
    "qty" : 1.0,
    "rate" : 186.44,
    "taxRt" : 18.0,
    "cgst" : 16.78,
    "sgst" : 16.78,
    "total" : 220.0,
    "valBefTax" : 186.44
  } ],
  "totalCgst" : 16.78,
  "totalSgst" : 16.78,
  "total" : 220.0,
  "totalvbt" : 186.44,
  "totalNop" : 1.0,
  "totqty" : 1.0,
  "paymentMode" : "Cash"
}