{
  "invoiceNo" : "001220",
  "date" : "19/07/2022",
  "cname" : "PARTHA KARMAKAR",
  "caddress" : "DIGANTIKA ASWININAGAROL KOLKATA 700159",
  "cgstno" : null,
  "items" : [ {
    "serialNo" : "1",
    "pname" : "BISON EXT PUTTY Putty",
    "hsn" : "321410",
    "pack" : "40.0 KG",
    "nop" : 2,
    "qty" : 80.0,
    "rate" : 618.64,
    "taxRt" : 18.0,
    "cgst" : 111.36,
    "sgst" : 111.36,
    "total" : 1459.0,
    "valBefTax" : 1237.28
  }, {
    "serialNo" : "2",
    "pname" : "BPCPST Wall Primer Solvent",
    "hsn" : "320890",
    "pack" : "20.0 LT",
    "nop" : 1,
    "qty" : 20.0,
    "rate" : 3305.1,
    "taxRt" : 18.0,
    "cgst" : 297.45,
    "sgst" : 297.45,
    "total" : 3899.0,
    "valBefTax" : 3305.1
  }, {
    "serialNo" : "3",
    "pname" : "120 NO Wet & Dry Sandpaper",
    "hsn" : "680510",
    "pack" : "1.0 PCS",
    "nop" : 24,
    "qty" : 24.0,
    "rate" : 14.41,
    "taxRt" : 18.0,
    "cgst" : 31.2,
    "sgst" : 31.2,
    "total" : 408.0,
    "valBefTax" : 345.84
  }, {
    "serialNo" : "4",
    "pname" : "HAPPY WALL PUTTY Putty",
    "hsn" : "321410",
    "pack" : "1.0 KG",
    "nop" : 1,
    "qty" : 1.0,
    "rate" : 72.03,
    "taxRt" : 18.0,
    "cgst" : 6.48,
    "sgst" : 6.48,
    "total" : 84.0,
    "valBefTax" : 72.03
  } ],
  "totalCgst" : 446.49,
  "totalSgst" : 446.49,
  "total" : 5850.0,
  "totalvbt" : 4960.25,
  "totalNop" : 28.0,
  "totqty" : 125.0,
  "paymentMode" : "Credit",
  "phone" : null
}