{
  "invoiceNo" : "001200",
  "date" : "18/07/2022",
  "cname" : "CASH A/C",
  "caddress" : null,
  "cgstno" : null,
  "items" : [ {
    "serialNo" : "1",
    "pname" : "BIRLA WALL CARE PUTT Wallcare Putty Fine",
    "hsn" : "32141000",
    "pack" : "40.0 KGS",
    "nop" : 3,
    "qty" : 120.0,
    "rate" : 632.62,
    "taxRt" : 18.0,
    "cgst" : 170.82,
    "sgst" : 170.82,
    "total" : 2239.0,
    "valBefTax" : 1897.86
  }, {
    "serialNo" : "2",
    "pname" : "BROWN TEKB JL422 Spray Paint",
    "hsn" : "32089090",
    "pack" : "1.0 PCS",
    "nop" : 1,
    "qty" : 1.0,
    "rate" : 161.02,
    "taxRt" : 18.0,
    "cgst" : 14.49,
    "sgst" : 14.49,
    "total" : 190.0,
    "valBefTax" : 161.02
  }, {
    "serialNo" : "3",
    "pname" : "P0 GLMR C B Xp Silk Glamour",
    "hsn" : "320910",
    "pack" : "1.0 LT",
    "nop" : 1,
    "qty" : 1.0,
    "rate" : 572.03,
    "taxRt" : 18.0,
    "cgst" : 51.48,
    "sgst" : 51.48,
    "total" : 674.0,
    "valBefTax" : 572.03
  }, {
    "serialNo" : "4",
    "pname" : "PALE CREAM GLOSS Gloss Premium Enamel",
    "hsn" : "32081010",
    "pack" : "1.0 LTR",
    "nop" : 2,
    "qty" : 2.0,
    "rate" : 254.24,
    "taxRt" : 18.0,
    "cgst" : 45.76,
    "sgst" : 45.76,
    "total" : 599.0,
    "valBefTax" : 508.48
  }, {
    "serialNo" : "5",
    "pname" : "GLDN BROWN Gloss Premium Enamel",
    "hsn" : "32081010",
    "pack" : "1.0 LTR",
    "nop" : 1,
    "qty" : 1.0,
    "rate" : 233.05,
    "taxRt" : 18.0,
    "cgst" : 20.97,
    "sgst" : 20.97,
    "total" : 274.0,
    "valBefTax" : 233.05
  }, {
    "serialNo" : "6",
    "pname" : "BISON EXT PUTTY Putty",
    "hsn" : "321410",
    "pack" : "30.0 KG",
    "nop" : 1,
    "qty" : 30.0,
    "rate" : 542.37,
    "taxRt" : 18.0,
    "cgst" : 48.81,
    "sgst" : 48.81,
    "total" : 639.0,
    "valBefTax" : 542.37
  }, {
    "serialNo" : "7",
    "pname" : "INT ROLLER TWIN LOCK Painting Tools Rolle",
    "hsn" : "960310",
    "pack" : "1.0 LTR",
    "nop" : 2,
    "qty" : 2.0,
    "rate" : 211.86,
    "taxRt" : 18.0,
    "cgst" : 38.14,
    "sgst" : 38.14,
    "total" : 500.0,
    "valBefTax" : 423.72
  }, {
    "serialNo" : "8",
    "pname" : "ROLLER COMBINED 6\" Roller",
    "hsn" : "960340",
    "pack" : "1.0 LTR",
    "nop" : 2,
    "qty" : 2.0,
    "rate" : 84.75,
    "taxRt" : 18.0,
    "cgst" : 15.26,
    "sgst" : 15.26,
    "total" : 199.0,
    "valBefTax" : 169.5
  }, {
    "serialNo" : "9",
    "pname" : "P0 RTC C B Rangoli Total Ca",
    "hsn" : "320910",
    "pack" : "1.0 LT",
    "nop" : 3,
    "qty" : 3.0,
    "rate" : 177.96,
    "taxRt" : 18.0,
    "cgst" : 48.06,
    "sgst" : 48.06,
    "total" : 629.0,
    "valBefTax" : 533.88
  }, {
    "serialNo" : "10",
    "pname" : "YLW RTC C B Rangoli Total Ca",
    "hsn" : "320910",
    "pack" : "0.9 LT",
    "nop" : 1,
    "qty" : 0.9,
    "rate" : 360.17,
    "taxRt" : 18.0,
    "cgst" : 32.41,
    "sgst" : 32.41,
    "total" : 424.0,
    "valBefTax" : 360.17
  }, {
    "serialNo" : "11",
    "pname" : "SUP LATEX PLUS Construction Chemica",
    "hsn" : "400211",
    "pack" : "0.5 KG",
    "nop" : 1,
    "qty" : 0.5,
    "rate" : 169.49,
    "taxRt" : 18.0,
    "cgst" : 15.25,
    "sgst" : 15.25,
    "total" : 199.0,
    "valBefTax" : 169.49
  }, {
    "serialNo" : "12",
    "pname" : "HEATEX Fevicol Heatx",
    "hsn" : "35061000",
    "pack" : "0.5 LTR",
    "nop" : 1,
    "qty" : 0.5,
    "rate" : 220.34,
    "taxRt" : 18.0,
    "cgst" : 19.83,
    "sgst" : 19.83,
    "total" : 260.0,
    "valBefTax" : 220.34
  }, {
    "serialNo" : "13",
    "pname" : "HEATEX Fevicol Heatx",
    "hsn" : "35061000",
    "pack" : "0.2 LTR",
    "nop" : 1,
    "qty" : 0.2,
    "rate" : 110.17,
    "taxRt" : 18.0,
    "cgst" : 9.92,
    "sgst" : 9.92,
    "total" : 130.0,
    "valBefTax" : 110.17
  }, {
    "serialNo" : "14",
    "pname" : "YLW BE SLK SHEEN Xp Slk Breathe Easy",
    "hsn" : "320910",
    "pack" : "0.9 LTR",
    "nop" : 2,
    "qty" : 1.8,
    "rate" : 598.3,
    "taxRt" : 18.0,
    "cgst" : 107.7,
    "sgst" : 107.7,
    "total" : 1411.0,
    "valBefTax" : 1196.6
  }, {
    "serialNo" : "15",
    "pname" : "N2 BE SLK SHEEN Xp Slk Breathe Easy",
    "hsn" : "320910",
    "pack" : "0.9 LTR",
    "nop" : 2,
    "qty" : 1.8,
    "rate" : 673.72,
    "taxRt" : 18.0,
    "cgst" : 121.28,
    "sgst" : 121.28,
    "total" : 1589.0,
    "valBefTax" : 1347.44
  }, {
    "serialNo" : "16",
    "pname" : "BASECOAT Aqua Tech Waterproof",
    "hsn" : "32091010",
    "pack" : "4.0 LTR",
    "nop" : 1,
    "qty" : 4.0,
    "rate" : 1101.7,
    "taxRt" : 18.0,
    "cgst" : 99.15,
    "sgst" : 99.15,
    "total" : 1299.0,
    "valBefTax" : 1101.7
  }, {
    "serialNo" : "17",
    "pname" : "P0 EC C B Easy Clean Luxur",
    "hsn" : "320910",
    "pack" : "1.0 LT",
    "nop" : 1,
    "qty" : 1.0,
    "rate" : 372.88,
    "taxRt" : 18.0,
    "cgst" : 33.56,
    "sgst" : 33.56,
    "total" : 440.0,
    "valBefTax" : 372.88
  }, {
    "serialNo" : "18",
    "pname" : "MINT GREEN Luxol High Gloss Ena",
    "hsn" : "320890",
    "pack" : "1.0 LTR",
    "nop" : 1,
    "qty" : 1.0,
    "rate" : 262.71,
    "taxRt" : 18.0,
    "cgst" : 23.64,
    "sgst" : 23.64,
    "total" : 309.0,
    "valBefTax" : 262.71
  }, {
    "serialNo" : "19",
    "pname" : "ELASTO Hs Damp Shield",
    "hsn" : "320910",
    "pack" : "1.0 LTR",
    "nop" : 2,
    "qty" : 2.0,
    "rate" : 266.1,
    "taxRt" : 18.0,
    "cgst" : 47.9,
    "sgst" : 47.9,
    "total" : 628.0,
    "valBefTax" : 532.2
  } ],
  "totalCgst" : 964.43,
  "totalSgst" : 964.43,
  "total" : 12632.0,
  "totalvbt" : 10715.61,
  "totalNop" : 29.0,
  "totqty" : 175.7,
  "paymentMode" : "Cash",
  "phone" : null
}