{
  "invoiceNo" : "001237",
  "date" : "22/07/2022",
  "cname" : "CASH A/C",
  "caddress" : null,
  "cgstno" : null,
  "items" : [ {
    "serialNo" : "1",
    "pname" : "BP WHITE LITE Interior Wall Primer",
    "hsn" : "320910",
    "pack" : "10.0 LTR",
    "nop" : 1,
    "qty" : 10.0,
    "rate" : 783.89,
    "taxRt" : 18.0,
    "cgst" : 70.55,
    "sgst" : 70.55,
    "total" : 924.0,
    "valBefTax" : 783.89
  }, {
    "serialNo" : "2",
    "pname" : "F VIOLET Unitint",
    "hsn" : "32139000",
    "pack" : "0.1 LTR",
    "nop" : 1,
    "qty" : 0.1,
    "rate" : 72.03,
    "taxRt" : 18.0,
    "cgst" : 6.48,
    "sgst" : 6.48,
    "total" : 84.0,
    "valBefTax" : 72.03
  } ],
  "totalCgst" : 77.03,
  "totalSgst" : 77.03,
  "total" : 1008.0,
  "totalvbt" : 855.92,
  "totalNop" : 2.0,
  "totqty" : 10.1,
  "paymentMode" : "Cash",
  "phone" : null
}