{
  "invoiceNo" : "001256",
  "date" : "23/07/2022",
  "cname" : "CASH A/C",
  "caddress" : null,
  "cgstno" : null,
  "items" : [ {
    "serialNo" : "1",
    "pname" : "SUPER LATEX Dr Fixit Super Latex",
    "hsn" : "40021100",
    "pack" : "5.0 KGS",
    "nop" : 1,
    "qty" : 5.0,
    "rate" : 1313.6,
    "taxRt" : 18.0,
    "cgst" : 118.22,
    "sgst" : 118.22,
    "total" : 1549.0,
    "valBefTax" : 1313.6
  }, {
    "serialNo" : "2",
    "pname" : "LW+ PIDIPROOF Dr Fixit Pidiproof L",
    "hsn" : "38244010",
    "pack" : "1.0 LTR",
    "nop" : 3,
    "qty" : 3.0,
    "rate" : 135.59,
    "taxRt" : 18.0,
    "cgst" : 36.6,
    "sgst" : 36.6,
    "total" : 480.0,
    "valBefTax" : 406.77
  } ],
  "totalCgst" : 154.82,
  "totalSgst" : 154.82,
  "total" : 2029.0,
  "totalvbt" : 1720.37,
  "totalNop" : 4.0,
  "totqty" : 8.0,
  "paymentMode" : "Cash",
  "phone" : null
}