{
  "invoiceNo" : "001226",
  "date" : "20/07/2022",
  "cname" : "CASH A/C",
  "caddress" : null,
  "cgstno" : null,
  "items" : [ {
    "serialNo" : "1",
    "pname" : "WATERBLOCK 2K Aqua Tech Waterproof",
    "hsn" : "32091010",
    "pack" : "3.0 KGS",
    "nop" : 2,
    "qty" : 6.0,
    "rate" : 500.0,
    "taxRt" : 18.0,
    "cgst" : 90.0,
    "sgst" : 90.0,
    "total" : 1179.0,
    "valBefTax" : 1000.0
  } ],
  "totalCgst" : 90.0,
  "totalSgst" : 90.0,
  "total" : 1179.0,
  "totalvbt" : 1000.0,
  "totalNop" : 2.0,
  "totqty" : 6.0,
  "paymentMode" : "Cash",
  "phone" : null
}