{
  "invoiceNo" : "001294",
  "date" : "27/07/2022",
  "cname" : "CASH A/C",
  "caddress" : null,
  "cgstno" : null,
  "items" : [ {
    "serialNo" : "1",
    "pname" : "1\" MASKING TAPE BERG Painting Tools Rolle",
    "hsn" : "391910",
    "pack" : "1.0 LTR",
    "nop" : 1,
    "qty" : 1.0,
    "rate" : 25.42,
    "taxRt" : 18.0,
    "cgst" : 2.29,
    "sgst" : 2.29,
    "total" : 30.0,
    "valBefTax" : 25.42
  }, {
    "serialNo" : "2",
    "pname" : "BPCPWT Interior Wall Primer",
    "hsn" : "320910",
    "pack" : "1.0 LT",
    "nop" : 1,
    "qty" : 1.0,
    "rate" : 152.54,
    "taxRt" : 18.0,
    "cgst" : 13.73,
    "sgst" : 13.73,
    "total" : 180.0,
    "valBefTax" : 152.54
  }, {
    "serialNo" : "3",
    "pname" : "2\" ARJUN Brushes",
    "hsn" : "96034010",
    "pack" : "1.0 PCS",
    "nop" : 1,
    "qty" : 1.0,
    "rate" : 42.37,
    "taxRt" : 18.0,
    "cgst" : 3.81,
    "sgst" : 3.81,
    "total" : 49.0,
    "valBefTax" : 42.37
  } ],
  "totalCgst" : 19.83,
  "totalSgst" : 19.83,
  "total" : 259.0,
  "totalvbt" : 220.33,
  "totalNop" : 3.0,
  "totqty" : 3.0,
  "paymentMode" : "Cash",
  "phone" : null
}