{
  "invoiceNo" : "001261",
  "date" : "24/07/2022",
  "cname" : "CASH A/C",
  "caddress" : null,
  "cgstno" : null,
  "items" : [ {
    "serialNo" : "1",
    "pname" : "BP WHT PRIMER WT Interior Wall Primer",
    "hsn" : "320910",
    "pack" : "4.0 LTR",
    "nop" : 1,
    "qty" : 4.0,
    "rate" : 398.3,
    "taxRt" : 18.0,
    "cgst" : 35.85,
    "sgst" : 35.85,
    "total" : 470.0,
    "valBefTax" : 398.3
  }, {
    "serialNo" : "2",
    "pname" : "P0 BISON XP C B Xp Bison Emulsio",
    "hsn" : "320910",
    "pack" : "1.0 LT",
    "nop" : 2,
    "qty" : 2.0,
    "rate" : 182.2,
    "taxRt" : 18.0,
    "cgst" : 32.8,
    "sgst" : 32.8,
    "total" : 430.0,
    "valBefTax" : 364.4
  }, {
    "serialNo" : "3",
    "pname" : "P0 BISON XP C B Xp Bison Emulsio",
    "hsn" : "320910",
    "pack" : "4.0 LT",
    "nop" : 1,
    "qty" : 4.0,
    "rate" : 627.11,
    "taxRt" : 18.0,
    "cgst" : 56.44,
    "sgst" : 56.44,
    "total" : 739.0,
    "valBefTax" : 627.11
  } ],
  "totalCgst" : 125.09,
  "totalSgst" : 125.09,
  "total" : 1639.0,
  "totalvbt" : 1389.81,
  "totalNop" : 4.0,
  "totqty" : 10.0,
  "paymentMode" : "Cash",
  "phone" : null
}