{
  "invoiceNo" : "001277",
  "date" : "25/07/2022",
  "cname" : "CASH A/C",
  "caddress" : null,
  "cgstno" : null,
  "items" : [ {
    "serialNo" : "1",
    "pname" : "P0 PU ENAMEL Base Pu Enamel",
    "hsn" : "320890",
    "pack" : "0.45 LTR",
    "nop" : 1,
    "qty" : 0.45,
    "rate" : 144.07,
    "taxRt" : 18.0,
    "cgst" : 12.97,
    "sgst" : 12.97,
    "total" : 170.0,
    "valBefTax" : 144.07
  }, {
    "serialNo" : "2",
    "pname" : "W3 LUX  XTRA C B Luxol Xtra Ename",
    "hsn" : "320890",
    "pack" : "0.45 LT",
    "nop" : 1,
    "qty" : 0.45,
    "rate" : 144.07,
    "taxRt" : 18.0,
    "cgst" : 12.97,
    "sgst" : 12.97,
    "total" : 170.0,
    "valBefTax" : 144.07
  }, {
    "serialNo" : "3",
    "pname" : "P0 BISON C B Bison Emulsion",
    "hsn" : "320910",
    "pack" : "1.0 LT",
    "nop" : 1,
    "qty" : 1.0,
    "rate" : 174.57,
    "taxRt" : 18.0,
    "cgst" : 15.71,
    "sgst" : 15.71,
    "total" : 205.0,
    "valBefTax" : 174.57
  } ],
  "totalCgst" : 41.65,
  "totalSgst" : 41.65,
  "total" : 545.0,
  "totalvbt" : 462.71,
  "totalNop" : 3.0,
  "totqty" : 1.9,
  "paymentMode" : "Cash",
  "phone" : null
}