{
  "invoiceNo" : "001241",
  "date" : "22/07/2022",
  "cname" : "KALIM ENTERPRISE",
  "caddress" : "VIL&PO GHUNI KOL 157",
  "cgstno" : null,
  "items" : [ {
    "serialNo" : "1",
    "pname" : "P0 EC C B Easy Clean Luxur",
    "hsn" : "320910",
    "pack" : "1.0 LT",
    "nop" : 3,
    "qty" : 3.0,
    "rate" : 422.03,
    "taxRt" : 18.0,
    "cgst" : 113.94,
    "sgst" : 113.94,
    "total" : 1493.0,
    "valBefTax" : 1266.09
  }, {
    "serialNo" : "2",
    "pname" : "P0 RTC C B Rangoli Total Ca",
    "hsn" : "320910",
    "pack" : "4.0 LT",
    "nop" : 1,
    "qty" : 4.0,
    "rate" : 1144.1,
    "taxRt" : 18.0,
    "cgst" : 102.97,
    "sgst" : 102.97,
    "total" : 1350.0,
    "valBefTax" : 1144.1
  } ],
  "totalCgst" : 216.91,
  "totalSgst" : 216.91,
  "total" : 2843.0,
  "totalvbt" : 2410.19,
  "totalNop" : 4.0,
  "totqty" : 7.0,
  "paymentMode" : "Credit",
  "phone" : null
}