{
  "invoiceNo" : "001260",
  "date" : "24/07/2022",
  "cname" : "CASH A/C",
  "caddress" : null,
  "cgstno" : null,
  "items" : [ {
    "serialNo" : "1",
    "pname" : "PALE CREAM Luxol High Gloss Ena",
    "hsn" : "320890",
    "pack" : "1.0 LT",
    "nop" : 1,
    "qty" : 1.0,
    "rate" : 262.71,
    "taxRt" : 18.0,
    "cgst" : 23.64,
    "sgst" : 23.64,
    "total" : 309.0,
    "valBefTax" : 262.71
  }, {
    "serialNo" : "2",
    "pname" : "100 NO Wet & Dry Sandpaper",
    "hsn" : "680510",
    "pack" : "1.0 PCS",
    "nop" : 1,
    "qty" : 1.0,
    "rate" : 14.41,
    "taxRt" : 18.0,
    "cgst" : 1.3,
    "sgst" : 1.3,
    "total" : 17.0,
    "valBefTax" : 14.41
  }, {
    "serialNo" : "3",
    "pname" : "GOLD P U Supr Gl Enamel P",
    "hsn" : "32089090",
    "pack" : "0.2 LTR",
    "nop" : 1,
    "qty" : 0.2,
    "rate" : 220.34,
    "taxRt" : 18.0,
    "cgst" : 19.83,
    "sgst" : 19.83,
    "total" : 260.0,
    "valBefTax" : 220.34
  }, {
    "serialNo" : "4",
    "pname" : "ROYAL IVORY Luxol High Gloss Ena",
    "hsn" : "320810",
    "pack" : "0.5 LTR",
    "nop" : 2,
    "qty" : 1.0,
    "rate" : 127.12,
    "taxRt" : 18.0,
    "cgst" : 22.88,
    "sgst" : 22.88,
    "total" : 300.0,
    "valBefTax" : 254.24
  }, {
    "serialNo" : "5",
    "pname" : "GOLD P U Supr Gl Enamel P",
    "hsn" : "32089090",
    "pack" : "0.1 LTR",
    "nop" : 1,
    "qty" : 0.1,
    "rate" : 127.12,
    "taxRt" : 18.0,
    "cgst" : 11.44,
    "sgst" : 11.44,
    "total" : 150.0,
    "valBefTax" : 127.12
  }, {
    "serialNo" : "6",
    "pname" : "LIME FROST Luxol High Gloss Ena",
    "hsn" : "320890",
    "pack" : "1.0 LT",
    "nop" : 4,
    "qty" : 4.0,
    "rate" : 254.24,
    "taxRt" : 18.0,
    "cgst" : 91.52,
    "sgst" : 91.52,
    "total" : 1199.0,
    "valBefTax" : 1016.96
  }, {
    "serialNo" : "7",
    "pname" : "0.5 \" MASKING TAPE Masking Tape",
    "hsn" : "48114100",
    "pack" : "1.0 PCS",
    "nop" : 3,
    "qty" : 3.0,
    "rate" : 13.56,
    "taxRt" : 18.0,
    "cgst" : 3.66,
    "sgst" : 3.66,
    "total" : 48.0,
    "valBefTax" : 40.68
  }, {
    "serialNo" : "8",
    "pname" : "1\" MASKING TAPE BERG Painting Tools Rolle",
    "hsn" : "391910",
    "pack" : "1.0 LTR",
    "nop" : 4,
    "qty" : 4.0,
    "rate" : 25.42,
    "taxRt" : 18.0,
    "cgst" : 9.16,
    "sgst" : 9.16,
    "total" : 119.0,
    "valBefTax" : 101.68
  }, {
    "serialNo" : "9",
    "pname" : "P0 EC XP FRESH Xp E. Clean Fresh",
    "hsn" : "320910",
    "pack" : "4.0 LTR",
    "nop" : 1,
    "qty" : 4.0,
    "rate" : 1627.1,
    "taxRt" : 18.0,
    "cgst" : 146.44,
    "sgst" : 146.44,
    "total" : 1919.0,
    "valBefTax" : 1627.1
  }, {
    "serialNo" : "10",
    "pname" : "WHT ACRYLIC DISTEMPE Duwel Acrylic Distem",
    "hsn" : "32099090",
    "pack" : "20.0 KG",
    "nop" : 1,
    "qty" : 20.0,
    "rate" : 974.57,
    "taxRt" : 18.0,
    "cgst" : 87.71,
    "sgst" : 87.71,
    "total" : 1149.0,
    "valBefTax" : 974.57
  }, {
    "serialNo" : "11",
    "pname" : "100 NO Wet & Dry Sandpaper",
    "hsn" : "680510",
    "pack" : "1.0 PCS",
    "nop" : 2,
    "qty" : 2.0,
    "rate" : 14.41,
    "taxRt" : 18.0,
    "cgst" : 2.6,
    "sgst" : 2.6,
    "total" : 33.0,
    "valBefTax" : 28.82
  }, {
    "serialNo" : "12",
    "pname" : "URP Dr Fixit Pidicrete U",
    "hsn" : "40021100",
    "pack" : "1.0 KGS",
    "nop" : 1,
    "qty" : 1.0,
    "rate" : 0.85,
    "taxRt" : 18.0,
    "cgst" : 0.08,
    "sgst" : 0.08,
    "total" : 1.0,
    "valBefTax" : 0.85
  }, {
    "serialNo" : "13",
    "pname" : "GP THINNER Thinners",
    "hsn" : "320810",
    "pack" : "0.5 LTR",
    "nop" : 1,
    "qty" : 0.5,
    "rate" : 59.32,
    "taxRt" : 18.0,
    "cgst" : 5.34,
    "sgst" : 5.34,
    "total" : 70.0,
    "valBefTax" : 59.32
  }, {
    "serialNo" : "14",
    "pname" : "BROWN Luxol-7-in-1 Colours",
    "hsn" : "320890",
    "pack" : "0.5 LTR",
    "nop" : 1,
    "qty" : 0.5,
    "rate" : 152.54,
    "taxRt" : 18.0,
    "cgst" : 13.73,
    "sgst" : 13.73,
    "total" : 180.0,
    "valBefTax" : 152.54
  }, {
    "serialNo" : "15",
    "pname" : "PARROT WOOD PRIMER Wood  Primer Solvent",
    "hsn" : "320890",
    "pack" : "0.5 LT",
    "nop" : 1,
    "qty" : 0.5,
    "rate" : 105.93,
    "taxRt" : 18.0,
    "cgst" : 9.53,
    "sgst" : 9.53,
    "total" : 124.0,
    "valBefTax" : 105.93
  }, {
    "serialNo" : "16",
    "pname" : "60 NO.LION WPP Water Proof Paper",
    "hsn" : "68052010",
    "pack" : "1.0 PCS",
    "nop" : 2,
    "qty" : 2.0,
    "rate" : 14.41,
    "taxRt" : 18.0,
    "cgst" : 2.6,
    "sgst" : 2.6,
    "total" : 33.0,
    "valBefTax" : 28.82
  }, {
    "serialNo" : "17",
    "pname" : "80 NO Wet & Dry Sandpaper",
    "hsn" : "68051010",
    "pack" : "1.0 PCS",
    "nop" : 1,
    "qty" : 1.0,
    "rate" : 14.41,
    "taxRt" : 18.0,
    "cgst" : 1.3,
    "sgst" : 1.3,
    "total" : 17.0,
    "valBefTax" : 14.41
  } ],
  "totalCgst" : 452.76,
  "totalSgst" : 452.76,
  "total" : 5928.0,
  "totalvbt" : 5030.5,
  "totalNop" : 28.0,
  "totqty" : 45.8,
  "paymentMode" : "Cash",
  "phone" : null
}