{
  "invoiceNo" : "001276",
  "date" : "25/07/2022",
  "cname" : "M RAJU BISWAS",
  "caddress" : null,
  "cgstno" : null,
  "items" : [ {
    "serialNo" : "1",
    "pname" : "SEAL O PRIME Xp Hs Seal O Prime",
    "hsn" : "320910",
    "pack" : "20.0 LT",
    "nop" : 1,
    "qty" : 20.0,
    "rate" : 3050.8,
    "taxRt" : 18.0,
    "cgst" : 274.57,
    "sgst" : 274.57,
    "total" : 3599.0,
    "valBefTax" : 3050.8
  }, {
    "serialNo" : "2",
    "pname" : "150 NO Wet & Dry Sandpaper",
    "hsn" : "680510",
    "pack" : "1.0 PCS",
    "nop" : 8,
    "qty" : 8.0,
    "rate" : 14.41,
    "taxRt" : 18.0,
    "cgst" : 10.4,
    "sgst" : 10.4,
    "total" : 135.0,
    "valBefTax" : 115.28
  }, {
    "serialNo" : "3",
    "pname" : "220 NO Wet & Dry Sandpaper",
    "hsn" : "680510",
    "pack" : "1.0 PCS",
    "nop" : 8,
    "qty" : 8.0,
    "rate" : 13.56,
    "taxRt" : 18.0,
    "cgst" : 9.76,
    "sgst" : 9.76,
    "total" : 127.0,
    "valBefTax" : 108.48
  }, {
    "serialNo" : "4",
    "pname" : "ROLLER COMBINED 6\" Roller",
    "hsn" : "960340",
    "pack" : "1.0 LTR",
    "nop" : 1,
    "qty" : 1.0,
    "rate" : 84.75,
    "taxRt" : 18.0,
    "cgst" : 7.63,
    "sgst" : 7.63,
    "total" : 100.0,
    "valBefTax" : 84.75
  }, {
    "serialNo" : "5",
    "pname" : "1\" MASKING TAPE BERG Painting Tools Rolle",
    "hsn" : "391910",
    "pack" : "1.0 LTR",
    "nop" : 2,
    "qty" : 2.0,
    "rate" : 25.42,
    "taxRt" : 18.0,
    "cgst" : 4.58,
    "sgst" : 4.58,
    "total" : 60.0,
    "valBefTax" : 50.84
  } ],
  "totalCgst" : 306.94,
  "totalSgst" : 306.94,
  "total" : 4021.0,
  "totalvbt" : 3410.15,
  "totalNop" : 20.0,
  "totqty" : 39.0,
  "paymentMode" : "Credit",
  "phone" : null
}