{
  "invoiceNo" : "001283",
  "date" : "26/07/2022",
  "cname" : "CASH A/C",
  "caddress" : null,
  "cgstno" : null,
  "items" : [ {
    "serialNo" : "1",
    "pname" : "P0 EC C B Easy Clean Luxur",
    "hsn" : "320910",
    "pack" : "1.0 LT",
    "nop" : 1,
    "qty" : 1.0,
    "rate" : 381.35,
    "taxRt" : 18.0,
    "cgst" : 34.32,
    "sgst" : 34.32,
    "total" : 449.0,
    "valBefTax" : 381.35
  }, {
    "serialNo" : "2",
    "pname" : "PRO WATERPROOF PUTTY Pro Water Proof Putt",
    "hsn" : "321410",
    "pack" : "40.0 KGS",
    "nop" : 1,
    "qty" : 40.0,
    "rate" : 1483.0,
    "taxRt" : 18.0,
    "cgst" : 133.47,
    "sgst" : 133.47,
    "total" : 1749.0,
    "valBefTax" : 1483.0
  } ],
  "totalCgst" : 167.79,
  "totalSgst" : 167.79,
  "total" : 2198.0,
  "totalvbt" : 1864.35,
  "totalNop" : 2.0,
  "totqty" : 41.0,
  "paymentMode" : "Cash",
  "phone" : null
}