{
  "invoiceNo" : "001240",
  "date" : "22/07/2022",
  "cname" : "CASH A/C",
  "caddress" : null,
  "cgstno" : null,
  "items" : [ {
    "serialNo" : "1",
    "pname" : "LIME FROST Luxol High Gloss Ena",
    "hsn" : "320810",
    "pack" : "4.0 LT",
    "nop" : 1,
    "qty" : 4.0,
    "rate" : 1016.9,
    "taxRt" : 18.0,
    "cgst" : 91.52,
    "sgst" : 91.52,
    "total" : 1199.0,
    "valBefTax" : 1016.9
  }, {
    "serialNo" : "2",
    "pname" : "BLACK LHG Luxol High Gloss Ena",
    "hsn" : "320890",
    "pack" : "1.0 LT",
    "nop" : 2,
    "qty" : 2.0,
    "rate" : 237.29,
    "taxRt" : 18.0,
    "cgst" : 42.72,
    "sgst" : 42.72,
    "total" : 559.0,
    "valBefTax" : 474.58
  }, {
    "serialNo" : "3",
    "pname" : "W1 WCS C B Weathercoat Smoo",
    "hsn" : "320910",
    "pack" : "9.0 LTR",
    "nop" : 1,
    "qty" : 9.0,
    "rate" : 2830.5,
    "taxRt" : 18.0,
    "cgst" : 254.74,
    "sgst" : 254.74,
    "total" : 3339.0,
    "valBefTax" : 2830.5
  } ],
  "totalCgst" : 388.98,
  "totalSgst" : 388.98,
  "total" : 5097.0,
  "totalvbt" : 4321.98,
  "totalNop" : 4.0,
  "totqty" : 15.0,
  "paymentMode" : "Cash",
  "phone" : null
}