{
  "invoiceNo" : "001221",
  "date" : "19/07/2022",
  "cname" : "CASH A/C",
  "caddress" : null,
  "cgstno" : null,
  "items" : [ {
    "serialNo" : "1",
    "pname" : "BISON EXT PUTTY Putty",
    "hsn" : "321410",
    "pack" : "40.0 KG",
    "nop" : 4,
    "qty" : 160.0,
    "rate" : 627.11,
    "taxRt" : 18.0,
    "cgst" : 225.76,
    "sgst" : 225.76,
    "total" : 2959.0,
    "valBefTax" : 2508.44
  } ],
  "totalCgst" : 225.76,
  "totalSgst" : 225.76,
  "total" : 2959.0,
  "totalvbt" : 2508.44,
  "totalNop" : 4.0,
  "totqty" : 160.0,
  "paymentMode" : "Cash",
  "phone" : null
}