{
  "invoiceNo" : "001257",
  "date" : "23/07/2022",
  "cname" : "M RAJU BISWAS",
  "caddress" : null,
  "cgstno" : null,
  "items" : [ {
    "serialNo" : "1",
    "pname" : "YLW EC C B Easy Clean Luxur",
    "hsn" : "320910",
    "pack" : "0.9 LT",
    "nop" : 1,
    "qty" : 0.9,
    "rate" : 416.95,
    "taxRt" : 18.0,
    "cgst" : 37.53,
    "sgst" : 37.53,
    "total" : 492.0,
    "valBefTax" : 416.95
  }, {
    "serialNo" : "2",
    "pname" : "P0 WCS C B Weathercoat Smoo",
    "hsn" : "320910",
    "pack" : "1.0 LTR",
    "nop" : 1,
    "qty" : 1.0,
    "rate" : 309.32,
    "taxRt" : 18.0,
    "cgst" : 27.84,
    "sgst" : 27.84,
    "total" : 365.0,
    "valBefTax" : 309.32
  } ],
  "totalCgst" : 65.37,
  "totalSgst" : 65.37,
  "total" : 857.0,
  "totalvbt" : 726.27,
  "totalNop" : 2.0,
  "totqty" : 1.9,
  "paymentMode" : "Credit",
  "phone" : null
}