{
  "invoiceNo" : "001217",
  "date" : "19/07/2022",
  "cname" : "SRIKANTA BRAMHA",
  "caddress" : "JAGATPUR",
  "cgstno" : null,
  "items" : [ {
    "serialNo" : "1",
    "pname" : "LATEX SHIELD 2K Construction Chemica",
    "hsn" : "321490",
    "pack" : "3.0 KGS",
    "nop" : 1,
    "qty" : 3.0,
    "rate" : 360.17,
    "taxRt" : 18.0,
    "cgst" : 32.41,
    "sgst" : 32.41,
    "total" : 424.0,
    "valBefTax" : 360.17
  }, {
    "serialNo" : "2",
    "pname" : "CEMENTMIX PLUS Construction Chemica",
    "hsn" : "380400",
    "pack" : "0.2 LTR",
    "nop" : 1,
    "qty" : 0.2,
    "rate" : 38.14,
    "taxRt" : 18.0,
    "cgst" : 3.43,
    "sgst" : 3.43,
    "total" : 45.0,
    "valBefTax" : 38.14
  }, {
    "serialNo" : "3",
    "pname" : "T SHIRT Xp Tools",
    "hsn" : "610910",
    "pack" : "1.0 LTR",
    "nop" : 1,
    "qty" : 1.0,
    "rate" : 238.1,
    "taxRt" : 4.0,
    "cgst" : 5.95,
    "sgst" : 5.95,
    "total" : 250.0,
    "valBefTax" : 238.1
  }, {
    "serialNo" : "4",
    "pname" : "HEALTH & SAFETY KIT Xp Consumables",
    "hsn" : "380894",
    "pack" : "1.0 LTR",
    "nop" : 1,
    "qty" : 1.0,
    "rate" : 847.45,
    "taxRt" : 18.0,
    "cgst" : 76.27,
    "sgst" : 76.27,
    "total" : 999.0,
    "valBefTax" : 847.45
  } ],
  "totalCgst" : 118.06,
  "totalSgst" : 118.06,
  "total" : 1718.0,
  "totalvbt" : 1483.86,
  "totalNop" : 4.0,
  "totqty" : 5.2,
  "paymentMode" : "Credit",
  "phone" : null
}