{
  "invoiceNo" : "001390",
  "date" : "03/08/2022",
  "cname" : "SOUMEN NANDY",
  "caddress" : "AB 8/63 DESHBANDHU NAGAR KOL 59",
  "cgstno" : null,
  "items" : [ {
    "serialNo" : "1",
    "pname" : "HAPPY WALL PUTTY Putty",
    "hsn" : "321410",
    "pack" : "20.0 KG",
    "nop" : 3,
    "qty" : 60.0,
    "rate" : 1033.9,
    "taxRt" : 18.0,
    "cgst" : 279.15,
    "sgst" : 279.15,
    "total" : 3659.0,
    "valBefTax" : 3101.7
  }, {
    "serialNo" : "2",
    "pname" : "BISON EXT PUTTY Putty",
    "hsn" : "321410",
    "pack" : "30.0 KG",
    "nop" : 1,
    "qty" : 30.0,
    "rate" : 542.37,
    "taxRt" : 18.0,
    "cgst" : 48.81,
    "sgst" : 48.81,
    "total" : 639.0,
    "valBefTax" : 542.37
  } ],
  "totalCgst" : 327.96,
  "totalSgst" : 327.96,
  "total" : 4298.0,
  "totalvbt" : 3644.07,
  "totalNop" : 4.0,
  "totqty" : 90.0,
  "paymentMode" : "Cash",
  "phone" : null
}