{
  "invoiceNo" : "001305",
  "date" : "28/07/2022",
  "cname" : "CASH A/C",
  "caddress" : null,
  "cgstno" : null,
  "items" : [ {
    "serialNo" : "1",
    "pname" : "P0 BISON XP C B Xp Bison Emulsio",
    "hsn" : "320910",
    "pack" : "1.0 LT",
    "nop" : 1,
    "qty" : 1.0,
    "rate" : 183.05,
    "taxRt" : 18.0,
    "cgst" : 16.47,
    "sgst" : 16.47,
    "total" : 215.0,
    "valBefTax" : 183.05
  }, {
    "serialNo" : "2",
    "pname" : "P1 BISON GLOW C B Xp Bison Emulsio",
    "hsn" : "320910",
    "pack" : "0.9 LTR",
    "nop" : 2,
    "qty" : 1.8,
    "rate" : 179.66,
    "taxRt" : 18.0,
    "cgst" : 32.34,
    "sgst" : 32.34,
    "total" : 424.0,
    "valBefTax" : 359.32
  }, {
    "serialNo" : "3",
    "pname" : "P0 BISON XP C B Xp Bison Emulsio",
    "hsn" : "320910",
    "pack" : "1.0 LT",
    "nop" : 1,
    "qty" : 1.0,
    "rate" : 181.35,
    "taxRt" : 18.0,
    "cgst" : 16.32,
    "sgst" : 16.32,
    "total" : 213.0,
    "valBefTax" : 181.35
  }, {
    "serialNo" : "4",
    "pname" : "PALE CREAM Luxol High Gloss Ena",
    "hsn" : "320890",
    "pack" : "4.0 LT",
    "nop" : 1,
    "qty" : 4.0,
    "rate" : 1016.9,
    "taxRt" : 18.0,
    "cgst" : 91.52,
    "sgst" : 91.52,
    "total" : 1199.0,
    "valBefTax" : 1016.9
  }, {
    "serialNo" : "5",
    "pname" : "P0 EC C B Easy Clean Luxur",
    "hsn" : "320910",
    "pack" : "1.0 LT",
    "nop" : 1,
    "qty" : 1.0,
    "rate" : 21.19,
    "taxRt" : 18.0,
    "cgst" : 1.91,
    "sgst" : 1.91,
    "total" : 25.0,
    "valBefTax" : 21.19
  } ],
  "totalCgst" : 158.56,
  "totalSgst" : 158.56,
  "total" : 2076.0,
  "totalvbt" : 1761.81,
  "totalNop" : 6.0,
  "totqty" : 8.8,
  "paymentMode" : "Cash",
  "phone" : null
}