{
  "invoiceNo" : "001348",
  "date" : "01/08/2022",
  "cname" : "KALIMUDDIN",
  "caddress" : "GHUNI LASKARPARA",
  "cgstno" : null,
  "items" : [ {
    "serialNo" : "1",
    "pname" : "YLW EC C B Easy Clean Luxur",
    "hsn" : "320910",
    "pack" : "0.9 LT",
    "nop" : 1,
    "qty" : 0.9,
    "rate" : 449.15,
    "taxRt" : 18.0,
    "cgst" : 40.42,
    "sgst" : 40.42,
    "total" : 529.0,
    "valBefTax" : 449.15
  } ],
  "totalCgst" : 40.42,
  "totalSgst" : 40.42,
  "total" : 529.0,
  "totalvbt" : 449.15,
  "totalNop" : 1.0,
  "totqty" : 0.9,
  "paymentMode" : "Credit",
  "phone" : null
}