{
  "invoiceNo" : "001353",
  "date" : "01/08/2022",
  "cname" : "SRIKANTA BRAMHA",
  "caddress" : "JAGATPUR",
  "cgstno" : null,
  "items" : [ {
    "serialNo" : "1",
    "pname" : "BISON EXT PUTTY Putty",
    "hsn" : "321410",
    "pack" : "40.0 KG",
    "nop" : 2,
    "qty" : 80.0,
    "rate" : 627.11,
    "taxRt" : 18.0,
    "cgst" : 112.88,
    "sgst" : 112.88,
    "total" : 1479.0,
    "valBefTax" : 1254.22
  }, {
    "serialNo" : "2",
    "pname" : "1\" MASKING TAPE BERG Painting Tools Rolle",
    "hsn" : "391910",
    "pack" : "1.0 LTR",
    "nop" : 2,
    "qty" : 2.0,
    "rate" : 25.42,
    "taxRt" : 18.0,
    "cgst" : 4.58,
    "sgst" : 4.58,
    "total" : 60.0,
    "valBefTax" : 50.84
  }, {
    "serialNo" : "3",
    "pname" : "T SHIRT Xp Tools",
    "hsn" : "610910",
    "pack" : "1.0 LTR",
    "nop" : 1,
    "qty" : 1.0,
    "rate" : 247.62,
    "taxRt" : 4.0,
    "cgst" : 6.19,
    "sgst" : 6.19,
    "total" : 260.0,
    "valBefTax" : 247.62
  } ],
  "totalCgst" : 123.65,
  "totalSgst" : 123.65,
  "total" : 1799.0,
  "totalvbt" : 1552.68,
  "totalNop" : 5.0,
  "totqty" : 83.0,
  "paymentMode" : "Cash",
  "phone" : null
}