{
  "invoiceNo" : "001332",
  "date" : "30/07/2022",
  "cname" : "CASH A/C",
  "caddress" : null,
  "cgstno" : null,
  "items" : [ {
    "serialNo" : "1",
    "pname" : "BPCPWT Interior Wall Primer",
    "hsn" : "320910",
    "pack" : "20.0 LT",
    "nop" : 1,
    "qty" : 20.0,
    "rate" : 2245.7,
    "taxRt" : 18.0,
    "cgst" : 202.12,
    "sgst" : 202.12,
    "total" : 2649.0,
    "valBefTax" : 2245.7
  }, {
    "serialNo" : "2",
    "pname" : "F GREEN Unitint",
    "hsn" : "32139000",
    "pack" : "0.1 LTR",
    "nop" : 1,
    "qty" : 0.1,
    "rate" : 72.03,
    "taxRt" : 18.0,
    "cgst" : 6.48,
    "sgst" : 6.48,
    "total" : 84.0,
    "valBefTax" : 72.03
  }, {
    "serialNo" : "3",
    "pname" : "F Y GREEN Unitint",
    "hsn" : "32139000",
    "pack" : "0.05 LTR",
    "nop" : 4,
    "qty" : 0.2,
    "rate" : 31.78,
    "taxRt" : 18.0,
    "cgst" : 11.44,
    "sgst" : 11.44,
    "total" : 150.0,
    "valBefTax" : 127.12
  }, {
    "serialNo" : "4",
    "pname" : "GLDN BROWN Luxol High Gloss Ena",
    "hsn" : "320890",
    "pack" : "4.0 LT",
    "nop" : 1,
    "qty" : 4.0,
    "rate" : 911.01,
    "taxRt" : 18.0,
    "cgst" : 81.99,
    "sgst" : 81.99,
    "total" : 1074.0,
    "valBefTax" : 911.01
  }, {
    "serialNo" : "5",
    "pname" : "80 NO Wet & Dry Sandpaper",
    "hsn" : "68051010",
    "pack" : "1.0 PCS",
    "nop" : 2,
    "qty" : 2.0,
    "rate" : 14.41,
    "taxRt" : 18.0,
    "cgst" : 2.6,
    "sgst" : 2.6,
    "total" : 33.0,
    "valBefTax" : 28.82
  } ],
  "totalCgst" : 304.63,
  "totalSgst" : 304.63,
  "total" : 3990.0,
  "totalvbt" : 3384.68,
  "totalNop" : 9.0,
  "totqty" : 26.3,
  "paymentMode" : "Cash",
  "phone" : null
}