{
  "invoiceNo" : "001333",
  "date" : "30/07/2022",
  "cname" : "KALIMUDDIN",
  "caddress" : "GHUNI LASKARPARA",
  "cgstno" : null,
  "items" : [ {
    "serialNo" : "1",
    "pname" : "YLW EC C B Easy Clean Luxur",
    "hsn" : "320910",
    "pack" : "0.9 LT",
    "nop" : 2,
    "qty" : 1.8,
    "rate" : 449.15,
    "taxRt" : 18.0,
    "cgst" : 80.84,
    "sgst" : 80.84,
    "total" : 1060.0,
    "valBefTax" : 898.3
  } ],
  "totalCgst" : 80.84,
  "totalSgst" : 80.84,
  "total" : 1060.0,
  "totalvbt" : 898.3,
  "totalNop" : 2.0,
  "totqty" : 1.8,
  "paymentMode" : "Credit",
  "phone" : null
}