{
  "invoiceNo" : "001312",
  "date" : "29/07/2022",
  "cname" : "CASH A/C",
  "caddress" : null,
  "cgstno" : null,
  "items" : [ {
    "serialNo" : "1",
    "pname" : "WHT ACRYLIC DISTEMPE Duwel Acrylic Distem",
    "hsn" : "32099090",
    "pack" : "5.0 KG",
    "nop" : 1,
    "qty" : 5.0,
    "rate" : 313.56,
    "taxRt" : 18.0,
    "cgst" : 28.22,
    "sgst" : 28.22,
    "total" : 370.0,
    "valBefTax" : 313.56
  }, {
    "serialNo" : "2",
    "pname" : "WHT ACRYLIC DISTEMPE Duwel Acrylic Distem",
    "hsn" : "32099090",
    "pack" : "10.0 KG",
    "nop" : 1,
    "qty" : 10.0,
    "rate" : 661.01,
    "taxRt" : 18.0,
    "cgst" : 59.49,
    "sgst" : 59.49,
    "total" : 779.0,
    "valBefTax" : 661.01
  } ],
  "totalCgst" : 87.71,
  "totalSgst" : 87.71,
  "total" : 1149.0,
  "totalvbt" : 974.57,
  "totalNop" : 2.0,
  "totqty" : 15.0,
  "paymentMode" : "Cash",
  "phone" : null
}