{
  "invoiceNo" : "001344",
  "date" : "31/07/2022",
  "cname" : "SRIKANTA BRAMHA",
  "caddress" : "JAGATPUR",
  "cgstno" : null,
  "items" : [ {
    "serialNo" : "1",
    "pname" : "GLDN BROWN Luxol High Gloss Ena",
    "hsn" : "320890",
    "pack" : "1.0 LT",
    "nop" : 1,
    "qty" : 1.0,
    "rate" : 237.29,
    "taxRt" : 18.0,
    "cgst" : 21.36,
    "sgst" : 21.36,
    "total" : 280.0,
    "valBefTax" : 237.29
  }, {
    "serialNo" : "2",
    "pname" : "INT ROLLER TWIN LOCK Painting Tools Rolle",
    "hsn" : "960310",
    "pack" : "1.0 LTR",
    "nop" : 1,
    "qty" : 1.0,
    "rate" : 211.86,
    "taxRt" : 18.0,
    "cgst" : 19.07,
    "sgst" : 19.07,
    "total" : 250.0,
    "valBefTax" : 211.86
  }, {
    "serialNo" : "3",
    "pname" : "NON METALIC illusion Designer Fi",
    "hsn" : "320910",
    "pack" : "1.0 LTR",
    "nop" : 1,
    "qty" : 1.0,
    "rate" : 655.08,
    "taxRt" : 18.0,
    "cgst" : 58.96,
    "sgst" : 58.96,
    "total" : 773.0,
    "valBefTax" : 655.08
  } ],
  "totalCgst" : 99.39,
  "totalSgst" : 99.39,
  "total" : 1303.0,
  "totalvbt" : 1104.23,
  "totalNop" : 3.0,
  "totqty" : 3.0,
  "paymentMode" : "Credit",
  "phone" : null
}