{
  "invoiceNo" : "001368",
  "date" : "02/08/2022",
  "cname" : "CASH A/C",
  "caddress" : null,
  "cgstno" : null,
  "items" : [ {
    "serialNo" : "1",
    "pname" : "BISON EXT PUTTY Putty",
    "hsn" : "321410",
    "pack" : "40.0 KG",
    "nop" : 1,
    "qty" : 40.0,
    "rate" : 576.27,
    "taxRt" : 18.0,
    "cgst" : 51.86,
    "sgst" : 51.86,
    "total" : 679.0,
    "valBefTax" : 576.27
  }, {
    "serialNo" : "2",
    "pname" : "BIRLA WALL CARE PUTT Wallcare Putty Fine",
    "hsn" : "32141000",
    "pack" : "40.0 KGS",
    "nop" : 1,
    "qty" : 40.0,
    "rate" : 576.27,
    "taxRt" : 18.0,
    "cgst" : 51.86,
    "sgst" : 51.86,
    "total" : 679.0,
    "valBefTax" : 576.27
  } ],
  "totalCgst" : 103.72,
  "totalSgst" : 103.72,
  "total" : 1358.0,
  "totalvbt" : 1152.54,
  "totalNop" : 2.0,
  "totqty" : 80.0,
  "paymentMode" : "Cash",
  "phone" : null
}