{
  "invoiceNo" : "001304",
  "date" : "28/07/2022",
  "cname" : "SRIKANTA BRAMHA",
  "caddress" : "JAGATPUR",
  "cgstno" : null,
  "items" : [ {
    "serialNo" : "1",
    "pname" : "P0 EC XP FRESH Xp E. Clean Fresh",
    "hsn" : "320910",
    "pack" : "1.0 LTR",
    "nop" : 2,
    "qty" : 2.0,
    "rate" : 432.2,
    "taxRt" : 18.0,
    "cgst" : 77.8,
    "sgst" : 77.8,
    "total" : 1020.0,
    "valBefTax" : 864.4
  }, {
    "serialNo" : "2",
    "pname" : "N2 EC XP FRESH Xp E. Clean Fresh",
    "hsn" : "320910",
    "pack" : "0.9 LTR",
    "nop" : 1,
    "qty" : 0.9,
    "rate" : 479.66,
    "taxRt" : 18.0,
    "cgst" : 43.17,
    "sgst" : 43.17,
    "total" : 566.0,
    "valBefTax" : 479.66
  }, {
    "serialNo" : "3",
    "pname" : "120 NO Wet & Dry Sandpaper",
    "hsn" : "680510",
    "pack" : "1.0 PCS",
    "nop" : 4,
    "qty" : 4.0,
    "rate" : 14.41,
    "taxRt" : 18.0,
    "cgst" : 5.2,
    "sgst" : 5.2,
    "total" : 68.0,
    "valBefTax" : 57.64
  }, {
    "serialNo" : "4",
    "pname" : "SNOW WHITE Luxol High Gloss Ena",
    "hsn" : "320890",
    "pack" : "1.0 LT",
    "nop" : 1,
    "qty" : 1.0,
    "rate" : 262.71,
    "taxRt" : 18.0,
    "cgst" : 23.64,
    "sgst" : 23.64,
    "total" : 309.0,
    "valBefTax" : 262.71
  } ],
  "totalCgst" : 149.81,
  "totalSgst" : 149.81,
  "total" : 1963.0,
  "totalvbt" : 1664.41,
  "totalNop" : 8.0,
  "totqty" : 7.9,
  "paymentMode" : "Credit",
  "phone" : null
}