{
  "invoiceNo" : "001365",
  "date" : "01/08/2022",
  "cname" : "CASH A/C",
  "caddress" : null,
  "cgstno" : null,
  "items" : [ {
    "serialNo" : "1",
    "pname" : "GLDN BROWN Luxol High Gloss Ena",
    "hsn" : "320890",
    "pack" : "1.0 LT",
    "nop" : 2,
    "qty" : 2.0,
    "rate" : 237.29,
    "taxRt" : 18.0,
    "cgst" : 42.72,
    "sgst" : 42.72,
    "total" : 559.0,
    "valBefTax" : 474.58
  } ],
  "totalCgst" : 42.72,
  "totalSgst" : 42.72,
  "total" : 559.0,
  "totalvbt" : 474.58,
  "totalNop" : 2.0,
  "totqty" : 2.0,
  "paymentMode" : "Cash",
  "phone" : null
}