{
  "invoiceNo" : "001324",
  "date" : "30/07/2022",
  "cname" : "CASH A/C",
  "caddress" : null,
  "cgstno" : null,
  "items" : [ {
    "serialNo" : "1",
    "pname" : "BPCPWT Interior Wall Primer",
    "hsn" : "320910",
    "pack" : "1.0 LT",
    "nop" : 1,
    "qty" : 1.0,
    "rate" : 152.54,
    "taxRt" : 18.0,
    "cgst" : 13.73,
    "sgst" : 13.73,
    "total" : 180.0,
    "valBefTax" : 152.54
  }, {
    "serialNo" : "2",
    "pname" : "PALE CREAM Luxol High Gloss Ena",
    "hsn" : "320890",
    "pack" : "0.5 LT",
    "nop" : 1,
    "qty" : 0.5,
    "rate" : 144.07,
    "taxRt" : 18.0,
    "cgst" : 12.97,
    "sgst" : 12.97,
    "total" : 170.0,
    "valBefTax" : 144.07
  }, {
    "serialNo" : "3",
    "pname" : "F ORANGE Unitint",
    "hsn" : "321390",
    "pack" : "0.1 LTR",
    "nop" : 1,
    "qty" : 0.1,
    "rate" : 72.03,
    "taxRt" : 18.0,
    "cgst" : 6.48,
    "sgst" : 6.48,
    "total" : 84.0,
    "valBefTax" : 72.03
  }, {
    "serialNo" : "4",
    "pname" : "80 NO 4\"X 9\" Handy Sheet",
    "hsn" : "68051010",
    "pack" : "1.0 PCS",
    "nop" : 1,
    "qty" : 1.0,
    "rate" : 8.47,
    "taxRt" : 18.0,
    "cgst" : 0.76,
    "sgst" : 0.76,
    "total" : 9.0,
    "valBefTax" : 8.47
  } ],
  "totalCgst" : 33.94,
  "totalSgst" : 33.94,
  "total" : 443.0,
  "totalvbt" : 377.11,
  "totalNop" : 4.0,
  "totqty" : 2.6,
  "paymentMode" : "Cash",
  "phone" : null
}