{
  "invoiceNo" : "001391",
  "date" : "03/08/2022",
  "cname" : "CASH A/C",
  "caddress" : null,
  "cgstno" : null,
  "items" : [ {
    "serialNo" : "1",
    "pname" : "BLACK LHG Luxol High Gloss Ena",
    "hsn" : "320890",
    "pack" : "1.0 LT",
    "nop" : 1,
    "qty" : 1.0,
    "rate" : 237.29,
    "taxRt" : 18.0,
    "cgst" : 21.36,
    "sgst" : 21.36,
    "total" : 280.0,
    "valBefTax" : 237.29
  }, {
    "serialNo" : "2",
    "pname" : "YLW LUXOL XTRA C B Luxol Xtra Ename",
    "hsn" : "320890",
    "pack" : "0.95 LTR",
    "nop" : 1,
    "qty" : 0.95,
    "rate" : 279.66,
    "taxRt" : 18.0,
    "cgst" : 25.17,
    "sgst" : 25.17,
    "total" : 330.0,
    "valBefTax" : 279.66
  }, {
    "serialNo" : "3",
    "pname" : "WT C B Machine Colouran",
    "hsn" : "321390",
    "pack" : "1.0 LTR",
    "nop" : 1,
    "qty" : 1.0,
    "rate" : 0.85,
    "taxRt" : 18.0,
    "cgst" : 0.08,
    "sgst" : 0.08,
    "total" : 1.0,
    "valBefTax" : 0.85
  }, {
    "serialNo" : "4",
    "pname" : "RE C B Machine Colouran",
    "hsn" : "321390",
    "pack" : "1.0 LTR",
    "nop" : 1,
    "qty" : 1.0,
    "rate" : 0.85,
    "taxRt" : 18.0,
    "cgst" : 0.08,
    "sgst" : 0.08,
    "total" : 1.0,
    "valBefTax" : 0.85
  } ],
  "totalCgst" : 46.69,
  "totalSgst" : 46.69,
  "total" : 612.0,
  "totalvbt" : 518.65,
  "totalNop" : 4.0,
  "totqty" : 3.95,
  "paymentMode" : "Cash",
  "phone" : null
}