{
  "invoiceNo" : "001345",
  "date" : "31/07/2022",
  "cname" : "CASH A/C",
  "caddress" : null,
  "cgstno" : null,
  "items" : [ {
    "serialNo" : "1",
    "pname" : "P0 BISON C B Bison Emulsion",
    "hsn" : "320910",
    "pack" : "1.0 LT",
    "nop" : 2,
    "qty" : 2.0,
    "rate" : 152.54,
    "taxRt" : 18.0,
    "cgst" : 27.46,
    "sgst" : 27.46,
    "total" : 360.0,
    "valBefTax" : 305.08
  }, {
    "serialNo" : "2",
    "pname" : "BP WHITE LITE Interior Wall Primer",
    "hsn" : "320910",
    "pack" : "1.0 LTR",
    "nop" : 1,
    "qty" : 1.0,
    "rate" : 110.17,
    "taxRt" : 18.0,
    "cgst" : 9.92,
    "sgst" : 9.92,
    "total" : 130.0,
    "valBefTax" : 110.17
  } ],
  "totalCgst" : 37.38,
  "totalSgst" : 37.38,
  "total" : 490.0,
  "totalvbt" : 415.25,
  "totalNop" : 3.0,
  "totqty" : 3.0,
  "paymentMode" : "Cash",
  "phone" : null
}