{
  "invoiceNo" : "001386",
  "date" : "03/08/2022",
  "cname" : "CASH A/C",
  "caddress" : null,
  "cgstno" : null,
  "items" : [ {
    "serialNo" : "1",
    "pname" : "SURE SEAL Dr Fixit Sure Seal",
    "hsn" : "32091010",
    "pack" : "1.0 KGS",
    "nop" : 1,
    "qty" : 1.0,
    "rate" : 237.29,
    "taxRt" : 18.0,
    "cgst" : 21.36,
    "sgst" : 21.36,
    "total" : 280.0,
    "valBefTax" : 237.29
  } ],
  "totalCgst" : 21.36,
  "totalSgst" : 21.36,
  "total" : 280.0,
  "totalvbt" : 237.29,
  "totalNop" : 1.0,
  "totqty" : 1.0,
  "paymentMode" : "Cash",
  "phone" : null
}