{
  "invoiceNo" : "001308",
  "date" : "28/07/2022",
  "cname" : "CASH A/C",
  "caddress" : null,
  "cgstno" : null,
  "items" : [ {
    "serialNo" : "1",
    "pname" : "W2 7IN1 Luxol-7-in-1 Base",
    "hsn" : "320890",
    "pack" : "0.95 LTR",
    "nop" : 1,
    "qty" : 0.95,
    "rate" : 325.42,
    "taxRt" : 18.0,
    "cgst" : 29.29,
    "sgst" : 29.29,
    "total" : 384.0,
    "valBefTax" : 325.42
  } ],
  "totalCgst" : 29.29,
  "totalSgst" : 29.29,
  "total" : 384.0,
  "totalvbt" : 325.42,
  "totalNop" : 1.0,
  "totqty" : 0.95,
  "paymentMode" : "Cash",
  "phone" : null
}