{
  "invoiceNo" : "001329",
  "date" : "30/07/2022",
  "cname" : "SRIKANTA BRAMHA",
  "caddress" : "JAGATPUR",
  "cgstno" : null,
  "items" : [ {
    "serialNo" : "1",
    "pname" : "P1 EC XP FRESH Xp E. Clean Fresh",
    "hsn" : "320910",
    "pack" : "0.9 LTR",
    "nop" : 1,
    "qty" : 0.9,
    "rate" : 447.45,
    "taxRt" : 18.0,
    "cgst" : 40.27,
    "sgst" : 40.27,
    "total" : 527.0,
    "valBefTax" : 447.45
  }, {
    "serialNo" : "2",
    "pname" : "GLDN BROWN Luxol High Gloss Ena",
    "hsn" : "320890",
    "pack" : "1.0 LT",
    "nop" : 1,
    "qty" : 1.0,
    "rate" : 237.29,
    "taxRt" : 18.0,
    "cgst" : 21.36,
    "sgst" : 21.36,
    "total" : 280.0,
    "valBefTax" : 237.29
  } ],
  "totalCgst" : 61.63,
  "totalSgst" : 61.63,
  "total" : 807.0,
  "totalvbt" : 684.74,
  "totalNop" : 2.0,
  "totqty" : 1.9,
  "paymentMode" : "Cash",
  "phone" : null
}