{
  "invoiceNo" : "001328",
  "date" : "30/07/2022",
  "cname" : "SRIKANTA BRAMHA",
  "caddress" : "JAGATPUR",
  "cgstno" : null,
  "items" : [ {
    "serialNo" : "1",
    "pname" : "EPOXY TILE GROUT Epoxy Tile Gout",
    "hsn" : "350691",
    "pack" : "1.0 KGS",
    "nop" : 1,
    "qty" : 1.0,
    "rate" : 635.59,
    "taxRt" : 18.0,
    "cgst" : 57.2,
    "sgst" : 57.2,
    "total" : 749.0,
    "valBefTax" : 635.59
  } ],
  "totalCgst" : 57.2,
  "totalSgst" : 57.2,
  "total" : 749.0,
  "totalvbt" : 635.59,
  "totalNop" : 1.0,
  "totqty" : 1.0,
  "paymentMode" : "Cash",
  "phone" : null
}