{
  "invoiceNo" : "001349",
  "date" : "01/08/2022",
  "cname" : "CASH A/C",
  "caddress" : null,
  "cgstno" : null,
  "items" : [ {
    "serialNo" : "1",
    "pname" : "FILL O DENT WHITE Woodkeeper Fill O De",
    "hsn" : "321410",
    "pack" : "1.0 KG",
    "nop" : 1,
    "qty" : 1.0,
    "rate" : 169.49,
    "taxRt" : 18.0,
    "cgst" : 15.25,
    "sgst" : 15.25,
    "total" : 199.0,
    "valBefTax" : 169.49
  } ],
  "totalCgst" : 15.25,
  "totalSgst" : 15.25,
  "total" : 199.0,
  "totalvbt" : 169.49,
  "totalNop" : 1.0,
  "totqty" : 1.0,
  "paymentMode" : "Cash",
  "phone" : null
}