{
  "invoiceNo" : "001372",
  "date" : "02/08/2022",
  "cname" : "M SABHYASCHI",
  "caddress" : null,
  "cgstno" : null,
  "items" : [ {
    "serialNo" : "1",
    "pname" : "HAPPY WALL PUTTY Putty",
    "hsn" : "321410",
    "pack" : "1.0 KG",
    "nop" : 1,
    "qty" : 1.0,
    "rate" : 72.03,
    "taxRt" : 18.0,
    "cgst" : 6.48,
    "sgst" : 6.48,
    "total" : 84.0,
    "valBefTax" : 72.03
  }, {
    "serialNo" : "2",
    "pname" : "SEAL O PRIME Xp Hs Seal O Prime",
    "hsn" : "320910",
    "pack" : "4.0 LT",
    "nop" : 1,
    "qty" : 4.0,
    "rate" : 720.33,
    "taxRt" : 18.0,
    "cgst" : 64.83,
    "sgst" : 64.83,
    "total" : 849.0,
    "valBefTax" : 720.33
  } ],
  "totalCgst" : 71.31,
  "totalSgst" : 71.31,
  "total" : 933.0,
  "totalvbt" : 792.36,
  "totalNop" : 2.0,
  "totqty" : 5.0,
  "paymentMode" : "Credit",
  "phone" : null
}