{
  "invoiceNo" : "001471",
  "date" : "08/08/2022",
  "cname" : "CASH A/C",
  "caddress" : null,
  "cgstno" : null,
  "items" : [ {
    "serialNo" : "1",
    "pname" : "P0 EC C B Easy Clean Luxur",
    "hsn" : "320910",
    "pack" : "1.0 LT",
    "nop" : 2,
    "qty" : 2.0,
    "rate" : 377.12,
    "taxRt" : 18.0,
    "cgst" : 67.88,
    "sgst" : 67.88,
    "total" : 889.0,
    "valBefTax" : 754.24
  }, {
    "serialNo" : "2",
    "pname" : "P1 EC XP FRESH Xp E. Clean Fresh",
    "hsn" : "320910",
    "pack" : "0.9 LTR",
    "nop" : 1,
    "qty" : 0.9,
    "rate" : 406.78,
    "taxRt" : 18.0,
    "cgst" : 36.61,
    "sgst" : 36.61,
    "total" : 480.0,
    "valBefTax" : 406.78
  } ],
  "totalCgst" : 104.49,
  "totalSgst" : 104.49,
  "total" : 1369.0,
  "totalvbt" : 1161.02,
  "totalNop" : 3.0,
  "totqty" : 2.9,
  "paymentMode" : "Cash",
  "phone" : null
}