{
  "invoiceNo" : "001492",
  "date" : "09/08/2022",
  "cname" : "SRIKANTA BRAMHA",
  "caddress" : "JAGATPUR",
  "cgstno" : null,
  "items" : [ {
    "serialNo" : "1",
    "pname" : "HAPPY WALL PUTTY Putty",
    "hsn" : "321410",
    "pack" : "1.0 KG",
    "nop" : 2,
    "qty" : 2.0,
    "rate" : 72.03,
    "taxRt" : 18.0,
    "cgst" : 12.96,
    "sgst" : 12.96,
    "total" : 170.0,
    "valBefTax" : 144.06
  } ],
  "totalCgst" : 12.96,
  "totalSgst" : 12.96,
  "total" : 170.0,
  "totalvbt" : 144.06,
  "totalNop" : 2.0,
  "totqty" : 2.0,
  "paymentMode" : "Credit",
  "phone" : null
}