{
  "invoiceNo" : "001411",
  "date" : "05/08/2022",
  "cname" : "S S ENTERPRISE",
  "caddress" : "D/B 19 JYANGRA KOL 59",
  "cgstno" : "19ASDPM4099A1ZP",
  "items" : [ {
    "serialNo" : "1",
    "pname" : "PARROT WOOD PRIMER Wood  Primer Solvent",
    "hsn" : "320890",
    "pack" : "1.0 LT",
    "nop" : 1,
    "qty" : 1.0,
    "rate" : 199.15,
    "taxRt" : 18.0,
    "cgst" : 17.92,
    "sgst" : 17.92,
    "total" : 234.0,
    "valBefTax" : 199.15
  } ],
  "totalCgst" : 17.92,
  "totalSgst" : 17.92,
  "total" : 234.0,
  "totalvbt" : 199.15,
  "totalNop" : 1.0,
  "totqty" : 1.0,
  "paymentMode" : "Cash",
  "phone" : null
}