{
  "invoiceNo" : "001407",
  "date" : "04/08/2022",
  "cname" : "KALIMUDDIN",
  "caddress" : "GHUNI LASKARPARA",
  "cgstno" : null,
  "items" : [ {
    "serialNo" : "1",
    "pname" : "BP WHT PRIMER WT Interior Wall Primer",
    "hsn" : "320910",
    "pack" : "10.0 LTR",
    "nop" : 1,
    "qty" : 10.0,
    "rate" : 974.57,
    "taxRt" : 18.0,
    "cgst" : 87.71,
    "sgst" : 87.71,
    "total" : 1149.0,
    "valBefTax" : 974.57
  }, {
    "serialNo" : "2",
    "pname" : "P0 RTC C B Rangoli Total Ca",
    "hsn" : "320910",
    "pack" : "4.0 LT",
    "nop" : 1,
    "qty" : 4.0,
    "rate" : 1144.1,
    "taxRt" : 18.0,
    "cgst" : 102.97,
    "sgst" : 102.97,
    "total" : 1350.0,
    "valBefTax" : 1144.1
  } ],
  "totalCgst" : 190.68,
  "totalSgst" : 190.68,
  "total" : 2499.0,
  "totalvbt" : 2118.67,
  "totalNop" : 2.0,
  "totqty" : 14.0,
  "paymentMode" : "Credit",
  "phone" : null
}