{
  "invoiceNo" : "001410",
  "date" : "05/08/2022",
  "cname" : "ROY RETAIL SOLUTIONS",
  "caddress" : "BMC J-BLOCK 6 N ETAJI PALLY, JAGATPUR KOL 162",
  "cgstno" : "19ALAPR9474L1Z9",
  "items" : [ {
    "serialNo" : "1",
    "pname" : "BISON EXT PUTTY Putty",
    "hsn" : "321410",
    "pack" : "30.0 KG",
    "nop" : 1,
    "qty" : 30.0,
    "rate" : 542.37,
    "taxRt" : 18.0,
    "cgst" : 48.81,
    "sgst" : 48.81,
    "total" : 639.0,
    "valBefTax" : 542.37
  } ],
  "totalCgst" : 48.81,
  "totalSgst" : 48.81,
  "total" : 639.0,
  "totalvbt" : 542.37,
  "totalNop" : 1.0,
  "totqty" : 30.0,
  "paymentMode" : "Cash",
  "phone" : null
}