{
  "invoiceNo" : "001427",
  "date" : "05/08/2022",
  "cname" : "CASH A/C",
  "caddress" : null,
  "cgstno" : null,
  "items" : [ {
    "serialNo" : "1",
    "pname" : "W2 PU Base Pu Enamel",
    "hsn" : "320890",
    "pack" : "0.45 LTR",
    "nop" : 1,
    "qty" : 0.45,
    "rate" : 144.07,
    "taxRt" : 18.0,
    "cgst" : 12.97,
    "sgst" : 12.97,
    "total" : 170.0,
    "valBefTax" : 144.07
  }, {
    "serialNo" : "2",
    "pname" : "F BLUE Unitint",
    "hsn" : "321390",
    "pack" : "0.05 LTR",
    "nop" : 1,
    "qty" : 0.05,
    "rate" : 38.14,
    "taxRt" : 18.0,
    "cgst" : 3.43,
    "sgst" : 3.43,
    "total" : 45.0,
    "valBefTax" : 38.14
  }, {
    "serialNo" : "3",
    "pname" : "R BLUE Robin Blue",
    "hsn" : "32064100",
    "pack" : "0.05 KG",
    "nop" : 1,
    "qty" : 0.05,
    "rate" : 23.73,
    "taxRt" : 18.0,
    "cgst" : 2.14,
    "sgst" : 2.14,
    "total" : 28.0,
    "valBefTax" : 23.73
  }, {
    "serialNo" : "4",
    "pname" : "WMAST EXT & INT PRIM Ext & Interior Prime",
    "hsn" : "32091090",
    "pack" : "1.0 LTR",
    "nop" : 2,
    "qty" : 2.0,
    "rate" : 122.88,
    "taxRt" : 18.0,
    "cgst" : 22.12,
    "sgst" : 22.12,
    "total" : 290.0,
    "valBefTax" : 245.76
  } ],
  "totalCgst" : 40.66,
  "totalSgst" : 40.66,
  "total" : 533.0,
  "totalvbt" : 451.7,
  "totalNop" : 5.0,
  "totqty" : 2.55,
  "paymentMode" : "Cash",
  "phone" : null
}