{
  "invoiceNo" : "001498",
  "date" : "10/08/2022",
  "cname" : "CASH A/C",
  "caddress" : null,
  "cgstno" : null,
  "items" : [ {
    "serialNo" : "1",
    "pname" : "BISON EXT PUTTY Putty",
    "hsn" : "321410",
    "pack" : "40.0 KG",
    "nop" : 4,
    "qty" : 160.0,
    "rate" : 618.64,
    "taxRt" : 18.0,
    "cgst" : 222.72,
    "sgst" : 222.72,
    "total" : 2919.0,
    "valBefTax" : 2474.56
  }, {
    "serialNo" : "2",
    "pname" : "BPCPST Wall Primer Solvent",
    "hsn" : "320890",
    "pack" : "10.0 LT",
    "nop" : 1,
    "qty" : 10.0,
    "rate" : 1707.6,
    "taxRt" : 18.0,
    "cgst" : 153.69,
    "sgst" : 153.69,
    "total" : 2014.0,
    "valBefTax" : 1707.6
  }, {
    "serialNo" : "3",
    "pname" : "GP THINNER Thinners",
    "hsn" : "320810",
    "pack" : "5.0 LTR",
    "nop" : 1,
    "qty" : 5.0,
    "rate" : 529.66,
    "taxRt" : 18.0,
    "cgst" : 47.67,
    "sgst" : 47.67,
    "total" : 625.0,
    "valBefTax" : 529.66
  }, {
    "serialNo" : "4",
    "pname" : "HAPPY WALL PUTTY Putty",
    "hsn" : "321410",
    "pack" : "5.0 KG",
    "nop" : 1,
    "qty" : 5.0,
    "rate" : 305.08,
    "taxRt" : 18.0,
    "cgst" : 27.46,
    "sgst" : 27.46,
    "total" : 360.0,
    "valBefTax" : 305.08
  }, {
    "serialNo" : "5",
    "pname" : "PIDIFIN 2K Dr Fixit Pidifin",
    "hsn" : "32149090",
    "pack" : "3.0 KGS",
    "nop" : 1,
    "qty" : 3.0,
    "rate" : 360.17,
    "taxRt" : 18.0,
    "cgst" : 32.41,
    "sgst" : 32.41,
    "total" : 424.0,
    "valBefTax" : 360.17
  }, {
    "serialNo" : "6",
    "pname" : "W2 PU Base Pu Enamel",
    "hsn" : "320890",
    "pack" : "0.45 LTR",
    "nop" : 1,
    "qty" : 0.45,
    "rate" : 144.07,
    "taxRt" : 18.0,
    "cgst" : 12.97,
    "sgst" : 12.97,
    "total" : 170.0,
    "valBefTax" : 144.07
  }, {
    "serialNo" : "7",
    "pname" : "BUTTERFLY AC METAL Metal Primer Solvent",
    "hsn" : "320890",
    "pack" : "0.5 LT",
    "nop" : 1,
    "qty" : 0.5,
    "rate" : 105.93,
    "taxRt" : 18.0,
    "cgst" : 9.53,
    "sgst" : 9.53,
    "total" : 124.0,
    "valBefTax" : 105.93
  } ],
  "totalCgst" : 506.45,
  "totalSgst" : 506.45,
  "total" : 6636.0,
  "totalvbt" : 5627.07,
  "totalNop" : 10.0,
  "totqty" : 183.95,
  "paymentMode" : "Cash",
  "phone" : null
}