{
  "invoiceNo" : "001488",
  "date" : "09/08/2022",
  "cname" : "SUVANKAR PAUL",
  "caddress" : "HATIARA TAL BAGAN PURBASHA KOLKATA 157",
  "cgstno" : null,
  "items" : [ {
    "serialNo" : "1",
    "pname" : "BISON EXT PUTTY Putty",
    "hsn" : "321410",
    "pack" : "40.0 KG",
    "nop" : 7,
    "qty" : 280.0,
    "rate" : 610.16,
    "taxRt" : 18.0,
    "cgst" : 384.37,
    "sgst" : 384.37,
    "total" : 5039.0,
    "valBefTax" : 4271.12
  } ],
  "totalCgst" : 384.37,
  "totalSgst" : 384.37,
  "total" : 5039.0,
  "totalvbt" : 4271.12,
  "totalNop" : 7.0,
  "totqty" : 280.0,
  "paymentMode" : "Cash",
  "phone" : null
}