{
  "invoiceNo" : "001467",
  "date" : "08/08/2022",
  "cname" : "S S ENTERPRISE",
  "caddress" : "D/B 19 JYANGRA KOL 59",
  "cgstno" : "19ASDPM4099A1ZP",
  "items" : [ {
    "serialNo" : "1",
    "pname" : "PARROT WOOD PRIMER Wood  Primer Solvent",
    "hsn" : "320890",
    "pack" : "0.5 LT",
    "nop" : 1,
    "qty" : 0.5,
    "rate" : 105.93,
    "taxRt" : 18.0,
    "cgst" : 9.53,
    "sgst" : 9.53,
    "total" : 124.0,
    "valBefTax" : 105.93
  } ],
  "totalCgst" : 9.53,
  "totalSgst" : 9.53,
  "total" : 124.0,
  "totalvbt" : 105.93,
  "totalNop" : 1.0,
  "totqty" : 0.5,
  "paymentMode" : "Cash",
  "phone" : null
}