{
  "invoiceNo" : "001489",
  "date" : "09/08/2022",
  "cname" : "CASH A/C",
  "caddress" : null,
  "cgstno" : null,
  "items" : [ {
    "serialNo" : "1",
    "pname" : "BPCPST Wall Primer Solvent",
    "hsn" : "320890",
    "pack" : "20.0 LT",
    "nop" : 1,
    "qty" : 20.0,
    "rate" : 3305.1,
    "taxRt" : 18.0,
    "cgst" : 297.45,
    "sgst" : 297.45,
    "total" : 3899.0,
    "valBefTax" : 3305.1
  } ],
  "totalCgst" : 297.45,
  "totalSgst" : 297.45,
  "total" : 3899.0,
  "totalvbt" : 3305.1,
  "totalNop" : 1.0,
  "totqty" : 20.0,
  "paymentMode" : "Cash",
  "phone" : null
}