{
  "invoiceNo" : "001470",
  "date" : "08/08/2022",
  "cname" : "SRIKANTA BRAMHA",
  "caddress" : "JAGATPUR",
  "cgstno" : null,
  "items" : [ {
    "serialNo" : "1",
    "pname" : "W2 LUX XTRA C B Luxol Xtra Ename",
    "hsn" : "320890",
    "pack" : "0.95 LT",
    "nop" : 1,
    "qty" : 0.95,
    "rate" : 275.42,
    "taxRt" : 18.0,
    "cgst" : 24.79,
    "sgst" : 24.79,
    "total" : 325.0,
    "valBefTax" : 275.42
  }, {
    "serialNo" : "2",
    "pname" : "NON METALIC illusion Designer Fi",
    "hsn" : "320910",
    "pack" : "1.0 LTR",
    "nop" : 1,
    "qty" : 1.0,
    "rate" : 652.54,
    "taxRt" : 18.0,
    "cgst" : 58.73,
    "sgst" : 58.73,
    "total" : 770.0,
    "valBefTax" : 652.54
  }, {
    "serialNo" : "3",
    "pname" : "SNOW WHITE Luxol High Gloss Ena",
    "hsn" : "320890",
    "pack" : "1.0 LT",
    "nop" : 1,
    "qty" : 1.0,
    "rate" : 262.71,
    "taxRt" : 18.0,
    "cgst" : 23.64,
    "sgst" : 23.64,
    "total" : 309.0,
    "valBefTax" : 262.71
  }, {
    "serialNo" : "4",
    "pname" : "W2 PU Base Pu Enamel",
    "hsn" : "320890",
    "pack" : "0.45 LTR",
    "nop" : 1,
    "qty" : 0.45,
    "rate" : 152.54,
    "taxRt" : 18.0,
    "cgst" : 13.73,
    "sgst" : 13.73,
    "total" : 180.0,
    "valBefTax" : 152.54
  } ],
  "totalCgst" : 120.89,
  "totalSgst" : 120.89,
  "total" : 1584.0,
  "totalvbt" : 1343.21,
  "totalNop" : 4.0,
  "totqty" : 3.4,
  "paymentMode" : "Credit",
  "phone" : null
}