{
  "invoiceNo" : "001447",
  "date" : "06/08/2022",
  "cname" : "CASH A/C",
  "caddress" : null,
  "cgstno" : null,
  "items" : [ {
    "serialNo" : "1",
    "pname" : "WHITE Luxol-7-in-1 White",
    "hsn" : "320890",
    "pack" : "4.0 LTR",
    "nop" : 1,
    "qty" : 4.0,
    "rate" : 1097.5,
    "taxRt" : 18.0,
    "cgst" : 98.77,
    "sgst" : 98.77,
    "total" : 1294.0,
    "valBefTax" : 1097.5
  } ],
  "totalCgst" : 98.77,
  "totalSgst" : 98.77,
  "total" : 1294.0,
  "totalvbt" : 1097.5,
  "totalNop" : 1.0,
  "totqty" : 4.0,
  "paymentMode" : "Cash",
  "phone" : null
}