{
  "invoiceNo" : "001466",
  "date" : "08/08/2022",
  "cname" : "KALIM ENTERPRISE",
  "caddress" : "VIL&PO GHUNI KOL 157",
  "cgstno" : null,
  "items" : [ {
    "serialNo" : "1",
    "pname" : "P0 BISON C B Bison Emulsion",
    "hsn" : "320910",
    "pack" : "4.0 LT",
    "nop" : 1,
    "qty" : 4.0,
    "rate" : 588.98,
    "taxRt" : 18.0,
    "cgst" : 53.01,
    "sgst" : 53.01,
    "total" : 695.0,
    "valBefTax" : 588.98
  }, {
    "serialNo" : "2",
    "pname" : "R BLUE Robin Blue",
    "hsn" : "32064100",
    "pack" : "0.05 KG",
    "nop" : 1,
    "qty" : 0.05,
    "rate" : 23.73,
    "taxRt" : 18.0,
    "cgst" : 2.14,
    "sgst" : 2.14,
    "total" : 28.0,
    "valBefTax" : 23.73
  } ],
  "totalCgst" : 55.15,
  "totalSgst" : 55.15,
  "total" : 723.0,
  "totalvbt" : 612.71,
  "totalNop" : 2.0,
  "totqty" : 4.05,
  "paymentMode" : "Credit",
  "phone" : null
}