{
  "invoiceNo" : "001420",
  "date" : "05/08/2022",
  "cname" : "M RAJU BISWAS",
  "caddress" : null,
  "cgstno" : null,
  "items" : [ {
    "serialNo" : "1",
    "pname" : "SEAL O PRIME Xp Hs Seal O Prime",
    "hsn" : "320910",
    "pack" : "10.0 LT",
    "nop" : 1,
    "qty" : 10.0,
    "rate" : 1652.5,
    "taxRt" : 18.0,
    "cgst" : 148.73,
    "sgst" : 148.73,
    "total" : 1949.0,
    "valBefTax" : 1652.5
  } ],
  "totalCgst" : 148.73,
  "totalSgst" : 148.73,
  "total" : 1949.0,
  "totalvbt" : 1652.5,
  "totalNop" : 1.0,
  "totqty" : 10.0,
  "paymentMode" : "Credit",
  "phone" : null
}