{
  "invoiceNo" : "001451",
  "date" : "07/08/2022",
  "cname" : "CASH A/C",
  "caddress" : null,
  "cgstno" : null,
  "items" : [ {
    "serialNo" : "1",
    "pname" : "P O RED Floor Coat Emulsion",
    "hsn" : "32091090",
    "pack" : "1.0 LTR",
    "nop" : 1,
    "qty" : 1.0,
    "rate" : 440.67,
    "taxRt" : 18.0,
    "cgst" : 39.66,
    "sgst" : 39.66,
    "total" : 519.0,
    "valBefTax" : 440.67
  }, {
    "serialNo" : "2",
    "pname" : "P0 EC C B Easy Clean Luxur",
    "hsn" : "320910",
    "pack" : "1.0 LT",
    "nop" : 1,
    "qty" : 1.0,
    "rate" : 377.12,
    "taxRt" : 18.0,
    "cgst" : 33.94,
    "sgst" : 33.94,
    "total" : 445.0,
    "valBefTax" : 377.12
  }, {
    "serialNo" : "3",
    "pname" : "P0 EC C B Easy Clean Luxur",
    "hsn" : "320910",
    "pack" : "1.0 LT",
    "nop" : 2,
    "qty" : 2.0,
    "rate" : 385.59,
    "taxRt" : 18.0,
    "cgst" : 69.4,
    "sgst" : 69.4,
    "total" : 910.0,
    "valBefTax" : 771.18
  }, {
    "serialNo" : "4",
    "pname" : "N2 EC C B Easy Clean Luxur",
    "hsn" : "320910",
    "pack" : "0.9 LT",
    "nop" : 1,
    "qty" : 0.9,
    "rate" : 402.54,
    "taxRt" : 18.0,
    "cgst" : 36.23,
    "sgst" : 36.23,
    "total" : 475.0,
    "valBefTax" : 402.54
  } ],
  "totalCgst" : 179.23,
  "totalSgst" : 179.23,
  "total" : 2349.0,
  "totalvbt" : 1991.51,
  "totalNop" : 5.0,
  "totqty" : 4.9,
  "paymentMode" : "Cash",
  "phone" : null
}