{
  "invoiceNo" : "001461",
  "date" : "07/08/2022",
  "cname" : "CASH A/C",
  "caddress" : null,
  "cgstno" : null,
  "items" : [ {
    "serialNo" : "1",
    "pname" : "P0 EC C B Easy Clean Luxur",
    "hsn" : "320910",
    "pack" : "1.0 LT",
    "nop" : 2,
    "qty" : 2.0,
    "rate" : 389.83,
    "taxRt" : 18.0,
    "cgst" : 70.16,
    "sgst" : 70.16,
    "total" : 919.0,
    "valBefTax" : 779.66
  } ],
  "totalCgst" : 70.16,
  "totalSgst" : 70.16,
  "total" : 919.0,
  "totalvbt" : 779.66,
  "totalNop" : 2.0,
  "totqty" : 2.0,
  "paymentMode" : "Cash",
  "phone" : null
}