{
  "invoiceNo" : "001484",
  "date" : "09/08/2022",
  "cname" : "LIPAN MALAKAR",
  "caddress" : "GOURANGA NAGAR DHALAI BRIDGE",
  "cgstno" : null,
  "items" : [ {
    "serialNo" : "1",
    "pname" : "YLW SLK C B Silk Luxury Emul",
    "hsn" : "320910",
    "pack" : "3.6 LT",
    "nop" : 2,
    "qty" : 7.2,
    "rate" : 2652.5,
    "taxRt" : 18.0,
    "cgst" : 477.46,
    "sgst" : 477.46,
    "total" : 6259.0,
    "valBefTax" : 5305.0
  }, {
    "serialNo" : "2",
    "pname" : "YLW SLK C B Silk Luxury Emul",
    "hsn" : "320910",
    "pack" : "3.6 LT",
    "nop" : 1,
    "qty" : 3.6,
    "rate" : 2406.8,
    "taxRt" : 18.0,
    "cgst" : 216.61,
    "sgst" : 216.61,
    "total" : 2839.0,
    "valBefTax" : 2406.8
  }, {
    "serialNo" : "3",
    "pname" : "YLW SLK C B Silk Luxury Emul",
    "hsn" : "320910",
    "pack" : "0.9 LT",
    "nop" : 4,
    "qty" : 3.6,
    "rate" : 601.69,
    "taxRt" : 18.0,
    "cgst" : 216.6,
    "sgst" : 216.6,
    "total" : 2839.0,
    "valBefTax" : 2406.76
  }, {
    "serialNo" : "4",
    "pname" : "SEAL O PRIME Xp Hs Seal O Prime",
    "hsn" : "320910",
    "pack" : "4.0 LT",
    "nop" : 1,
    "qty" : 4.0,
    "rate" : 847.45,
    "taxRt" : 18.0,
    "cgst" : 76.27,
    "sgst" : 76.27,
    "total" : 999.0,
    "valBefTax" : 847.45
  } ],
  "totalCgst" : 986.94,
  "totalSgst" : 986.94,
  "total" : 12936.0,
  "totalvbt" : 10966.01,
  "totalNop" : 8.0,
  "totqty" : 18.4,
  "paymentMode" : "Credit",
  "phone" : null
}