{
  "invoiceNo" : "001431",
  "date" : "05/08/2022",
  "cname" : "CASH A/C",
  "caddress" : null,
  "cgstno" : null,
  "items" : [ {
    "serialNo" : "1",
    "pname" : "ARALDITE Araldite",
    "hsn" : "35061000",
    "pack" : "0.09 KGS",
    "nop" : 1,
    "qty" : 0.09,
    "rate" : 194.91,
    "taxRt" : 18.0,
    "cgst" : 17.54,
    "sgst" : 17.54,
    "total" : 229.0,
    "valBefTax" : 194.91
  } ],
  "totalCgst" : 17.54,
  "totalSgst" : 17.54,
  "total" : 229.0,
  "totalvbt" : 194.91,
  "totalNop" : 1.0,
  "totqty" : 0.09,
  "paymentMode" : "Cash",
  "phone" : null
}