{
  "invoiceNo" : "001436",
  "date" : "06/08/2022",
  "cname" : "SHIV SHANKAR EXPELLER INDUSTRIES",
  "caddress" : "SWAMI VIVEKANANDA RD HATIARA KOL 157",
  "cgstno" : "19AAKFS6682G1ZL",
  "items" : [ {
    "serialNo" : "1",
    "pname" : "ELASTO Hs Damp Shield",
    "hsn" : "320910",
    "pack" : "10.0 LTR",
    "nop" : 1,
    "qty" : 10.0,
    "rate" : 2076.3,
    "taxRt" : 18.0,
    "cgst" : 186.86,
    "sgst" : 186.86,
    "total" : 2449.0,
    "valBefTax" : 2076.3
  } ],
  "totalCgst" : 186.86,
  "totalSgst" : 186.86,
  "total" : 2449.0,
  "totalvbt" : 2076.3,
  "totalNop" : 1.0,
  "totqty" : 10.0,
  "paymentMode" : "Cash",
  "phone" : null
}