{
  "invoiceNo" : "001477",
  "date" : "08/08/2022",
  "cname" : "CASH A/C",
  "caddress" : null,
  "cgstno" : null,
  "items" : [ {
    "serialNo" : "1",
    "pname" : "NS C B Machine Colouran",
    "hsn" : "321390",
    "pack" : "1.0 LTR",
    "nop" : 1,
    "qty" : 1.0,
    "rate" : 0.85,
    "taxRt" : 18.0,
    "cgst" : 0.08,
    "sgst" : 0.08,
    "total" : 1.0,
    "valBefTax" : 0.85
  }, {
    "serialNo" : "2",
    "pname" : "PHIROZA BL Luxol-7-in-1 Colours",
    "hsn" : "320890",
    "pack" : "1.0 LTR",
    "nop" : 1,
    "qty" : 1.0,
    "rate" : 288.13,
    "taxRt" : 18.0,
    "cgst" : 25.93,
    "sgst" : 25.93,
    "total" : 339.0,
    "valBefTax" : 288.13
  } ],
  "totalCgst" : 26.01,
  "totalSgst" : 26.01,
  "total" : 340.0,
  "totalvbt" : 288.98,
  "totalNop" : 2.0,
  "totqty" : 2.0,
  "paymentMode" : "Cash",
  "phone" : null
}