{
  "invoiceNo" : "001485",
  "date" : "09/08/2022",
  "cname" : "ROY RETAIL SOLUTIONS",
  "caddress" : "BMC J-BLOCK 6 N ETAJI PALLY, JAGATPUR KOL 162",
  "cgstno" : "19ALAPR9474L1Z9",
  "items" : [ {
    "serialNo" : "1",
    "pname" : "BPCPWT Interior Wall Primer",
    "hsn" : "320910",
    "pack" : "4.0 LT",
    "nop" : 1,
    "qty" : 4.0,
    "rate" : 550.84,
    "taxRt" : 18.0,
    "cgst" : 49.58,
    "sgst" : 49.58,
    "total" : 650.0,
    "valBefTax" : 550.84
  }, {
    "serialNo" : "2",
    "pname" : "W1 SLK C B Silk Luxury Emul",
    "hsn" : "320910",
    "pack" : "0.9 LT",
    "nop" : 1,
    "qty" : 0.9,
    "rate" : 521.18,
    "taxRt" : 18.0,
    "cgst" : 46.91,
    "sgst" : 46.91,
    "total" : 615.0,
    "valBefTax" : 521.18
  }, {
    "serialNo" : "3",
    "pname" : "F RED NEW Luxol Universal Stai",
    "hsn" : "321390",
    "pack" : "0.1 LTR",
    "nop" : 1,
    "qty" : 0.1,
    "rate" : 76.27,
    "taxRt" : 18.0,
    "cgst" : 6.86,
    "sgst" : 6.86,
    "total" : 89.0,
    "valBefTax" : 76.27
  }, {
    "serialNo" : "4",
    "pname" : "W0 BISON C B Bison Super Dist",
    "hsn" : "320910",
    "pack" : "5.0 KG",
    "nop" : 1,
    "qty" : 5.0,
    "rate" : 292.37,
    "taxRt" : 18.0,
    "cgst" : 26.31,
    "sgst" : 26.31,
    "total" : 344.0,
    "valBefTax" : 292.37
  } ],
  "totalCgst" : 129.66,
  "totalSgst" : 129.66,
  "total" : 1698.0,
  "totalvbt" : 1440.66,
  "totalNop" : 4.0,
  "totqty" : 10.0,
  "paymentMode" : "Cash",
  "phone" : null
}