{
  "invoiceNo" : "001430",
  "date" : "05/08/2022",
  "cname" : "CASH A/C",
  "caddress" : null,
  "cgstno" : null,
  "items" : [ {
    "serialNo" : "1",
    "pname" : "BROWN Luxol High Gloss Ena",
    "hsn" : "320890",
    "pack" : "0.05 LTR",
    "nop" : 1,
    "qty" : 0.05,
    "rate" : 21.19,
    "taxRt" : 18.0,
    "cgst" : 1.91,
    "sgst" : 1.91,
    "total" : 25.0,
    "valBefTax" : 21.19
  }, {
    "serialNo" : "2",
    "pname" : "BLACK LHG Luxol High Gloss Ena",
    "hsn" : "320890",
    "pack" : "1.0 LT",
    "nop" : 1,
    "qty" : 1.0,
    "rate" : 152.54,
    "taxRt" : 18.0,
    "cgst" : 13.73,
    "sgst" : 13.73,
    "total" : 180.0,
    "valBefTax" : 152.54
  } ],
  "totalCgst" : 15.64,
  "totalSgst" : 15.64,
  "total" : 205.0,
  "totalvbt" : 173.73,
  "totalNop" : 2.0,
  "totqty" : 1.05,
  "paymentMode" : "Cash",
  "phone" : null
}