{
  "invoiceNo" : "001406",
  "date" : "04/08/2022",
  "cname" : "CASH A/C",
  "caddress" : null,
  "cgstno" : null,
  "items" : [ {
    "serialNo" : "1",
    "pname" : "GP THINNER Thinners",
    "hsn" : "320810",
    "pack" : "1.0 LTR",
    "nop" : 1,
    "qty" : 1.0,
    "rate" : 110.17,
    "taxRt" : 18.0,
    "cgst" : 9.92,
    "sgst" : 9.92,
    "total" : 130.0,
    "valBefTax" : 110.17
  }, {
    "serialNo" : "2",
    "pname" : "3\" WALLMAST Brushes",
    "hsn" : "96034010",
    "pack" : "1.0 PCS",
    "nop" : 1,
    "qty" : 1.0,
    "rate" : 127.12,
    "taxRt" : 18.0,
    "cgst" : 11.44,
    "sgst" : 11.44,
    "total" : 150.0,
    "valBefTax" : 127.12
  }, {
    "serialNo" : "3",
    "pname" : "P0 EC XP FRESH Xp E. Clean Fresh",
    "hsn" : "320910",
    "pack" : "4.0 LTR",
    "nop" : 1,
    "qty" : 4.0,
    "rate" : 1627.1,
    "taxRt" : 18.0,
    "cgst" : 146.44,
    "sgst" : 146.44,
    "total" : 1919.0,
    "valBefTax" : 1627.1
  }, {
    "serialNo" : "4",
    "pname" : "W2 7IN1 Luxol-7-in-1 Base",
    "hsn" : "320890",
    "pack" : "0.95 LTR",
    "nop" : 2,
    "qty" : 1.9,
    "rate" : 334.74,
    "taxRt" : 18.0,
    "cgst" : 60.26,
    "sgst" : 60.26,
    "total" : 789.0,
    "valBefTax" : 669.48
  } ],
  "totalCgst" : 228.06,
  "totalSgst" : 228.06,
  "total" : 2988.0,
  "totalvbt" : 2533.87,
  "totalNop" : 5.0,
  "totqty" : 7.9,
  "paymentMode" : "Cash",
  "phone" : null
}