{
  "invoiceNo" : "001450",
  "date" : "07/08/2022",
  "cname" : "CASH A/C",
  "caddress" : null,
  "cgstno" : null,
  "items" : [ {
    "serialNo" : "1",
    "pname" : "BISON EXT PUTTY Putty",
    "hsn" : "321410",
    "pack" : "40.0 KG",
    "nop" : 1,
    "qty" : 40.0,
    "rate" : 627.11,
    "taxRt" : 18.0,
    "cgst" : 56.44,
    "sgst" : 56.44,
    "total" : 739.0,
    "valBefTax" : 627.11
  }, {
    "serialNo" : "2",
    "pname" : "BIRLA WALL CARE PUTT Wallcare Putty Fine",
    "hsn" : "32141000",
    "pack" : "40.0 KGS",
    "nop" : 4,
    "qty" : 160.0,
    "rate" : 627.11,
    "taxRt" : 18.0,
    "cgst" : 225.76,
    "sgst" : 225.76,
    "total" : 2959.0,
    "valBefTax" : 2508.44
  } ],
  "totalCgst" : 282.2,
  "totalSgst" : 282.2,
  "total" : 3698.0,
  "totalvbt" : 3135.55,
  "totalNop" : 5.0,
  "totqty" : 200.0,
  "paymentMode" : "Cash",
  "phone" : null
}