{
  "invoiceNo" : "001579",
  "date" : "17/08/2022",
  "cname" : "CASH A/C",
  "caddress" : null,
  "cgstno" : null,
  "items" : [ {
    "serialNo" : "1",
    "pname" : "BIRLA WALL CARE PUTT Wallcare Putty Fine",
    "hsn" : "32141000",
    "pack" : "40.0 KGS",
    "nop" : 2,
    "qty" : 80.0,
    "rate" : 635.59,
    "taxRt" : 18.0,
    "cgst" : 114.4,
    "sgst" : 114.4,
    "total" : 1500.0,
    "valBefTax" : 1271.18
  } ],
  "totalCgst" : 114.4,
  "totalSgst" : 114.4,
  "total" : 1500.0,
  "totalvbt" : 1271.18,
  "totalNop" : 2.0,
  "totqty" : 80.0,
  "paymentMode" : "Cash",
  "phone" : null
}