{
  "invoiceNo" : "001503",
  "date" : "10/08/2022",
  "cname" : "SRIKANTA BRAMHA",
  "caddress" : "JAGATPUR",
  "cgstno" : null,
  "items" : [ {
    "serialNo" : "1",
    "pname" : "GP THINNER Thinners",
    "hsn" : "320810",
    "pack" : "0.5 LTR",
    "nop" : 1,
    "qty" : 0.5,
    "rate" : 59.32,
    "taxRt" : 18.0,
    "cgst" : 5.34,
    "sgst" : 5.34,
    "total" : 70.0,
    "valBefTax" : 59.32
  }, {
    "serialNo" : "2",
    "pname" : "N2 EC XP FRESH Xp E. Clean Fresh",
    "hsn" : "320910",
    "pack" : "0.9 LTR",
    "nop" : 1,
    "qty" : 0.9,
    "rate" : 436.44,
    "taxRt" : 18.0,
    "cgst" : 39.28,
    "sgst" : 39.28,
    "total" : 515.0,
    "valBefTax" : 436.44
  } ],
  "totalCgst" : 44.62,
  "totalSgst" : 44.62,
  "total" : 585.0,
  "totalvbt" : 495.76,
  "totalNop" : 2.0,
  "totqty" : 1.4,
  "paymentMode" : "Cash",
  "phone" : null
}