{
  "invoiceNo" : "001565",
  "date" : "16/08/2022",
  "cname" : "BAPAN JANA",
  "caddress" : "H/D-32/3 SL SARANI BAGUIPARA KOL 159",
  "cgstno" : null,
  "items" : [ {
    "serialNo" : "1",
    "pname" : "YLW EC C B Easy Clean Luxur",
    "hsn" : "320910",
    "pack" : "0.9 LT",
    "nop" : 1,
    "qty" : 0.9,
    "rate" : 472.88,
    "taxRt" : 18.0,
    "cgst" : 42.56,
    "sgst" : 42.56,
    "total" : 558.0,
    "valBefTax" : 472.88
  }, {
    "serialNo" : "2",
    "pname" : "P0 EC C B Easy Clean Luxur",
    "hsn" : "320910",
    "pack" : "1.0 LT",
    "nop" : 1,
    "qty" : 1.0,
    "rate" : 428.81,
    "taxRt" : 18.0,
    "cgst" : 38.59,
    "sgst" : 38.59,
    "total" : 505.0,
    "valBefTax" : 428.81
  }, {
    "serialNo" : "3",
    "pname" : "YLW LUXOL XTRA C B Luxol Xtra Ename",
    "hsn" : "320890",
    "pack" : "0.95 LTR",
    "nop" : 1,
    "qty" : 0.95,
    "rate" : 296.61,
    "taxRt" : 18.0,
    "cgst" : 26.69,
    "sgst" : 26.69,
    "total" : 349.0,
    "valBefTax" : 296.61
  }, {
    "serialNo" : "4",
    "pname" : "YLW EC C B Easy Clean Luxur",
    "hsn" : "320910",
    "pack" : "0.9 LT",
    "nop" : 1,
    "qty" : 0.9,
    "rate" : 448.3,
    "taxRt" : 18.0,
    "cgst" : 40.35,
    "sgst" : 40.35,
    "total" : 529.0,
    "valBefTax" : 448.3
  }, {
    "serialNo" : "5",
    "pname" : "P0 EC C B Easy Clean Luxur",
    "hsn" : "320910",
    "pack" : "1.0 LT",
    "nop" : 1,
    "qty" : 1.0,
    "rate" : 400.0,
    "taxRt" : 18.0,
    "cgst" : 36.0,
    "sgst" : 36.0,
    "total" : 472.0,
    "valBefTax" : 400.0
  }, {
    "serialNo" : "6",
    "pname" : "N2 EC C B Easy Clean Luxur",
    "hsn" : "320910",
    "pack" : "0.9 LT",
    "nop" : 1,
    "qty" : 0.9,
    "rate" : 411.01,
    "taxRt" : 18.0,
    "cgst" : 36.99,
    "sgst" : 36.99,
    "total" : 484.0,
    "valBefTax" : 411.01
  }, {
    "serialNo" : "7",
    "pname" : "P0 EC C B Easy Clean Luxur",
    "hsn" : "320910",
    "pack" : "1.0 LT",
    "nop" : 1,
    "qty" : 1.0,
    "rate" : 402.54,
    "taxRt" : 18.0,
    "cgst" : 36.23,
    "sgst" : 36.23,
    "total" : 475.0,
    "valBefTax" : 402.54
  } ],
  "totalCgst" : 257.41,
  "totalSgst" : 257.41,
  "total" : 3372.0,
  "totalvbt" : 2860.15,
  "totalNop" : 7.0,
  "totqty" : 6.65,
  "paymentMode" : "Cash",
  "phone" : null
}