{
  "invoiceNo" : "001502",
  "date" : "10/08/2022",
  "cname" : "M SABHYASCHI",
  "caddress" : null,
  "cgstno" : null,
  "items" : [ {
    "serialNo" : "1",
    "pname" : "BROWN PU Luxol Pu Enamel",
    "hsn" : "320890",
    "pack" : "0.5 LTR",
    "nop" : 1,
    "qty" : 0.5,
    "rate" : 144.07,
    "taxRt" : 18.0,
    "cgst" : 12.97,
    "sgst" : 12.97,
    "total" : 170.0,
    "valBefTax" : 144.07
  }, {
    "serialNo" : "2",
    "pname" : "RED WCS C B Weathercoat Smoo",
    "hsn" : "320910",
    "pack" : "0.9 LTR",
    "nop" : 1,
    "qty" : 0.9,
    "rate" : 406.78,
    "taxRt" : 18.0,
    "cgst" : 36.61,
    "sgst" : 36.61,
    "total" : 480.0,
    "valBefTax" : 406.78
  }, {
    "serialNo" : "3",
    "pname" : "N2 BE SLK SHEEN Xp Slk Breathe Easy",
    "hsn" : "320910",
    "pack" : "0.9 LTR",
    "nop" : 1,
    "qty" : 0.9,
    "rate" : 622.03,
    "taxRt" : 18.0,
    "cgst" : 55.98,
    "sgst" : 55.98,
    "total" : 733.0,
    "valBefTax" : 622.03
  } ],
  "totalCgst" : 105.56,
  "totalSgst" : 105.56,
  "total" : 1383.0,
  "totalvbt" : 1172.88,
  "totalNop" : 3.0,
  "totqty" : 2.3,
  "paymentMode" : "Credit",
  "phone" : null
}