{
  "invoiceNo" : "001578",
  "date" : "17/08/2022",
  "cname" : "A B GROUP",
  "caddress" : "1/1 A BHOLA NATH PAUL ROAD KOL 700006",
  "cgstno" : "19ALBPB7138G2Z9",
  "items" : [ {
    "serialNo" : "1",
    "pname" : "P0 EC C B Easy Clean Luxur",
    "hsn" : "320910",
    "pack" : "4.0 LT",
    "nop" : 2,
    "qty" : 8.0,
    "rate" : 1457.6,
    "taxRt" : 18.0,
    "cgst" : 262.38,
    "sgst" : 262.38,
    "total" : 3439.0,
    "valBefTax" : 2915.2
  }, {
    "serialNo" : "2",
    "pname" : "W1 EC C B Easy Clean Luxur",
    "hsn" : "320910",
    "pack" : "0.9 LT",
    "nop" : 2,
    "qty" : 1.8,
    "rate" : 423.73,
    "taxRt" : 18.0,
    "cgst" : 76.28,
    "sgst" : 76.28,
    "total" : 999.0,
    "valBefTax" : 847.46
  }, {
    "serialNo" : "3",
    "pname" : "W1 EC C B Easy Clean Luxur",
    "hsn" : "320910",
    "pack" : "0.9 LT",
    "nop" : 1,
    "qty" : 0.9,
    "rate" : 409.32,
    "taxRt" : 18.0,
    "cgst" : 36.84,
    "sgst" : 36.84,
    "total" : 483.0,
    "valBefTax" : 409.32
  }, {
    "serialNo" : "4",
    "pname" : "P0 EC C B Easy Clean Luxur",
    "hsn" : "320910",
    "pack" : "1.0 LT",
    "nop" : 2,
    "qty" : 2.0,
    "rate" : 411.01,
    "taxRt" : 18.0,
    "cgst" : 73.98,
    "sgst" : 73.98,
    "total" : 969.0,
    "valBefTax" : 822.02
  } ],
  "totalCgst" : 449.48,
  "totalSgst" : 449.48,
  "total" : 5890.0,
  "totalvbt" : 4994.0,
  "totalNop" : 7.0,
  "totqty" : 12.7,
  "paymentMode" : "Credit",
  "phone" : null
}