{
  "invoiceNo" : "001519",
  "date" : "12/08/2022",
  "cname" : "SHIV SHANKAR EXPELLER INDUSTRIES",
  "caddress" : "SWAMI VIVEKANANDA RD HATIARA KOL 157",
  "cgstno" : "19AAKFS6682G1ZL",
  "items" : [ {
    "serialNo" : "1",
    "pname" : "P0 BISON C B Bison Emulsion",
    "hsn" : "320910",
    "pack" : "20.0 LT",
    "nop" : 1,
    "qty" : 20.0,
    "rate" : 2584.7,
    "taxRt" : 18.0,
    "cgst" : 232.63,
    "sgst" : 232.63,
    "total" : 3049.0,
    "valBefTax" : 2584.7
  } ],
  "totalCgst" : 232.63,
  "totalSgst" : 232.63,
  "total" : 3049.0,
  "totalvbt" : 2584.7,
  "totalNop" : 1.0,
  "totqty" : 20.0,
  "paymentMode" : "Cash",
  "phone" : null
}