{
  "invoiceNo" : "001559",
  "date" : "15/08/2022",
  "cname" : "PARTHA DUTTA",
  "caddress" : "FD 74 SWAMIJI PALLY",
  "cgstno" : null,
  "items" : [ {
    "serialNo" : "1",
    "pname" : "PARROT WOOD PRIMER Wood  Primer Solvent",
    "hsn" : "320890",
    "pack" : "0.5 LT",
    "nop" : 1,
    "qty" : 0.5,
    "rate" : 105.93,
    "taxRt" : 18.0,
    "cgst" : 9.53,
    "sgst" : 9.53,
    "total" : 124.0,
    "valBefTax" : 105.93
  }, {
    "serialNo" : "2",
    "pname" : "D BRN Base Pu Enamel",
    "hsn" : "320890",
    "pack" : "0.45 LTR",
    "nop" : 1,
    "qty" : 0.45,
    "rate" : 144.07,
    "taxRt" : 18.0,
    "cgst" : 12.97,
    "sgst" : 12.97,
    "total" : 170.0,
    "valBefTax" : 144.07
  } ],
  "totalCgst" : 22.5,
  "totalSgst" : 22.5,
  "total" : 294.0,
  "totalvbt" : 250.0,
  "totalNop" : 2.0,
  "totqty" : 0.95,
  "paymentMode" : "Cash",
  "phone" : null
}