{
  "invoiceNo" : "001514",
  "date" : "11/08/2022",
  "cname" : "CASH A/C",
  "caddress" : null,
  "cgstno" : null,
  "items" : [ {
    "serialNo" : "1",
    "pname" : "BLACK Spray Paint",
    "hsn" : "32089090",
    "pack" : "0.4 LTR",
    "nop" : 1,
    "qty" : 0.4,
    "rate" : 161.02,
    "taxRt" : 18.0,
    "cgst" : 14.49,
    "sgst" : 14.49,
    "total" : 190.0,
    "valBefTax" : 161.02
  }, {
    "serialNo" : "2",
    "pname" : "80 NO 4\"X 9\" Handy Sheet",
    "hsn" : "68051010",
    "pack" : "1.0 PCS",
    "nop" : 1,
    "qty" : 1.0,
    "rate" : 8.47,
    "taxRt" : 18.0,
    "cgst" : 0.76,
    "sgst" : 0.76,
    "total" : 9.0,
    "valBefTax" : 8.47
  } ],
  "totalCgst" : 15.25,
  "totalSgst" : 15.25,
  "total" : 199.0,
  "totalvbt" : 169.49,
  "totalNop" : 2.0,
  "totqty" : 1.4,
  "paymentMode" : "Cash",
  "phone" : null
}