{
  "invoiceNo" : "001515",
  "date" : "11/08/2022",
  "cname" : "CASH A/C",
  "caddress" : null,
  "cgstno" : null,
  "items" : [ {
    "serialNo" : "1",
    "pname" : "YLW BISON C B Bison Emulsion",
    "hsn" : "320910",
    "pack" : "3.6 LT",
    "nop" : 1,
    "qty" : 3.6,
    "rate" : 805.08,
    "taxRt" : 18.0,
    "cgst" : 72.46,
    "sgst" : 72.46,
    "total" : 950.0,
    "valBefTax" : 805.08
  }, {
    "serialNo" : "2",
    "pname" : "BP WHT PRIMER WT Interior Wall Primer",
    "hsn" : "320910",
    "pack" : "4.0 LTR",
    "nop" : 1,
    "qty" : 4.0,
    "rate" : 444.91,
    "taxRt" : 18.0,
    "cgst" : 40.04,
    "sgst" : 40.04,
    "total" : 524.0,
    "valBefTax" : 444.91
  } ],
  "totalCgst" : 112.5,
  "totalSgst" : 112.5,
  "total" : 1474.0,
  "totalvbt" : 1249.99,
  "totalNop" : 2.0,
  "totqty" : 7.6,
  "paymentMode" : "Cash",
  "phone" : null
}