{
  "invoiceNo" : "001522",
  "date" : "12/08/2022",
  "cname" : "CASH A/C",
  "caddress" : null,
  "cgstno" : null,
  "items" : [ {
    "serialNo" : "1",
    "pname" : "W3 PU Base Pu Enamel",
    "hsn" : "320890",
    "pack" : "3.8 LTR",
    "nop" : 1,
    "qty" : 3.8,
    "rate" : 1080.5,
    "taxRt" : 18.0,
    "cgst" : 97.24,
    "sgst" : 97.24,
    "total" : 1274.0,
    "valBefTax" : 1080.5
  }, {
    "serialNo" : "2",
    "pname" : "N1 WAL C B Walmasta",
    "hsn" : "320910",
    "pack" : "3.6 LTR",
    "nop" : 1,
    "qty" : 3.6,
    "rate" : 754.23,
    "taxRt" : 18.0,
    "cgst" : 67.88,
    "sgst" : 67.88,
    "total" : 889.0,
    "valBefTax" : 754.23
  }, {
    "serialNo" : "3",
    "pname" : "W1 WALMASTA C B Walmasta",
    "hsn" : "320910",
    "pack" : "3.6 LTR",
    "nop" : 1,
    "qty" : 3.6,
    "rate" : 788.13,
    "taxRt" : 18.0,
    "cgst" : 70.93,
    "sgst" : 70.93,
    "total" : 929.0,
    "valBefTax" : 788.13
  }, {
    "serialNo" : "4",
    "pname" : "W1 WALMASTA C B Walmasta",
    "hsn" : "320910",
    "pack" : "3.6 LTR",
    "nop" : 1,
    "qty" : 3.6,
    "rate" : 847.45,
    "taxRt" : 18.0,
    "cgst" : 76.27,
    "sgst" : 76.27,
    "total" : 999.0,
    "valBefTax" : 847.45
  }, {
    "serialNo" : "5",
    "pname" : "N2 WALMASTA C B Walmasta",
    "hsn" : "320910",
    "pack" : "0.9 LTR",
    "nop" : 2,
    "qty" : 1.8,
    "rate" : 203.39,
    "taxRt" : 18.0,
    "cgst" : 36.6,
    "sgst" : 36.6,
    "total" : 480.0,
    "valBefTax" : 406.78
  }, {
    "serialNo" : "6",
    "pname" : "P0 WALMASTA C B Walmasta",
    "hsn" : "320910",
    "pack" : "1.0 LTR",
    "nop" : 1,
    "qty" : 1.0,
    "rate" : 186.44,
    "taxRt" : 18.0,
    "cgst" : 16.78,
    "sgst" : 16.78,
    "total" : 220.0,
    "valBefTax" : 186.44
  }, {
    "serialNo" : "7",
    "pname" : "100 NO Wet & Dry Sandpaper",
    "hsn" : "680510",
    "pack" : "1.0 PCS",
    "nop" : 3,
    "qty" : 3.0,
    "rate" : 14.41,
    "taxRt" : 18.0,
    "cgst" : 3.9,
    "sgst" : 3.9,
    "total" : 51.0,
    "valBefTax" : 43.23
  } ],
  "totalCgst" : 369.6,
  "totalSgst" : 369.6,
  "total" : 4842.0,
  "totalvbt" : 4106.76,
  "totalNop" : 10.0,
  "totqty" : 20.4,
  "paymentMode" : "Cash",
  "phone" : null
}