{
  "invoiceNo" : "001581",
  "date" : "17/08/2022",
  "cname" : "CASH A/C",
  "caddress" : null,
  "cgstno" : null,
  "items" : [ {
    "serialNo" : "1",
    "pname" : "YLW GLMR C B Xp Silk Glamour",
    "hsn" : "320910",
    "pack" : "0.9 LT",
    "nop" : 2,
    "qty" : 1.8,
    "rate" : 559.32,
    "taxRt" : 18.0,
    "cgst" : 100.68,
    "sgst" : 100.68,
    "total" : 1319.0,
    "valBefTax" : 1118.64
  }, {
    "serialNo" : "2",
    "pname" : "UW EC XP FRESH Xp E. Clean Fresh",
    "hsn" : "320910",
    "pack" : "1.0 LTR",
    "nop" : 3,
    "qty" : 3.0,
    "rate" : 423.73,
    "taxRt" : 18.0,
    "cgst" : 114.42,
    "sgst" : 114.42,
    "total" : 1500.0,
    "valBefTax" : 1271.19
  }, {
    "serialNo" : "3",
    "pname" : "HAPPY WALL PUTTY Putty",
    "hsn" : "321410",
    "pack" : "5.0 KG",
    "nop" : 1,
    "qty" : 5.0,
    "rate" : 305.08,
    "taxRt" : 18.0,
    "cgst" : 27.46,
    "sgst" : 27.46,
    "total" : 360.0,
    "valBefTax" : 305.08
  }, {
    "serialNo" : "4",
    "pname" : "SEAL O PRIME Xp Hs Seal O Prime",
    "hsn" : "320910",
    "pack" : "4.0 LT",
    "nop" : 1,
    "qty" : 4.0,
    "rate" : 720.33,
    "taxRt" : 18.0,
    "cgst" : 64.83,
    "sgst" : 64.83,
    "total" : 849.0,
    "valBefTax" : 720.33
  } ],
  "totalCgst" : 307.39,
  "totalSgst" : 307.39,
  "total" : 4028.0,
  "totalvbt" : 3415.24,
  "totalNop" : 7.0,
  "totqty" : 13.8,
  "paymentMode" : "Cash",
  "phone" : null
}