{
  "invoiceNo" : "001543",
  "date" : "13/08/2022",
  "cname" : "M RAJU BISWAS",
  "caddress" : null,
  "cgstno" : null,
  "items" : [ {
    "serialNo" : "1",
    "pname" : "220 NO Wet & Dry Sandpaper",
    "hsn" : "680510",
    "pack" : "1.0 PCS",
    "nop" : 2,
    "qty" : 2.0,
    "rate" : 13.56,
    "taxRt" : 18.0,
    "cgst" : 2.44,
    "sgst" : 2.44,
    "total" : 32.0,
    "valBefTax" : 27.12
  } ],
  "totalCgst" : 2.44,
  "totalSgst" : 2.44,
  "total" : 32.0,
  "totalvbt" : 27.12,
  "totalNop" : 2.0,
  "totqty" : 2.0,
  "paymentMode" : "Credit",
  "phone" : null
}