{
  "invoiceNo" : "001575",
  "date" : "16/08/2022",
  "cname" : "CASH A/C",
  "caddress" : null,
  "cgstno" : null,
  "items" : [ {
    "serialNo" : "1",
    "pname" : "P0 EC C B Easy Clean Luxur",
    "hsn" : "320910",
    "pack" : "1.0 LT",
    "nop" : 2,
    "qty" : 2.0,
    "rate" : 400.0,
    "taxRt" : 18.0,
    "cgst" : 72.0,
    "sgst" : 72.0,
    "total" : 943.0,
    "valBefTax" : 800.0
  }, {
    "serialNo" : "2",
    "pname" : "YLW EC C B Easy Clean Luxur",
    "hsn" : "320910",
    "pack" : "0.9 LT",
    "nop" : 1,
    "qty" : 0.9,
    "rate" : 448.3,
    "taxRt" : 18.0,
    "cgst" : 40.35,
    "sgst" : 40.35,
    "total" : 529.0,
    "valBefTax" : 448.3
  }, {
    "serialNo" : "3",
    "pname" : "N2 EC C B Easy Clean Luxur",
    "hsn" : "320910",
    "pack" : "0.9 LT",
    "nop" : 1,
    "qty" : 0.9,
    "rate" : 411.01,
    "taxRt" : 18.0,
    "cgst" : 36.99,
    "sgst" : 36.99,
    "total" : 484.0,
    "valBefTax" : 411.01
  }, {
    "serialNo" : "4",
    "pname" : "P0 EC C B Easy Clean Luxur",
    "hsn" : "320910",
    "pack" : "1.0 LT",
    "nop" : 2,
    "qty" : 2.0,
    "rate" : 402.54,
    "taxRt" : 18.0,
    "cgst" : 72.46,
    "sgst" : 72.46,
    "total" : 950.0,
    "valBefTax" : 805.08
  }, {
    "serialNo" : "5",
    "pname" : "P0 EC C B Easy Clean Luxur",
    "hsn" : "320910",
    "pack" : "1.0 LT",
    "nop" : 3,
    "qty" : 3.0,
    "rate" : 428.81,
    "taxRt" : 18.0,
    "cgst" : 115.77,
    "sgst" : 115.77,
    "total" : 1517.0,
    "valBefTax" : 1286.43
  }, {
    "serialNo" : "6",
    "pname" : "YLW EC C B Easy Clean Luxur",
    "hsn" : "320910",
    "pack" : "0.9 LT",
    "nop" : 1,
    "qty" : 0.9,
    "rate" : 472.88,
    "taxRt" : 18.0,
    "cgst" : 42.56,
    "sgst" : 42.56,
    "total" : 558.0,
    "valBefTax" : 472.88
  }, {
    "serialNo" : "7",
    "pname" : "BROWN LHG Luxol High Gloss Ena",
    "hsn" : "320890",
    "pack" : "1.0 LT",
    "nop" : 1,
    "qty" : 1.0,
    "rate" : 237.29,
    "taxRt" : 18.0,
    "cgst" : 21.36,
    "sgst" : 21.36,
    "total" : 280.0,
    "valBefTax" : 237.29
  } ],
  "totalCgst" : 401.49,
  "totalSgst" : 401.49,
  "total" : 5261.0,
  "totalvbt" : 4460.99,
  "totalNop" : 11.0,
  "totqty" : 10.7,
  "paymentMode" : "Cash",
  "phone" : null
}