{
  "invoiceNo" : "001538",
  "date" : "13/08/2022",
  "cname" : "CASH A/C",
  "caddress" : null,
  "cgstno" : null,
  "items" : [ {
    "serialNo" : "1",
    "pname" : "W1 RTC C B Rangoli Total Ca",
    "hsn" : "320910",
    "pack" : "0.9 LT",
    "nop" : 1,
    "qty" : 0.9,
    "rate" : 311.86,
    "taxRt" : 18.0,
    "cgst" : 28.07,
    "sgst" : 28.07,
    "total" : 368.0,
    "valBefTax" : 311.86
  }, {
    "serialNo" : "2",
    "pname" : "P0 RTC C B Rangoli Total Ca",
    "hsn" : "320910",
    "pack" : "1.0 LT",
    "nop" : 1,
    "qty" : 1.0,
    "rate" : 307.62,
    "taxRt" : 18.0,
    "cgst" : 27.69,
    "sgst" : 27.69,
    "total" : 363.0,
    "valBefTax" : 307.62
  }, {
    "serialNo" : "3",
    "pname" : "W1 RTC C B Rangoli Total Ca",
    "hsn" : "320910",
    "pack" : "0.9 LT",
    "nop" : 2,
    "qty" : 1.8,
    "rate" : 296.61,
    "taxRt" : 18.0,
    "cgst" : 53.38,
    "sgst" : 53.38,
    "total" : 700.0,
    "valBefTax" : 593.22
  } ],
  "totalCgst" : 109.14,
  "totalSgst" : 109.14,
  "total" : 1431.0,
  "totalvbt" : 1212.7,
  "totalNop" : 4.0,
  "totqty" : 3.7,
  "paymentMode" : "Cash",
  "phone" : null
}