{
  "invoiceNo" : "001597",
  "date" : "18/08/2022",
  "cname" : "CASH A/C",
  "caddress" : null,
  "cgstno" : null,
  "items" : [ {
    "serialNo" : "1",
    "pname" : "GOLD P U Supr Gl Enamel P",
    "hsn" : "32089090",
    "pack" : "0.2 LTR",
    "nop" : 1,
    "qty" : 0.2,
    "rate" : 228.81,
    "taxRt" : 18.0,
    "cgst" : 20.59,
    "sgst" : 20.59,
    "total" : 269.0,
    "valBefTax" : 228.81
  }, {
    "serialNo" : "2",
    "pname" : "GLDN BROWN Luxol High Gloss Ena",
    "hsn" : "320890",
    "pack" : "1.0 LT",
    "nop" : 2,
    "qty" : 2.0,
    "rate" : 237.29,
    "taxRt" : 18.0,
    "cgst" : 42.72,
    "sgst" : 42.72,
    "total" : 559.0,
    "valBefTax" : 474.58
  }, {
    "serialNo" : "3",
    "pname" : "W2 LUX XTRA C B Luxol Xtra Ename",
    "hsn" : "320890",
    "pack" : "0.95 LT",
    "nop" : 1,
    "qty" : 0.95,
    "rate" : 279.66,
    "taxRt" : 18.0,
    "cgst" : 25.17,
    "sgst" : 25.17,
    "total" : 330.0,
    "valBefTax" : 279.66
  }, {
    "serialNo" : "4",
    "pname" : "PIDIFIN 2K Dr Fixit Pidifin",
    "hsn" : "32149090",
    "pack" : "15.0 KGS",
    "nop" : 1,
    "qty" : 15.0,
    "rate" : 1398.3,
    "taxRt" : 18.0,
    "cgst" : 125.85,
    "sgst" : 125.85,
    "total" : 1649.0,
    "valBefTax" : 1398.3
  }, {
    "serialNo" : "5",
    "pname" : "P0 PU ENAMEL Base Pu Enamel",
    "hsn" : "320890",
    "pack" : "0.45 LTR",
    "nop" : 1,
    "qty" : 0.45,
    "rate" : 152.54,
    "taxRt" : 18.0,
    "cgst" : 13.73,
    "sgst" : 13.73,
    "total" : 180.0,
    "valBefTax" : 152.54
  }, {
    "serialNo" : "6",
    "pname" : "90 SUPER CLEAN Super Clean",
    "hsn" : "32091010",
    "pack" : "1.0 LTR",
    "nop" : 1,
    "qty" : 1.0,
    "rate" : 330.51,
    "taxRt" : 18.0,
    "cgst" : 29.75,
    "sgst" : 29.75,
    "total" : 390.0,
    "valBefTax" : 330.51
  }, {
    "serialNo" : "7",
    "pname" : "HEATEX Fevicol Heatx",
    "hsn" : "35061000",
    "pack" : "0.5 LTR",
    "nop" : 1,
    "qty" : 0.5,
    "rate" : 228.81,
    "taxRt" : 18.0,
    "cgst" : 20.59,
    "sgst" : 20.59,
    "total" : 269.0,
    "valBefTax" : 228.81
  }, {
    "serialNo" : "8",
    "pname" : "N2 ANTI C B Xp Wcoat Anti Du",
    "hsn" : "320910",
    "pack" : "3.6 LTR",
    "nop" : 1,
    "qty" : 3.6,
    "rate" : 1101.7,
    "taxRt" : 18.0,
    "cgst" : 99.15,
    "sgst" : 99.15,
    "total" : 1299.0,
    "valBefTax" : 1101.7
  } ],
  "totalCgst" : 377.55,
  "totalSgst" : 377.55,
  "total" : 4945.0,
  "totalvbt" : 4194.91,
  "totalNop" : 9.0,
  "totqty" : 23.7,
  "paymentMode" : "Cash",
  "phone" : null
}