{
  "invoiceNo" : "001532",
  "date" : "12/08/2022",
  "cname" : "CASH A/C",
  "caddress" : null,
  "cgstno" : null,
  "items" : [ {
    "serialNo" : "1",
    "pname" : "P1 LONG LIFE  XP Xp Wcoat Long Life",
    "hsn" : "320910",
    "pack" : "0.9 LTR",
    "nop" : 2,
    "qty" : 1.8,
    "rate" : 530.5,
    "taxRt" : 18.0,
    "cgst" : 95.5,
    "sgst" : 95.5,
    "total" : 1251.0,
    "valBefTax" : 1061.0
  } ],
  "totalCgst" : 95.5,
  "totalSgst" : 95.5,
  "total" : 1251.0,
  "totalvbt" : 1061.0,
  "totalNop" : 2.0,
  "totqty" : 1.8,
  "paymentMode" : "Cash",
  "phone" : null
}