{
  "invoiceNo" : "001562",
  "date" : "15/08/2022",
  "cname" : "CASH A/C",
  "caddress" : null,
  "cgstno" : null,
  "items" : [ {
    "serialNo" : "1",
    "pname" : "SKY BLUE GPE Gloss Premium Enamel",
    "hsn" : "32081010",
    "pack" : "1.0 LTR",
    "nop" : 1,
    "qty" : 1.0,
    "rate" : 220.34,
    "taxRt" : 18.0,
    "cgst" : 19.83,
    "sgst" : 19.83,
    "total" : 260.0,
    "valBefTax" : 220.34
  }, {
    "serialNo" : "2",
    "pname" : "100 NO 4 Handy Sheet",
    "hsn" : "68051010",
    "pack" : "1.0 PCS",
    "nop" : 1,
    "qty" : 1.0,
    "rate" : 8.47,
    "taxRt" : 18.0,
    "cgst" : 0.76,
    "sgst" : 0.76,
    "total" : 9.0,
    "valBefTax" : 8.47
  }, {
    "serialNo" : "3",
    "pname" : "2\" ARJUN Brushes",
    "hsn" : "96034010",
    "pack" : "1.0 PCS",
    "nop" : 1,
    "qty" : 1.0,
    "rate" : 42.37,
    "taxRt" : 18.0,
    "cgst" : 3.81,
    "sgst" : 3.81,
    "total" : 49.0,
    "valBefTax" : 42.37
  } ],
  "totalCgst" : 24.4,
  "totalSgst" : 24.4,
  "total" : 318.0,
  "totalvbt" : 271.18,
  "totalNop" : 3.0,
  "totqty" : 3.0,
  "paymentMode" : "Cash",
  "phone" : null
}