{
  "invoiceNo" : "001539",
  "date" : "13/08/2022",
  "cname" : "CASH A/C",
  "caddress" : null,
  "cgstno" : null,
  "items" : [ {
    "serialNo" : "1",
    "pname" : "PARROT WOOD PRIMER Wood  Primer Solvent",
    "hsn" : "320890",
    "pack" : "0.5 LT",
    "nop" : 1,
    "qty" : 0.5,
    "rate" : 105.93,
    "taxRt" : 18.0,
    "cgst" : 9.53,
    "sgst" : 9.53,
    "total" : 124.0,
    "valBefTax" : 105.93
  }, {
    "serialNo" : "2",
    "pname" : "2\" ARJUN Brushes",
    "hsn" : "96034010",
    "pack" : "1.0 PCS",
    "nop" : 1,
    "qty" : 1.0,
    "rate" : 42.37,
    "taxRt" : 18.0,
    "cgst" : 3.81,
    "sgst" : 3.81,
    "total" : 49.0,
    "valBefTax" : 42.37
  }, {
    "serialNo" : "3",
    "pname" : "BUTTERFLY AC METAL Metal Primer Solvent",
    "hsn" : "320890",
    "pack" : "1.0 LT",
    "nop" : 1,
    "qty" : 1.0,
    "rate" : 165.25,
    "taxRt" : 18.0,
    "cgst" : 14.87,
    "sgst" : 14.87,
    "total" : 194.0,
    "valBefTax" : 165.25
  }, {
    "serialNo" : "4",
    "pname" : "MID CREAM Durocem Extra Waterp",
    "hsn" : "321000",
    "pack" : "25.0 KG",
    "nop" : 1,
    "qty" : 25.0,
    "rate" : 1016.9,
    "taxRt" : 18.0,
    "cgst" : 91.52,
    "sgst" : 91.52,
    "total" : 1199.0,
    "valBefTax" : 1016.9
  }, {
    "serialNo" : "5",
    "pname" : "PARROT WOOD PRIMER Wood  Primer Solvent",
    "hsn" : "320890",
    "pack" : "0.5 LT",
    "nop" : 1,
    "qty" : 0.5,
    "rate" : 105.93,
    "taxRt" : 18.0,
    "cgst" : 9.53,
    "sgst" : 9.53,
    "total" : 124.0,
    "valBefTax" : 105.93
  }, {
    "serialNo" : "6",
    "pname" : "BISON EXT PUTTY Putty",
    "hsn" : "321410",
    "pack" : "40.0 KG",
    "nop" : 1,
    "qty" : 40.0,
    "rate" : 627.11,
    "taxRt" : 18.0,
    "cgst" : 56.44,
    "sgst" : 56.44,
    "total" : 739.0,
    "valBefTax" : 627.11
  }, {
    "serialNo" : "7",
    "pname" : "P0 EC C B Easy Clean Luxur",
    "hsn" : "320910",
    "pack" : "1.0 LT",
    "nop" : 1,
    "qty" : 1.0,
    "rate" : 389.83,
    "taxRt" : 18.0,
    "cgst" : 35.08,
    "sgst" : 35.08,
    "total" : 459.0,
    "valBefTax" : 389.83
  }, {
    "serialNo" : "8",
    "pname" : "MINT GREEN Luxol High Gloss Ena",
    "hsn" : "320890",
    "pack" : "1.0 LTR",
    "nop" : 2,
    "qty" : 2.0,
    "rate" : 262.71,
    "taxRt" : 18.0,
    "cgst" : 47.28,
    "sgst" : 47.28,
    "total" : 620.0,
    "valBefTax" : 525.42
  }, {
    "serialNo" : "9",
    "pname" : "SALVALINE ALUMINIUM Aliminium Paint",
    "hsn" : "320890",
    "pack" : "0.5 LTR",
    "nop" : 2,
    "qty" : 1.0,
    "rate" : 169.49,
    "taxRt" : 18.0,
    "cgst" : 30.5,
    "sgst" : 30.5,
    "total" : 400.0,
    "valBefTax" : 338.98
  }, {
    "serialNo" : "10",
    "pname" : "BPCPWT Interior Wall Primer",
    "hsn" : "320910",
    "pack" : "1.0 LT",
    "nop" : 1,
    "qty" : 1.0,
    "rate" : 152.54,
    "taxRt" : 18.0,
    "cgst" : 13.73,
    "sgst" : 13.73,
    "total" : 180.0,
    "valBefTax" : 152.54
  }, {
    "serialNo" : "11",
    "pname" : "F Y GREEN  NU' Luxol Universal Stai",
    "hsn" : "321390",
    "pack" : "0.05 LTR",
    "nop" : 1,
    "qty" : 0.05,
    "rate" : 32.2,
    "taxRt" : 18.0,
    "cgst" : 2.9,
    "sgst" : 2.9,
    "total" : 38.0,
    "valBefTax" : 32.2
  }, {
    "serialNo" : "12",
    "pname" : "MSEAL SUPERFAST 3214",
    "hsn" : "321410",
    "pack" : "1.0 PCS",
    "nop" : 3,
    "qty" : 3.0,
    "rate" : 25.42,
    "taxRt" : 18.0,
    "cgst" : 6.87,
    "sgst" : 6.87,
    "total" : 89.0,
    "valBefTax" : 76.26
  }, {
    "serialNo" : "13",
    "pname" : "BIRLA WALL CARE PUTT Wallcare Putty Fine",
    "hsn" : "32141000",
    "pack" : "40.0 KGS",
    "nop" : 4,
    "qty" : 160.0,
    "rate" : 627.11,
    "taxRt" : 18.0,
    "cgst" : 225.76,
    "sgst" : 225.76,
    "total" : 2959.0,
    "valBefTax" : 2508.44
  }, {
    "serialNo" : "14",
    "pname" : "BUTTERFLY AC METAL Metal Primer Solvent",
    "hsn" : "320890",
    "pack" : "1.0 LT",
    "nop" : 1,
    "qty" : 1.0,
    "rate" : 190.68,
    "taxRt" : 18.0,
    "cgst" : 17.16,
    "sgst" : 17.16,
    "total" : 225.0,
    "valBefTax" : 190.68
  }, {
    "serialNo" : "15",
    "pname" : "W1 EC C B Easy Clean Luxur",
    "hsn" : "320910",
    "pack" : "0.9 LT",
    "nop" : 2,
    "qty" : 1.8,
    "rate" : 400.84,
    "taxRt" : 18.0,
    "cgst" : 72.16,
    "sgst" : 72.16,
    "total" : 945.0,
    "valBefTax" : 801.68
  }, {
    "serialNo" : "16",
    "pname" : "N2 EC C B Easy Clean Luxur",
    "hsn" : "320910",
    "pack" : "0.9 LT",
    "nop" : 1,
    "qty" : 0.9,
    "rate" : 410.17,
    "taxRt" : 18.0,
    "cgst" : 36.91,
    "sgst" : 36.91,
    "total" : 483.0,
    "valBefTax" : 410.17
  }, {
    "serialNo" : "17",
    "pname" : "BASE COAT Silk B E Base Coat",
    "hsn" : "320910",
    "pack" : "10.0 LTR",
    "nop" : 1,
    "qty" : 10.0,
    "rate" : 0.85,
    "taxRt" : 18.0,
    "cgst" : 0.08,
    "sgst" : 0.08,
    "total" : 1.0,
    "valBefTax" : 0.85
  }, {
    "serialNo" : "18",
    "pname" : "TRAY Painting Tools Rolle",
    "hsn" : "392330",
    "pack" : "1.0 PCS",
    "nop" : 1,
    "qty" : 1.0,
    "rate" : 127.12,
    "taxRt" : 18.0,
    "cgst" : 11.44,
    "sgst" : 11.44,
    "total" : 150.0,
    "valBefTax" : 127.12
  }, {
    "serialNo" : "19",
    "pname" : "120 NO Wet & Dry Sandpaper",
    "hsn" : "680510",
    "pack" : "1.0 PCS",
    "nop" : 5,
    "qty" : 5.0,
    "rate" : 14.41,
    "taxRt" : 18.0,
    "cgst" : 6.5,
    "sgst" : 6.5,
    "total" : 84.0,
    "valBefTax" : 72.05
  }, {
    "serialNo" : "20",
    "pname" : "2\" ARJUN Brushes",
    "hsn" : "96034010",
    "pack" : "1.0 PCS",
    "nop" : 1,
    "qty" : 1.0,
    "rate" : 16.95,
    "taxRt" : 18.0,
    "cgst" : 1.53,
    "sgst" : 1.53,
    "total" : 20.0,
    "valBefTax" : 16.95
  } ],
  "totalCgst" : 693.6,
  "totalSgst" : 693.6,
  "total" : 9082.0,
  "totalvbt" : 7706.66,
  "totalNop" : 32.0,
  "totqty" : 256.75,
  "paymentMode" : "Cash",
  "phone" : null
}