{
  "invoiceNo" : "001542",
  "date" : "13/08/2022",
  "cname" : "KALIM ENTERPRISE",
  "caddress" : "VIL&PO GHUNI KOL 157",
  "cgstno" : null,
  "items" : [ {
    "serialNo" : "1",
    "pname" : "P0 BISON C B Bison Emulsion",
    "hsn" : "320910",
    "pack" : "1.0 LT",
    "nop" : 2,
    "qty" : 2.0,
    "rate" : 186.44,
    "taxRt" : 18.0,
    "cgst" : 33.56,
    "sgst" : 33.56,
    "total" : 440.0,
    "valBefTax" : 372.88
  }, {
    "serialNo" : "2",
    "pname" : "P0 BISON C B Bison Emulsion",
    "hsn" : "320910",
    "pack" : "1.0 LT",
    "nop" : 2,
    "qty" : 2.0,
    "rate" : 183.9,
    "taxRt" : 18.0,
    "cgst" : 33.1,
    "sgst" : 33.1,
    "total" : 433.0,
    "valBefTax" : 367.8
  }, {
    "serialNo" : "3",
    "pname" : "SEAL O PRIME Xp Hs Seal O Prime",
    "hsn" : "320910",
    "pack" : "1.0 LT",
    "nop" : 1,
    "qty" : 1.0,
    "rate" : 190.68,
    "taxRt" : 18.0,
    "cgst" : 17.16,
    "sgst" : 17.16,
    "total" : 225.0,
    "valBefTax" : 190.68
  } ],
  "totalCgst" : 83.82,
  "totalSgst" : 83.82,
  "total" : 1098.0,
  "totalvbt" : 931.36,
  "totalNop" : 5.0,
  "totqty" : 5.0,
  "paymentMode" : "Credit",
  "phone" : null
}