{
  "invoiceNo" : "001573",
  "date" : "16/08/2022",
  "cname" : "M RAJU BISWAS",
  "caddress" : null,
  "cgstno" : null,
  "items" : [ {
    "serialNo" : "1",
    "pname" : "150 NO Wet & Dry Sandpaper",
    "hsn" : "680510",
    "pack" : "1.0 PCS",
    "nop" : 1,
    "qty" : 1.0,
    "rate" : 14.41,
    "taxRt" : 18.0,
    "cgst" : 1.3,
    "sgst" : 1.3,
    "total" : 17.0,
    "valBefTax" : 14.41
  }, {
    "serialNo" : "2",
    "pname" : "220 NO Wet & Dry Sandpaper",
    "hsn" : "680510",
    "pack" : "1.0 PCS",
    "nop" : 5,
    "qty" : 5.0,
    "rate" : 14.41,
    "taxRt" : 18.0,
    "cgst" : 6.5,
    "sgst" : 6.5,
    "total" : 84.0,
    "valBefTax" : 72.05
  }, {
    "serialNo" : "3",
    "pname" : "1\" MASKING TAPE BERG Painting Tools Rolle",
    "hsn" : "391910",
    "pack" : "1.0 LTR",
    "nop" : 3,
    "qty" : 3.0,
    "rate" : 25.42,
    "taxRt" : 18.0,
    "cgst" : 6.87,
    "sgst" : 6.87,
    "total" : 89.0,
    "valBefTax" : 76.26
  } ],
  "totalCgst" : 14.67,
  "totalSgst" : 14.67,
  "total" : 190.0,
  "totalvbt" : 162.72,
  "totalNop" : 9.0,
  "totqty" : 9.0,
  "paymentMode" : "Credit",
  "phone" : null
}