{
  "invoiceNo" : "001534",
  "date" : "12/08/2022",
  "cname" : "CASH A/C",
  "caddress" : null,
  "cgstno" : null,
  "items" : [ {
    "serialNo" : "1",
    "pname" : "W1 EC C B Easy Clean Luxur",
    "hsn" : "320910",
    "pack" : "0.9 LT",
    "nop" : 1,
    "qty" : 0.9,
    "rate" : 378.81,
    "taxRt" : 18.0,
    "cgst" : 34.09,
    "sgst" : 34.09,
    "total" : 446.0,
    "valBefTax" : 378.81
  }, {
    "serialNo" : "2",
    "pname" : "P0 EC C B Easy Clean Luxur",
    "hsn" : "320910",
    "pack" : "1.0 LT",
    "nop" : 2,
    "qty" : 2.0,
    "rate" : 383.05,
    "taxRt" : 18.0,
    "cgst" : 68.94,
    "sgst" : 68.94,
    "total" : 903.0,
    "valBefTax" : 766.1
  }, {
    "serialNo" : "3",
    "pname" : "P0 EC C B Easy Clean Luxur",
    "hsn" : "320910",
    "pack" : "1.0 LT",
    "nop" : 1,
    "qty" : 1.0,
    "rate" : 391.52,
    "taxRt" : 18.0,
    "cgst" : 35.24,
    "sgst" : 35.24,
    "total" : 462.0,
    "valBefTax" : 391.52
  } ],
  "totalCgst" : 138.27,
  "totalSgst" : 138.27,
  "total" : 1811.0,
  "totalvbt" : 1536.43,
  "totalNop" : 4.0,
  "totqty" : 3.9,
  "paymentMode" : "Cash",
  "phone" : null
}