{
  "invoiceNo" : "001596",
  "date" : "18/08/2022",
  "cname" : "CASH A/C",
  "caddress" : null,
  "cgstno" : null,
  "items" : [ {
    "serialNo" : "1",
    "pname" : "WHITE Luxol Pu Enamel",
    "hsn" : "320890",
    "pack" : "0.5 LTR",
    "nop" : 2,
    "qty" : 1.0,
    "rate" : 131.35,
    "taxRt" : 18.0,
    "cgst" : 23.64,
    "sgst" : 23.64,
    "total" : 309.0,
    "valBefTax" : 262.7
  }, {
    "serialNo" : "2",
    "pname" : "WHITE Luxol Pu Enamel",
    "hsn" : "320890",
    "pack" : "1.0 LTR",
    "nop" : 2,
    "qty" : 2.0,
    "rate" : 241.52,
    "taxRt" : 18.0,
    "cgst" : 43.48,
    "sgst" : 43.48,
    "total" : 569.0,
    "valBefTax" : 483.04
  }, {
    "serialNo" : "3",
    "pname" : "PALE CREAM Luxol High Gloss Ena",
    "hsn" : "320890",
    "pack" : "0.5 LT",
    "nop" : 2,
    "qty" : 1.0,
    "rate" : 122.88,
    "taxRt" : 18.0,
    "cgst" : 22.12,
    "sgst" : 22.12,
    "total" : 290.0,
    "valBefTax" : 245.76
  }, {
    "serialNo" : "4",
    "pname" : "PALE CREAM Luxol High Gloss Ena",
    "hsn" : "320890",
    "pack" : "1.0 LT",
    "nop" : 2,
    "qty" : 2.0,
    "rate" : 237.29,
    "taxRt" : 18.0,
    "cgst" : 42.72,
    "sgst" : 42.72,
    "total" : 559.0,
    "valBefTax" : 474.58
  } ],
  "totalCgst" : 131.96,
  "totalSgst" : 131.96,
  "total" : 1727.0,
  "totalvbt" : 1466.08,
  "totalNop" : 8.0,
  "totqty" : 6.0,
  "paymentMode" : "Cash",
  "phone" : null
}