{
  "invoiceNo" : "001563",
  "date" : "16/08/2022",
  "cname" : "CASH A/C",
  "caddress" : null,
  "cgstno" : null,
  "items" : [ {
    "serialNo" : "1",
    "pname" : "90 VT DIAMOND GLO Vt Diamond Glo",
    "hsn" : "32091010",
    "pack" : "1.0 LTR",
    "nop" : 1,
    "qty" : 1.0,
    "rate" : 567.79,
    "taxRt" : 18.0,
    "cgst" : 51.1,
    "sgst" : 51.1,
    "total" : 669.0,
    "valBefTax" : 567.79
  }, {
    "serialNo" : "2",
    "pname" : "90 VT DIAMOND GLO Vt Diamond Glo",
    "hsn" : "32091010",
    "pack" : "1.0 LTR",
    "nop" : 1,
    "qty" : 1.0,
    "rate" : 584.74,
    "taxRt" : 18.0,
    "cgst" : 52.63,
    "sgst" : 52.63,
    "total" : 690.0,
    "valBefTax" : 584.74
  }, {
    "serialNo" : "3",
    "pname" : "BPCPST Wall Primer Solvent",
    "hsn" : "320890",
    "pack" : "10.0 LT",
    "nop" : 1,
    "qty" : 10.0,
    "rate" : 1720.3,
    "taxRt" : 18.0,
    "cgst" : 154.83,
    "sgst" : 154.83,
    "total" : 2029.0,
    "valBefTax" : 1720.3
  }, {
    "serialNo" : "4",
    "pname" : "120 NO Wet & Dry Sandpaper",
    "hsn" : "680510",
    "pack" : "1.0 PCS",
    "nop" : 4,
    "qty" : 4.0,
    "rate" : 14.41,
    "taxRt" : 18.0,
    "cgst" : 5.2,
    "sgst" : 5.2,
    "total" : 68.0,
    "valBefTax" : 57.64
  } ],
  "totalCgst" : 263.76,
  "totalSgst" : 263.76,
  "total" : 3456.0,
  "totalvbt" : 2930.47,
  "totalNop" : 7.0,
  "totqty" : 16.0,
  "paymentMode" : "Cash",
  "phone" : null
}