{
  "invoiceNo" : "001524",
  "date" : "12/08/2022",
  "cname" : "CASH A/C",
  "caddress" : null,
  "cgstno" : null,
  "items" : [ {
    "serialNo" : "1",
    "pname" : "YLW EC XP FRESH Xp E. Clean Fresh",
    "hsn" : "320910",
    "pack" : "0.9 LTR",
    "nop" : 1,
    "qty" : 0.9,
    "rate" : 457.62,
    "taxRt" : 18.0,
    "cgst" : 41.19,
    "sgst" : 41.19,
    "total" : 540.0,
    "valBefTax" : 457.62
  }, {
    "serialNo" : "2",
    "pname" : "BROWN LHG Luxol High Gloss Ena",
    "hsn" : "320890",
    "pack" : "0.5 LT",
    "nop" : 1,
    "qty" : 0.5,
    "rate" : 127.12,
    "taxRt" : 18.0,
    "cgst" : 11.44,
    "sgst" : 11.44,
    "total" : 150.0,
    "valBefTax" : 127.12
  }, {
    "serialNo" : "3",
    "pname" : "W1 EC C B Easy Clean Luxur",
    "hsn" : "320910",
    "pack" : "0.9 LT",
    "nop" : 1,
    "qty" : 0.9,
    "rate" : 381.35,
    "taxRt" : 18.0,
    "cgst" : 34.32,
    "sgst" : 34.32,
    "total" : 449.0,
    "valBefTax" : 381.35
  }, {
    "serialNo" : "4",
    "pname" : "W1 ANTI DUST XP C B Xp Wcoat Anti Du",
    "hsn" : "320910",
    "pack" : "0.9 LTR",
    "nop" : 1,
    "qty" : 0.9,
    "rate" : 347.45,
    "taxRt" : 18.0,
    "cgst" : 31.27,
    "sgst" : 31.27,
    "total" : 409.0,
    "valBefTax" : 347.45
  } ],
  "totalCgst" : 118.22,
  "totalSgst" : 118.22,
  "total" : 1548.0,
  "totalvbt" : 1313.54,
  "totalNop" : 4.0,
  "totqty" : 3.2,
  "paymentMode" : "Cash",
  "phone" : null
}