{
  "invoiceNo" : "001676",
  "date" : "26/08/2022",
  "cname" : "M JYARUL",
  "caddress" : "ghuni",
  "cgstno" : null,
  "items" : [ {
    "serialNo" : "1",
    "pname" : "P0 EC C B Easy Clean Luxur",
    "hsn" : "320910",
    "pack" : "4.0 LT",
    "nop" : 1,
    "qty" : 4.0,
    "rate" : 1639.8,
    "taxRt" : 18.0,
    "cgst" : 147.58,
    "sgst" : 147.58,
    "total" : 1934.0,
    "valBefTax" : 1639.8
  }, {
    "serialNo" : "2",
    "pname" : "P0 EC C B Easy Clean Luxur",
    "hsn" : "320910",
    "pack" : "1.0 LT",
    "nop" : 1,
    "qty" : 1.0,
    "rate" : 377.12,
    "taxRt" : 18.0,
    "cgst" : 33.94,
    "sgst" : 33.94,
    "total" : 445.0,
    "valBefTax" : 377.12
  }, {
    "serialNo" : "3",
    "pname" : "BPCPWT Interior Wall Primer",
    "hsn" : "320910",
    "pack" : "1.0 LT",
    "nop" : 2,
    "qty" : 2.0,
    "rate" : 152.54,
    "taxRt" : 18.0,
    "cgst" : 27.46,
    "sgst" : 27.46,
    "total" : 360.0,
    "valBefTax" : 305.08
  }, {
    "serialNo" : "4",
    "pname" : "F ORANGE Unitint",
    "hsn" : "32139000",
    "pack" : "0.05 LTR",
    "nop" : 2,
    "qty" : 0.1,
    "rate" : 38.14,
    "taxRt" : 18.0,
    "cgst" : 6.86,
    "sgst" : 6.86,
    "total" : 89.0,
    "valBefTax" : 76.28
  }, {
    "serialNo" : "5",
    "pname" : "R BLUE Robin Blue",
    "hsn" : "32064100",
    "pack" : "0.05 KG",
    "nop" : 1,
    "qty" : 0.05,
    "rate" : 12.71,
    "taxRt" : 18.0,
    "cgst" : 1.14,
    "sgst" : 1.14,
    "total" : 14.0,
    "valBefTax" : 12.71
  }, {
    "serialNo" : "6",
    "pname" : "D BRN Base Pu Enamel",
    "hsn" : "320890",
    "pack" : "0.45 LTR",
    "nop" : 1,
    "qty" : 0.45,
    "rate" : 139.83,
    "taxRt" : 18.0,
    "cgst" : 12.58,
    "sgst" : 12.58,
    "total" : 164.0,
    "valBefTax" : 139.83
  }, {
    "serialNo" : "7",
    "pname" : "BISON EXT PUTTY Putty",
    "hsn" : "321410",
    "pack" : "30.0 KG",
    "nop" : 1,
    "qty" : 30.0,
    "rate" : 542.37,
    "taxRt" : 18.0,
    "cgst" : 48.81,
    "sgst" : 48.81,
    "total" : 639.0,
    "valBefTax" : 542.37
  }, {
    "serialNo" : "8",
    "pname" : "PO RED LHG Luxol High Gloss Ena",
    "hsn" : "320890",
    "pack" : "1.0 LT",
    "nop" : 1,
    "qty" : 1.0,
    "rate" : 262.71,
    "taxRt" : 18.0,
    "cgst" : 23.64,
    "sgst" : 23.64,
    "total" : 309.0,
    "valBefTax" : 262.71
  }, {
    "serialNo" : "9",
    "pname" : "BISON EXT PUTTY Putty",
    "hsn" : "321410",
    "pack" : "40.0 KG",
    "nop" : 5,
    "qty" : 200.0,
    "rate" : 618.64,
    "taxRt" : 18.0,
    "cgst" : 278.4,
    "sgst" : 278.4,
    "total" : 3649.0,
    "valBefTax" : 3093.2
  }, {
    "serialNo" : "10",
    "pname" : "NON METALIC illusion Designer Fi",
    "hsn" : "320910",
    "pack" : "1.0 LTR",
    "nop" : 2,
    "qty" : 2.0,
    "rate" : 622.03,
    "taxRt" : 18.0,
    "cgst" : 111.96,
    "sgst" : 111.96,
    "total" : 1468.0,
    "valBefTax" : 1244.06
  }, {
    "serialNo" : "11",
    "pname" : "L BRN Base Pu Enamel",
    "hsn" : "320890",
    "pack" : "0.95 LTR",
    "nop" : 4,
    "qty" : 3.8,
    "rate" : 275.42,
    "taxRt" : 18.0,
    "cgst" : 99.16,
    "sgst" : 99.16,
    "total" : 1299.0,
    "valBefTax" : 1101.68
  }, {
    "serialNo" : "12",
    "pname" : "WHITE CEMENT White Cement",
    "hsn" : "25232100",
    "pack" : "1.0 KGS",
    "nop" : 6,
    "qty" : 6.0,
    "rate" : 25.0,
    "taxRt" : 28.0,
    "cgst" : 21.0,
    "sgst" : 21.0,
    "total" : 192.0,
    "valBefTax" : 150.0
  }, {
    "serialNo" : "13",
    "pname" : "WCOAT EXT PRIMER Exterior Wall Primer",
    "hsn" : "320910",
    "pack" : "10.0 LT",
    "nop" : 1,
    "qty" : 10.0,
    "rate" : 1483.0,
    "taxRt" : 18.0,
    "cgst" : 133.47,
    "sgst" : 133.47,
    "total" : 1749.0,
    "valBefTax" : 1483.0
  }, {
    "serialNo" : "14",
    "pname" : "4\" WALLMAST Brushes",
    "hsn" : "96034010",
    "pack" : "1.0 PCS",
    "nop" : 2,
    "qty" : 2.0,
    "rate" : 186.44,
    "taxRt" : 18.0,
    "cgst" : 33.56,
    "sgst" : 33.56,
    "total" : 440.0,
    "valBefTax" : 372.88
  }, {
    "serialNo" : "15",
    "pname" : "3\" ARJUN Brushes",
    "hsn" : "96034010",
    "pack" : "1.0 PCS",
    "nop" : 2,
    "qty" : 2.0,
    "rate" : 76.27,
    "taxRt" : 18.0,
    "cgst" : 13.72,
    "sgst" : 13.72,
    "total" : 180.0,
    "valBefTax" : 152.54
  }, {
    "serialNo" : "16",
    "pname" : "BP ANTI CORROSIVE 1K Bp Anti Corrosive 1k",
    "hsn" : "32091090",
    "pack" : "0.5 LTR",
    "nop" : 1,
    "qty" : 0.5,
    "rate" : 161.02,
    "taxRt" : 18.0,
    "cgst" : 14.49,
    "sgst" : 14.49,
    "total" : 190.0,
    "valBefTax" : 161.02
  }, {
    "serialNo" : "17",
    "pname" : "BP ANTI CORROSIVE 1K Bp Anti Corrosive 1k",
    "hsn" : "32091090",
    "pack" : "1.0 LTR",
    "nop" : 1,
    "qty" : 1.0,
    "rate" : 313.56,
    "taxRt" : 18.0,
    "cgst" : 28.22,
    "sgst" : 28.22,
    "total" : 370.0,
    "valBefTax" : 313.56
  }, {
    "serialNo" : "18",
    "pname" : "GP THINNER Thinners",
    "hsn" : "320810",
    "pack" : "0.5 LTR",
    "nop" : 1,
    "qty" : 0.5,
    "rate" : 59.32,
    "taxRt" : 18.0,
    "cgst" : 5.34,
    "sgst" : 5.34,
    "total" : 70.0,
    "valBefTax" : 59.32
  }, {
    "serialNo" : "19",
    "pname" : "GLDN YLW Luxol High Gloss Ena",
    "hsn" : "320890",
    "pack" : "0.5 LT",
    "nop" : 1,
    "qty" : 0.5,
    "rate" : 152.54,
    "taxRt" : 18.0,
    "cgst" : 13.73,
    "sgst" : 13.73,
    "total" : 180.0,
    "valBefTax" : 152.54
  } ],
  "totalCgst" : 1055.06,
  "totalSgst" : 1055.06,
  "total" : 13741.0,
  "totalvbt" : 11639.7,
  "totalNop" : 36.0,
  "totqty" : 266.9,
  "paymentMode" : "Cash",
  "phone" : "8481098291"
}