{
  "invoiceNo" : "001607",
  "date" : "19/08/2022",
  "cname" : "CASH A/C",
  "caddress" : null,
  "cgstno" : null,
  "items" : [ {
    "serialNo" : "1",
    "pname" : "BUTTERFLY AC METAL Metal Primer Solvent",
    "hsn" : "320890",
    "pack" : "1.0 LT",
    "nop" : 1,
    "qty" : 1.0,
    "rate" : 190.68,
    "taxRt" : 18.0,
    "cgst" : 17.16,
    "sgst" : 17.16,
    "total" : 225.0,
    "valBefTax" : 190.68
  } ],
  "totalCgst" : 17.16,
  "totalSgst" : 17.16,
  "total" : 225.0,
  "totalvbt" : 190.68,
  "totalNop" : 1.0,
  "totqty" : 1.0,
  "paymentMode" : "Cash",
  "phone" : null
}