{
  "invoiceNo" : "001684",
  "date" : "27/08/2022",
  "cname" : "CASH A/C",
  "caddress" : null,
  "cgstno" : null,
  "items" : [ {
    "serialNo" : "1",
    "pname" : "PARROT WOOD PRIMER Wood  Primer Solvent",
    "hsn" : "320890",
    "pack" : "1.0 LT",
    "nop" : 2,
    "qty" : 2.0,
    "rate" : 199.15,
    "taxRt" : 18.0,
    "cgst" : 35.84,
    "sgst" : 35.84,
    "total" : 470.0,
    "valBefTax" : 398.3
  }, {
    "serialNo" : "2",
    "pname" : "GLDN BROWN Luxol High Gloss Ena",
    "hsn" : "320890",
    "pack" : "1.0 LT",
    "nop" : 3,
    "qty" : 3.0,
    "rate" : 237.29,
    "taxRt" : 18.0,
    "cgst" : 64.08,
    "sgst" : 64.08,
    "total" : 840.0,
    "valBefTax" : 711.87
  } ],
  "totalCgst" : 99.92,
  "totalSgst" : 99.92,
  "total" : 1310.0,
  "totalvbt" : 1110.17,
  "totalNop" : 5.0,
  "totqty" : 5.0,
  "paymentMode" : "Cash",
  "phone" : null
}