{
  "invoiceNo" : "001688",
  "date" : "27/08/2022",
  "cname" : "M RAJU BISWAS",
  "caddress" : null,
  "cgstno" : null,
  "items" : [ {
    "serialNo" : "1",
    "pname" : "SEAL O PRIME Xp Hs Seal O Prime",
    "hsn" : "320910",
    "pack" : "1.0 LT",
    "nop" : 1,
    "qty" : 1.0,
    "rate" : 194.91,
    "taxRt" : 18.0,
    "cgst" : 17.54,
    "sgst" : 17.54,
    "total" : 229.0,
    "valBefTax" : 194.91
  }, {
    "serialNo" : "2",
    "pname" : "2\" ARJUN Brushes",
    "hsn" : "96034010",
    "pack" : "1.0 PCS",
    "nop" : 1,
    "qty" : 1.0,
    "rate" : 42.37,
    "taxRt" : 18.0,
    "cgst" : 3.81,
    "sgst" : 3.81,
    "total" : 49.0,
    "valBefTax" : 42.37
  } ],
  "totalCgst" : 21.35,
  "totalSgst" : 21.35,
  "total" : 278.0,
  "totalvbt" : 237.28,
  "totalNop" : 2.0,
  "totqty" : 2.0,
  "paymentMode" : "Cash",
  "phone" : "9836305392"
}