{
  "invoiceNo" : "001627",
  "date" : "21/08/2022",
  "cname" : "CASH A/C",
  "caddress" : null,
  "cgstno" : null,
  "items" : [ {
    "serialNo" : "1",
    "pname" : "GP THINNER Thinners",
    "hsn" : "320810",
    "pack" : "0.5 LTR",
    "nop" : 1,
    "qty" : 0.5,
    "rate" : 59.32,
    "taxRt" : 18.0,
    "cgst" : 5.34,
    "sgst" : 5.34,
    "total" : 70.0,
    "valBefTax" : 59.32
  } ],
  "totalCgst" : 5.34,
  "totalSgst" : 5.34,
  "total" : 70.0,
  "totalvbt" : 59.32,
  "totalNop" : 1.0,
  "totqty" : 0.5,
  "paymentMode" : "Cash",
  "phone" : null
}