{
  "invoiceNo" : "001692",
  "date" : "27/08/2022",
  "cname" : "CASH A/C",
  "caddress" : null,
  "cgstno" : null,
  "items" : [ {
    "serialNo" : "1",
    "pname" : "W3 LUX  XTRA C B Luxol Xtra Ename",
    "hsn" : "320890",
    "pack" : "3.8 LT",
    "nop" : 1,
    "qty" : 3.8,
    "rate" : 1084.7,
    "taxRt" : 18.0,
    "cgst" : 97.63,
    "sgst" : 97.63,
    "total" : 1280.0,
    "valBefTax" : 1084.7
  }, {
    "serialNo" : "2",
    "pname" : "PARROT WOOD PRIMER Wood  Primer Solvent",
    "hsn" : "320890",
    "pack" : "1.0 LT",
    "nop" : 1,
    "qty" : 1.0,
    "rate" : 203.39,
    "taxRt" : 18.0,
    "cgst" : 18.3,
    "sgst" : 18.3,
    "total" : 239.0,
    "valBefTax" : 203.39
  }, {
    "serialNo" : "3",
    "pname" : "PARROT WOOD PRIMER Wood  Primer Solvent",
    "hsn" : "320890",
    "pack" : "0.5 LT",
    "nop" : 1,
    "qty" : 0.5,
    "rate" : 105.93,
    "taxRt" : 18.0,
    "cgst" : 9.53,
    "sgst" : 9.53,
    "total" : 124.0,
    "valBefTax" : 105.93
  }, {
    "serialNo" : "4",
    "pname" : "BUTTERFLY AC METAL Metal Primer Solvent",
    "hsn" : "320890",
    "pack" : "0.5 LT",
    "nop" : 1,
    "qty" : 0.5,
    "rate" : 105.93,
    "taxRt" : 18.0,
    "cgst" : 9.53,
    "sgst" : 9.53,
    "total" : 124.0,
    "valBefTax" : 105.93
  }, {
    "serialNo" : "5",
    "pname" : "BUTTERFLY AC METAL Metal Primer Solvent",
    "hsn" : "320890",
    "pack" : "1.0 LT",
    "nop" : 1,
    "qty" : 1.0,
    "rate" : 190.68,
    "taxRt" : 18.0,
    "cgst" : 17.16,
    "sgst" : 17.16,
    "total" : 225.0,
    "valBefTax" : 190.68
  }, {
    "serialNo" : "6",
    "pname" : "80 NO Wet & Dry Sandpaper",
    "hsn" : "68051010",
    "pack" : "1.0 PCS",
    "nop" : 1,
    "qty" : 1.0,
    "rate" : 14.41,
    "taxRt" : 18.0,
    "cgst" : 1.3,
    "sgst" : 1.3,
    "total" : 17.0,
    "valBefTax" : 14.41
  }, {
    "serialNo" : "7",
    "pname" : "100 NO Wet & Dry Sandpaper",
    "hsn" : "680510",
    "pack" : "1.0 PCS",
    "nop" : 1,
    "qty" : 1.0,
    "rate" : 14.41,
    "taxRt" : 18.0,
    "cgst" : 1.3,
    "sgst" : 1.3,
    "total" : 17.0,
    "valBefTax" : 14.41
  } ],
  "totalCgst" : 154.75,
  "totalSgst" : 154.75,
  "total" : 2026.0,
  "totalvbt" : 1719.45,
  "totalNop" : 7.0,
  "totqty" : 8.8,
  "paymentMode" : "Cash",
  "phone" : null
}