{
  "invoiceNo" : "001666",
  "date" : "25/08/2022",
  "cname" : "CASH A/C",
  "caddress" : null,
  "cgstno" : null,
  "items" : [ {
    "serialNo" : "1",
    "pname" : "WCOAT EXT PRIMER Exterior Wall Primer",
    "hsn" : "320910",
    "pack" : "20.0 LT",
    "nop" : 1,
    "qty" : 20.0,
    "rate" : 1271.2,
    "taxRt" : 18.0,
    "cgst" : 114.41,
    "sgst" : 114.41,
    "total" : 1500.0,
    "valBefTax" : 1271.2
  } ],
  "totalCgst" : 114.41,
  "totalSgst" : 114.41,
  "total" : 1500.0,
  "totalvbt" : 1271.2,
  "totalNop" : 1.0,
  "totqty" : 20.0,
  "paymentMode" : "Cash",
  "phone" : null
}