{
  "invoiceNo" : "001606",
  "date" : "19/08/2022",
  "cname" : "CASH A/C",
  "caddress" : null,
  "cgstno" : null,
  "items" : [ {
    "serialNo" : "1",
    "pname" : "HAPPY WALL PUTTY Putty",
    "hsn" : "321410",
    "pack" : "5.0 KG",
    "nop" : 1,
    "qty" : 5.0,
    "rate" : 305.08,
    "taxRt" : 18.0,
    "cgst" : 27.46,
    "sgst" : 27.46,
    "total" : 360.0,
    "valBefTax" : 305.08
  } ],
  "totalCgst" : 27.46,
  "totalSgst" : 27.46,
  "total" : 360.0,
  "totalvbt" : 305.08,
  "totalNop" : 1.0,
  "totqty" : 5.0,
  "paymentMode" : "Cash",
  "phone" : null
}