{
  "invoiceNo" : "001630",
  "date" : "22/08/2022",
  "cname" : "M RAJU BISWAS",
  "caddress" : null,
  "cgstno" : null,
  "items" : [ {
    "serialNo" : "1",
    "pname" : "P0 EC C B Easy Clean Luxur",
    "hsn" : "320910",
    "pack" : "1.0 LT",
    "nop" : 1,
    "qty" : 1.0,
    "rate" : 377.12,
    "taxRt" : 18.0,
    "cgst" : 33.94,
    "sgst" : 33.94,
    "total" : 445.0,
    "valBefTax" : 377.12
  }, {
    "serialNo" : "2",
    "pname" : "1\" MASKING TAPE BERG Painting Tools Rolle",
    "hsn" : "391910",
    "pack" : "1.0 LTR",
    "nop" : 1,
    "qty" : 1.0,
    "rate" : 25.42,
    "taxRt" : 18.0,
    "cgst" : 2.29,
    "sgst" : 2.29,
    "total" : 30.0,
    "valBefTax" : 25.42
  } ],
  "totalCgst" : 36.23,
  "totalSgst" : 36.23,
  "total" : 475.0,
  "totalvbt" : 402.54,
  "totalNop" : 2.0,
  "totqty" : 2.0,
  "paymentMode" : "Credit",
  "phone" : "9836305392"
}