{
  "invoiceNo" : "001670",
  "date" : "25/08/2022",
  "cname" : "CASH A/C",
  "caddress" : null,
  "cgstno" : null,
  "items" : [ {
    "serialNo" : "1",
    "pname" : "ROYAL IVORY Luxol High Gloss Ena",
    "hsn" : "320890",
    "pack" : "1.0 LT",
    "nop" : 1,
    "qty" : 1.0,
    "rate" : 262.71,
    "taxRt" : 18.0,
    "cgst" : 23.64,
    "sgst" : 23.64,
    "total" : 309.0,
    "valBefTax" : 262.71
  }, {
    "serialNo" : "2",
    "pname" : "ROLLER COMBINED 6\" Roller",
    "hsn" : "960340",
    "pack" : "1.0 LTR",
    "nop" : 1,
    "qty" : 1.0,
    "rate" : 84.75,
    "taxRt" : 18.0,
    "cgst" : 7.63,
    "sgst" : 7.63,
    "total" : 100.0,
    "valBefTax" : 84.75
  }, {
    "serialNo" : "3",
    "pname" : "2\" ARJUN Brushes",
    "hsn" : "96034010",
    "pack" : "1.0 PCS",
    "nop" : 1,
    "qty" : 1.0,
    "rate" : 42.37,
    "taxRt" : 18.0,
    "cgst" : 3.81,
    "sgst" : 3.81,
    "total" : 49.0,
    "valBefTax" : 42.37
  }, {
    "serialNo" : "4",
    "pname" : "W1 EC C B Easy Clean Luxur",
    "hsn" : "320910",
    "pack" : "0.9 LT",
    "nop" : 2,
    "qty" : 1.8,
    "rate" : 381.35,
    "taxRt" : 18.0,
    "cgst" : 68.64,
    "sgst" : 68.64,
    "total" : 899.0,
    "valBefTax" : 762.7
  }, {
    "serialNo" : "5",
    "pname" : "MAHOGANI 7IN1 Luxol-7-in-1 Colours",
    "hsn" : "320890",
    "pack" : "0.5 LTR",
    "nop" : 5,
    "qty" : 2.5,
    "rate" : 146.19,
    "taxRt" : 18.0,
    "cgst" : 65.8,
    "sgst" : 65.8,
    "total" : 862.0,
    "valBefTax" : 730.95
  }, {
    "serialNo" : "6",
    "pname" : "BLACK Luxol-7-in-1 Colours",
    "hsn" : "320890",
    "pack" : "0.5 LTR",
    "nop" : 1,
    "qty" : 0.5,
    "rate" : 144.07,
    "taxRt" : 18.0,
    "cgst" : 12.97,
    "sgst" : 12.97,
    "total" : 170.0,
    "valBefTax" : 144.07
  }, {
    "serialNo" : "7",
    "pname" : "RED OXIDE METAL PRIM Metal Primer",
    "hsn" : "3208909",
    "pack" : "0.2 LTR",
    "nop" : 2,
    "qty" : 0.4,
    "rate" : 23.3,
    "taxRt" : 18.0,
    "cgst" : 4.2,
    "sgst" : 4.2,
    "total" : 54.0,
    "valBefTax" : 46.6
  } ],
  "totalCgst" : 186.69,
  "totalSgst" : 186.69,
  "total" : 2443.0,
  "totalvbt" : 2074.15,
  "totalNop" : 13.0,
  "totqty" : 8.2,
  "paymentMode" : "Cash",
  "phone" : null
}