{
  "invoiceNo" : "001685",
  "date" : "27/08/2022",
  "cname" : "SUVANKAR PAUL",
  "caddress" : "HATIARA TAL BAGAN PURBASHA KOLKATA 157",
  "cgstno" : null,
  "items" : [ {
    "serialNo" : "1",
    "pname" : "P0 EC C B Easy Clean Luxur",
    "hsn" : "320910",
    "pack" : "1.0 LT",
    "nop" : 1,
    "qty" : 1.0,
    "rate" : 377.12,
    "taxRt" : 18.0,
    "cgst" : 33.94,
    "sgst" : 33.94,
    "total" : 445.0,
    "valBefTax" : 377.12
  } ],
  "totalCgst" : 33.94,
  "totalSgst" : 33.94,
  "total" : 445.0,
  "totalvbt" : 377.12,
  "totalNop" : 1.0,
  "totqty" : 1.0,
  "paymentMode" : "Cash",
  "phone" : "7980660175"
}