{
  "invoiceNo" : "001671",
  "date" : "25/08/2022",
  "cname" : "M SABHYASCHI",
  "caddress" : null,
  "cgstno" : null,
  "items" : [ {
    "serialNo" : "1",
    "pname" : "PRO PU ROOFKOAT Pro Roofkoat",
    "hsn" : "320990",
    "pack" : "20.0 LTR",
    "nop" : 1,
    "qty" : 20.0,
    "rate" : 6355.9,
    "taxRt" : 18.0,
    "cgst" : 572.03,
    "sgst" : 572.03,
    "total" : 7499.0,
    "valBefTax" : 6355.9
  } ],
  "totalCgst" : 572.03,
  "totalSgst" : 572.03,
  "total" : 7499.0,
  "totalvbt" : 6355.9,
  "totalNop" : 1.0,
  "totqty" : 20.0,
  "paymentMode" : "Credit",
  "phone" : "9051721426"
}