{
  "invoiceNo" : "001651",
  "date" : "23/08/2022",
  "cname" : "M SABHYASCHI",
  "caddress" : null,
  "cgstno" : null,
  "items" : [ {
    "serialNo" : "1",
    "pname" : "GOLD SPARKLE 35 Abro",
    "hsn" : "32082090",
    "pack" : "1.0 PCS",
    "nop" : 1,
    "qty" : 1.0,
    "rate" : 211.86,
    "taxRt" : 18.0,
    "cgst" : 19.07,
    "sgst" : 19.07,
    "total" : 250.0,
    "valBefTax" : 211.86
  }, {
    "serialNo" : "2",
    "pname" : "BLACK Spray Paint",
    "hsn" : "32089090",
    "pack" : "0.4 LTR",
    "nop" : 1,
    "qty" : 0.4,
    "rate" : 161.02,
    "taxRt" : 18.0,
    "cgst" : 14.49,
    "sgst" : 14.49,
    "total" : 190.0,
    "valBefTax" : 161.02
  } ],
  "totalCgst" : 33.56,
  "totalSgst" : 33.56,
  "total" : 440.0,
  "totalvbt" : 372.88,
  "totalNop" : 2.0,
  "totqty" : 1.4,
  "paymentMode" : "Credit",
  "phone" : "9051721426"
}