{
  "invoiceNo" : "001631",
  "date" : "22/08/2022",
  "cname" : "CASH A/C",
  "caddress" : null,
  "cgstno" : null,
  "items" : [ {
    "serialNo" : "1",
    "pname" : "BIRLA WALL CARE PUTT Wallcare Putty Fine",
    "hsn" : "32141000",
    "pack" : "40.0 KGS",
    "nop" : 5,
    "qty" : 200.0,
    "rate" : 627.11,
    "taxRt" : 18.0,
    "cgst" : 282.2,
    "sgst" : 282.2,
    "total" : 3699.0,
    "valBefTax" : 3135.55
  } ],
  "totalCgst" : 282.2,
  "totalSgst" : 282.2,
  "total" : 3699.0,
  "totalvbt" : 3135.55,
  "totalNop" : 5.0,
  "totqty" : 200.0,
  "paymentMode" : "Cash",
  "phone" : null
}