{
  "invoiceNo" : "001689",
  "date" : "27/08/2022",
  "cname" : "M RAJU BISWAS",
  "caddress" : null,
  "cgstno" : null,
  "items" : [ {
    "serialNo" : "1",
    "pname" : "1\" MASKING TAPE BERG Painting Tools Rolle",
    "hsn" : "391910",
    "pack" : "1.0 LTR",
    "nop" : 6,
    "qty" : 6.0,
    "rate" : 25.42,
    "taxRt" : 18.0,
    "cgst" : 13.74,
    "sgst" : 13.74,
    "total" : 180.0,
    "valBefTax" : 152.52
  }, {
    "serialNo" : "2",
    "pname" : "P0 RTC C B Rangoli Total Ca",
    "hsn" : "320910",
    "pack" : "4.0 LT",
    "nop" : 1,
    "qty" : 4.0,
    "rate" : 1144.1,
    "taxRt" : 18.0,
    "cgst" : 102.97,
    "sgst" : 102.97,
    "total" : 1350.0,
    "valBefTax" : 1144.1
  }, {
    "serialNo" : "3",
    "pname" : "150 NO Wet & Dry Sandpaper",
    "hsn" : "680510",
    "pack" : "1.0 PCS",
    "nop" : 6,
    "qty" : 6.0,
    "rate" : 14.41,
    "taxRt" : 18.0,
    "cgst" : 7.8,
    "sgst" : 7.8,
    "total" : 102.0,
    "valBefTax" : 86.46
  }, {
    "serialNo" : "4",
    "pname" : "220 WPP Water Proof Paper",
    "hsn" : "68052010",
    "pack" : "1.0 PCS",
    "nop" : 12,
    "qty" : 12.0,
    "rate" : 13.56,
    "taxRt" : 18.0,
    "cgst" : 14.64,
    "sgst" : 14.64,
    "total" : 191.0,
    "valBefTax" : 162.72
  } ],
  "totalCgst" : 139.15,
  "totalSgst" : 139.15,
  "total" : 1823.0,
  "totalvbt" : 1545.8,
  "totalNop" : 25.0,
  "totqty" : 28.0,
  "paymentMode" : "Credit",
  "phone" : "9836305392"
}