{
  "invoiceNo" : "001610",
  "date" : "19/08/2022",
  "cname" : "PINKI BISWAS",
  "caddress" : "VIL:KUSHTIA PO. HANSPUKURIA DIST NADIA 741160",
  "cgstno" : "19BUGPB2647R1Z3",
  "items" : [ {
    "serialNo" : "1",
    "pname" : "SUP LATEX PLUS Construction Chemica",
    "hsn" : "400211",
    "pack" : "1.0 KG",
    "nop" : 3,
    "qty" : 3.0,
    "rate" : 279.66,
    "taxRt" : 18.0,
    "cgst" : 75.51,
    "sgst" : 75.51,
    "total" : 990.0,
    "valBefTax" : 838.98
  } ],
  "totalCgst" : 75.51,
  "totalSgst" : 75.51,
  "total" : 990.0,
  "totalvbt" : 838.98,
  "totalNop" : 3.0,
  "totqty" : 3.0,
  "paymentMode" : "Cash",
  "phone" : null
}