{
  "invoiceNo" : "001646",
  "date" : "23/08/2022",
  "cname" : "CASH A/C",
  "caddress" : null,
  "cgstno" : null,
  "items" : [ {
    "serialNo" : "1",
    "pname" : "BASE COAT Silk B E Base Coat",
    "hsn" : "320910",
    "pack" : "10.0 LTR",
    "nop" : 1,
    "qty" : 10.0,
    "rate" : 1822.0,
    "taxRt" : 18.0,
    "cgst" : 163.98,
    "sgst" : 163.98,
    "total" : 2149.0,
    "valBefTax" : 1822.0
  }, {
    "serialNo" : "2",
    "pname" : "80 NO Wet & Dry Sandpaper",
    "hsn" : "68051010",
    "pack" : "1.0 PCS",
    "nop" : 4,
    "qty" : 4.0,
    "rate" : 14.41,
    "taxRt" : 18.0,
    "cgst" : 5.2,
    "sgst" : 5.2,
    "total" : 68.0,
    "valBefTax" : 57.64
  }, {
    "serialNo" : "3",
    "pname" : "ROLLER COMBINED 6\" Roller",
    "hsn" : "960340",
    "pack" : "1.0 LTR",
    "nop" : 1,
    "qty" : 1.0,
    "rate" : 84.75,
    "taxRt" : 18.0,
    "cgst" : 7.63,
    "sgst" : 7.63,
    "total" : 100.0,
    "valBefTax" : 84.75
  } ],
  "totalCgst" : 176.81,
  "totalSgst" : 176.81,
  "total" : 2317.0,
  "totalvbt" : 1964.39,
  "totalNop" : 6.0,
  "totqty" : 15.0,
  "paymentMode" : "Cash",
  "phone" : null
}