{
  "invoiceNo" : "001650",
  "date" : "23/08/2022",
  "cname" : "CASH A/C",
  "caddress" : null,
  "cgstno" : null,
  "items" : [ {
    "serialNo" : "1",
    "pname" : "BUTTERFLY AC METAL Metal Primer Solvent",
    "hsn" : "320890",
    "pack" : "1.0 LT",
    "nop" : 2,
    "qty" : 2.0,
    "rate" : 190.68,
    "taxRt" : 18.0,
    "cgst" : 34.32,
    "sgst" : 34.32,
    "total" : 449.0,
    "valBefTax" : 381.36
  }, {
    "serialNo" : "2",
    "pname" : "P0 RTC C B Rangoli Total Ca",
    "hsn" : "320910",
    "pack" : "4.0 LT",
    "nop" : 1,
    "qty" : 4.0,
    "rate" : 0.85,
    "taxRt" : 18.0,
    "cgst" : 0.08,
    "sgst" : 0.08,
    "total" : 1.0,
    "valBefTax" : 0.85
  }, {
    "serialNo" : "3",
    "pname" : "3\" WALLMAST Brushes",
    "hsn" : "96034010",
    "pack" : "1.0 PCS",
    "nop" : 1,
    "qty" : 1.0,
    "rate" : 0.85,
    "taxRt" : 18.0,
    "cgst" : 0.08,
    "sgst" : 0.08,
    "total" : 1.0,
    "valBefTax" : 0.85
  }, {
    "serialNo" : "4",
    "pname" : "BISON EXT PUTTY Putty",
    "hsn" : "321410",
    "pack" : "40.0 KG",
    "nop" : 3,
    "qty" : 120.0,
    "rate" : 627.11,
    "taxRt" : 18.0,
    "cgst" : 169.32,
    "sgst" : 169.32,
    "total" : 2219.0,
    "valBefTax" : 1881.33
  } ],
  "totalCgst" : 203.8,
  "totalSgst" : 203.8,
  "total" : 2670.0,
  "totalvbt" : 2264.39,
  "totalNop" : 7.0,
  "totqty" : 127.0,
  "paymentMode" : "Cash",
  "phone" : null
}