{
  "invoiceNo" : "001626",
  "date" : "21/08/2022",
  "cname" : "CASH A/C",
  "caddress" : null,
  "cgstno" : null,
  "items" : [ {
    "serialNo" : "1",
    "pname" : "BLACK LHG Luxol High Gloss Ena",
    "hsn" : "320890",
    "pack" : "0.5 LT",
    "nop" : 1,
    "qty" : 0.5,
    "rate" : 127.12,
    "taxRt" : 18.0,
    "cgst" : 11.44,
    "sgst" : 11.44,
    "total" : 150.0,
    "valBefTax" : 127.12
  }, {
    "serialNo" : "2",
    "pname" : "MAHOGANY PU Luxol Pu Enamel",
    "hsn" : "320890",
    "pack" : "1.0 LTR",
    "nop" : 1,
    "qty" : 1.0,
    "rate" : 271.18,
    "taxRt" : 18.0,
    "cgst" : 24.41,
    "sgst" : 24.41,
    "total" : 320.0,
    "valBefTax" : 271.18
  }, {
    "serialNo" : "3",
    "pname" : "150 NO Wet & Dry Sandpaper",
    "hsn" : "680510",
    "pack" : "1.0 PCS",
    "nop" : 3,
    "qty" : 3.0,
    "rate" : 14.41,
    "taxRt" : 18.0,
    "cgst" : 3.9,
    "sgst" : 3.9,
    "total" : 51.0,
    "valBefTax" : 43.23
  }, {
    "serialNo" : "4",
    "pname" : "LATEX SHIELD 2K Construction Chemica",
    "hsn" : "321490",
    "pack" : "3.0 KGS",
    "nop" : 1,
    "qty" : 3.0,
    "rate" : 322.03,
    "taxRt" : 18.0,
    "cgst" : 28.98,
    "sgst" : 28.98,
    "total" : 379.0,
    "valBefTax" : 322.03
  }, {
    "serialNo" : "5",
    "pname" : "WHITE GLOSS Spray Paint",
    "hsn" : "32089090",
    "pack" : "0.4 LTR",
    "nop" : 1,
    "qty" : 0.4,
    "rate" : 161.02,
    "taxRt" : 18.0,
    "cgst" : 14.49,
    "sgst" : 14.49,
    "total" : 190.0,
    "valBefTax" : 161.02
  }, {
    "serialNo" : "6",
    "pname" : "TERMINATOR Wood Preservative",
    "hsn" : "380899",
    "pack" : "0.1 LTR",
    "nop" : 1,
    "qty" : 0.1,
    "rate" : 42.37,
    "taxRt" : 18.0,
    "cgst" : 3.81,
    "sgst" : 3.81,
    "total" : 49.0,
    "valBefTax" : 42.37
  } ],
  "totalCgst" : 87.03,
  "totalSgst" : 87.03,
  "total" : 1139.0,
  "totalvbt" : 966.95,
  "totalNop" : 8.0,
  "totqty" : 8.0,
  "paymentMode" : "Cash",
  "phone" : null
}