{
  "invoiceNo" : "001733",
  "date" : "01/09/2022",
  "cname" : "KALIM ENTERPRISE",
  "caddress" : "VIL&PO GHUNI KOL 157",
  "cgstno" : null,
  "items" : [ {
    "serialNo" : "1",
    "pname" : "P0 EC C B Easy Clean Luxur",
    "hsn" : "320910",
    "pack" : "1.0 LT",
    "nop" : 1,
    "qty" : 1.0,
    "rate" : 377.12,
    "taxRt" : 18.0,
    "cgst" : 33.94,
    "sgst" : 33.94,
    "total" : 445.0,
    "valBefTax" : 377.12
  }, {
    "serialNo" : "2",
    "pname" : "FEVICRYL SOFT COL 3213",
    "hsn" : "321390",
    "pack" : "1.0 PCS",
    "nop" : 2,
    "qty" : 2.0,
    "rate" : 20.34,
    "taxRt" : 18.0,
    "cgst" : 3.66,
    "sgst" : 3.66,
    "total" : 48.0,
    "valBefTax" : 40.68
  } ],
  "totalCgst" : 37.6,
  "totalSgst" : 37.6,
  "total" : 493.0,
  "totalvbt" : 417.8,
  "totalNop" : 3.0,
  "totqty" : 3.0,
  "paymentMode" : "Credit",
  "phone" : "9874863917"
}