{
  "invoiceNo" : "001739",
  "date" : "01/09/2022",
  "cname" : "CASH A/C",
  "caddress" : null,
  "cgstno" : null,
  "items" : [ {
    "serialNo" : "1",
    "pname" : "P0 SLK GLOW Silk Glow",
    "hsn" : "320910",
    "pack" : "1.0 LTR",
    "nop" : 1,
    "qty" : 1.0,
    "rate" : 521.18,
    "taxRt" : 18.0,
    "cgst" : 46.91,
    "sgst" : 46.91,
    "total" : 615.0,
    "valBefTax" : 521.18
  }, {
    "serialNo" : "2",
    "pname" : "W1 SLK GLOW Silk Glow",
    "hsn" : "320910",
    "pack" : "0.9 LTR",
    "nop" : 1,
    "qty" : 0.9,
    "rate" : 546.61,
    "taxRt" : 18.0,
    "cgst" : 49.19,
    "sgst" : 49.19,
    "total" : 644.0,
    "valBefTax" : 546.61
  }, {
    "serialNo" : "3",
    "pname" : "P0 EC C B Easy Clean Luxur",
    "hsn" : "320910",
    "pack" : "1.0 LT",
    "nop" : 1,
    "qty" : 1.0,
    "rate" : 377.12,
    "taxRt" : 18.0,
    "cgst" : 33.94,
    "sgst" : 33.94,
    "total" : 445.0,
    "valBefTax" : 377.12
  } ],
  "totalCgst" : 130.04,
  "totalSgst" : 130.04,
  "total" : 1704.0,
  "totalvbt" : 1444.91,
  "totalNop" : 3.0,
  "totqty" : 2.9,
  "paymentMode" : "Cash",
  "phone" : null
}