{
  "invoiceNo" : "001743",
  "date" : "02/09/2022",
  "cname" : "CASH A/C",
  "caddress" : null,
  "cgstno" : null,
  "items" : [ {
    "serialNo" : "1",
    "pname" : "P0 RTC C B Rangoli Total Ca",
    "hsn" : "320910",
    "pack" : "4.0 LT",
    "nop" : 2,
    "qty" : 8.0,
    "rate" : 1144.1,
    "taxRt" : 18.0,
    "cgst" : 205.94,
    "sgst" : 205.94,
    "total" : 2699.0,
    "valBefTax" : 2288.2
  }, {
    "serialNo" : "2",
    "pname" : "1\" MASKING TAPE BERG Painting Tools Rolle",
    "hsn" : "391910",
    "pack" : "1.0 LTR",
    "nop" : 1,
    "qty" : 1.0,
    "rate" : 25.42,
    "taxRt" : 18.0,
    "cgst" : 2.29,
    "sgst" : 2.29,
    "total" : 30.0,
    "valBefTax" : 25.42
  }, {
    "serialNo" : "3",
    "pname" : "GLDN BROWN Luxol-7-in-1 Colours",
    "hsn" : "320890",
    "pack" : "4.0 LTR",
    "nop" : 1,
    "qty" : 4.0,
    "rate" : 1135.6,
    "taxRt" : 18.0,
    "cgst" : 102.2,
    "sgst" : 102.2,
    "total" : 1339.0,
    "valBefTax" : 1135.6
  }, {
    "serialNo" : "4",
    "pname" : "GLDN BROWN Luxol-7-in-1 Colours",
    "hsn" : "320890",
    "pack" : "1.0 LTR",
    "nop" : 4,
    "qty" : 4.0,
    "rate" : 283.9,
    "taxRt" : 18.0,
    "cgst" : 102.2,
    "sgst" : 102.2,
    "total" : 1339.0,
    "valBefTax" : 1135.6
  }, {
    "serialNo" : "5",
    "pname" : "W2 PU Base Pu Enamel",
    "hsn" : "320890",
    "pack" : "0.95 LTR",
    "nop" : 3,
    "qty" : 2.8499999999999996,
    "rate" : 292.37,
    "taxRt" : 18.0,
    "cgst" : 78.93,
    "sgst" : 78.93,
    "total" : 1034.0,
    "valBefTax" : 877.11
  }, {
    "serialNo" : "6",
    "pname" : "BLACK Luxol-7-in-1 Colours",
    "hsn" : "320890",
    "pack" : "1.0 LTR",
    "nop" : 1,
    "qty" : 1.0,
    "rate" : 288.13,
    "taxRt" : 18.0,
    "cgst" : 25.93,
    "sgst" : 25.93,
    "total" : 339.0,
    "valBefTax" : 288.13
  }, {
    "serialNo" : "7",
    "pname" : "80 NO Wet & Dry Sandpaper",
    "hsn" : "68051010",
    "pack" : "1.0 PCS",
    "nop" : 6,
    "qty" : 6.0,
    "rate" : 14.41,
    "taxRt" : 18.0,
    "cgst" : 7.8,
    "sgst" : 7.8,
    "total" : 102.0,
    "valBefTax" : 86.46
  }, {
    "serialNo" : "8",
    "pname" : "BUTTERFLY AC METAL Metal Primer Solvent",
    "hsn" : "320890",
    "pack" : "1.0 LT",
    "nop" : 1,
    "qty" : 1.0,
    "rate" : 194.91,
    "taxRt" : 18.0,
    "cgst" : 17.54,
    "sgst" : 17.54,
    "total" : 229.0,
    "valBefTax" : 194.91
  }, {
    "serialNo" : "9",
    "pname" : "R BLUE Robin Blue",
    "hsn" : "32064100",
    "pack" : "0.05 KG",
    "nop" : 1,
    "qty" : 0.05,
    "rate" : 23.73,
    "taxRt" : 18.0,
    "cgst" : 2.14,
    "sgst" : 2.14,
    "total" : 28.0,
    "valBefTax" : 23.73
  } ],
  "totalCgst" : 544.97,
  "totalSgst" : 544.97,
  "total" : 7139.0,
  "totalvbt" : 6055.16,
  "totalNop" : 20.0,
  "totqty" : 27.9,
  "paymentMode" : "Cash",
  "phone" : null
}