{
  "invoiceNo" : "001719",
  "date" : "31/08/2022",
  "cname" : "FINAL TOUCH DECOR PVT LTD",
  "caddress" : "J204 PATULI OWNSHIP KOLKATA 700094",
  "cgstno" : "19AADCF9052D1ZN",
  "items" : [ {
    "serialNo" : "1",
    "pname" : "GP THINNER Thinners",
    "hsn" : "320810",
    "pack" : "5.0 LTR",
    "nop" : 1,
    "qty" : 5.0,
    "rate" : 550.84,
    "taxRt" : 18.0,
    "cgst" : 49.58,
    "sgst" : 49.58,
    "total" : 650.0,
    "valBefTax" : 550.84
  }, {
    "serialNo" : "2",
    "pname" : "HAPPY WALL PUTTY Putty",
    "hsn" : "321410",
    "pack" : "1.0 KG",
    "nop" : 2,
    "qty" : 2.0,
    "rate" : 72.03,
    "taxRt" : 18.0,
    "cgst" : 12.96,
    "sgst" : 12.96,
    "total" : 170.0,
    "valBefTax" : 144.06
  }, {
    "serialNo" : "3",
    "pname" : "P0 RTC C B Rangoli Total Ca",
    "hsn" : "320910",
    "pack" : "1.0 LT",
    "nop" : 2,
    "qty" : 2.0,
    "rate" : 305.08,
    "taxRt" : 18.0,
    "cgst" : 54.92,
    "sgst" : 54.92,
    "total" : 719.0,
    "valBefTax" : 610.16
  }, {
    "serialNo" : "4",
    "pname" : "P0 LUX XTRA C B Luxol Xtra Ename",
    "hsn" : "320890",
    "pack" : "0.985 LT",
    "nop" : 1,
    "qty" : 0.985,
    "rate" : 279.66,
    "taxRt" : 18.0,
    "cgst" : 25.17,
    "sgst" : 25.17,
    "total" : 330.0,
    "valBefTax" : 279.66
  }, {
    "serialNo" : "5",
    "pname" : "P0 BISON C B Bison Emulsion",
    "hsn" : "320910",
    "pack" : "4.0 LT",
    "nop" : 1,
    "qty" : 4.0,
    "rate" : 576.27,
    "taxRt" : 18.0,
    "cgst" : 51.86,
    "sgst" : 51.86,
    "total" : 679.0,
    "valBefTax" : 576.27
  }, {
    "serialNo" : "6",
    "pname" : "BLACK Luxol Pu Enamel",
    "hsn" : "320890",
    "pack" : "0.5 LTR",
    "nop" : 1,
    "qty" : 0.5,
    "rate" : 135.59,
    "taxRt" : 18.0,
    "cgst" : 12.2,
    "sgst" : 12.2,
    "total" : 159.0,
    "valBefTax" : 135.59
  }, {
    "serialNo" : "7",
    "pname" : "BLACK Luxol Pu Enamel",
    "hsn" : "320890",
    "pack" : "1.0 LTR",
    "nop" : 1,
    "qty" : 1.0,
    "rate" : 245.76,
    "taxRt" : 18.0,
    "cgst" : 22.12,
    "sgst" : 22.12,
    "total" : 290.0,
    "valBefTax" : 245.76
  } ],
  "totalCgst" : 228.81,
  "totalSgst" : 228.81,
  "total" : 2997.0,
  "totalvbt" : 2542.34,
  "totalNop" : 9.0,
  "totqty" : 15.48,
  "paymentMode" : "Cash",
  "phone" : "9836988899"
}