{
  "invoiceNo" : "001709",
  "date" : "29/08/2022",
  "cname" : "M SABHYASCHI",
  "caddress" : null,
  "cgstno" : null,
  "items" : [ {
    "serialNo" : "1",
    "pname" : "DAMPSTOP Construction Chemica",
    "hsn" : "400211",
    "pack" : "2.0 KG",
    "nop" : 1,
    "qty" : 2.0,
    "rate" : 398.3,
    "taxRt" : 18.0,
    "cgst" : 35.85,
    "sgst" : 35.85,
    "total" : 470.0,
    "valBefTax" : 398.3
  } ],
  "totalCgst" : 35.85,
  "totalSgst" : 35.85,
  "total" : 470.0,
  "totalvbt" : 398.3,
  "totalNop" : 1.0,
  "totqty" : 2.0,
  "paymentMode" : "Credit",
  "phone" : "9051721426"
}