{
  "invoiceNo" : "001748",
  "date" : "02/09/2022",
  "cname" : "KALIM ENTERPRISE",
  "caddress" : "VIL&PO GHUNI KOL 157",
  "cgstno" : null,
  "items" : [ {
    "serialNo" : "1",
    "pname" : "PASTE WALL PUTTY DUW Putty & Others",
    "hsn" : "32141000",
    "pack" : "20.0 KGS",
    "nop" : 1,
    "qty" : 20.0,
    "rate" : 1100.0,
    "taxRt" : 18.0,
    "cgst" : 99.0,
    "sgst" : 99.0,
    "total" : 1297.0,
    "valBefTax" : 1100.0
  }, {
    "serialNo" : "2",
    "pname" : "150 NO Wet & Dry Sandpaper",
    "hsn" : "680510",
    "pack" : "1.0 PCS",
    "nop" : 6,
    "qty" : 6.0,
    "rate" : 14.41,
    "taxRt" : 18.0,
    "cgst" : 7.8,
    "sgst" : 7.8,
    "total" : 102.0,
    "valBefTax" : 86.46
  }, {
    "serialNo" : "3",
    "pname" : "180 NO Wet & Dry Sandpaper",
    "hsn" : "680510",
    "pack" : "1.0 PCS",
    "nop" : 6,
    "qty" : 6.0,
    "rate" : 14.41,
    "taxRt" : 18.0,
    "cgst" : 7.8,
    "sgst" : 7.8,
    "total" : 102.0,
    "valBefTax" : 86.46
  }, {
    "serialNo" : "4",
    "pname" : "T SHIRT Xp Tools",
    "hsn" : "610910",
    "pack" : "1.0 LTR",
    "nop" : 1,
    "qty" : 1.0,
    "rate" : 238.1,
    "taxRt" : 4.0,
    "cgst" : 5.95,
    "sgst" : 5.95,
    "total" : 250.0,
    "valBefTax" : 238.1
  }, {
    "serialNo" : "5",
    "pname" : "1\" X 40 MTR MASKING Abro",
    "hsn" : "48114100",
    "pack" : "1.0 PCS",
    "nop" : 1,
    "qty" : 1.0,
    "rate" : 42.37,
    "taxRt" : 18.0,
    "cgst" : 3.81,
    "sgst" : 3.81,
    "total" : 49.0,
    "valBefTax" : 42.37
  }, {
    "serialNo" : "6",
    "pname" : "W2 LUX XTRA C B Luxol Xtra Ename",
    "hsn" : "320890",
    "pack" : "0.95 LT",
    "nop" : 1,
    "qty" : 0.95,
    "rate" : 271.18,
    "taxRt" : 18.0,
    "cgst" : 24.41,
    "sgst" : 24.41,
    "total" : 320.0,
    "valBefTax" : 271.18
  } ],
  "totalCgst" : 148.77,
  "totalSgst" : 148.77,
  "total" : 2120.0,
  "totalvbt" : 1824.57,
  "totalNop" : 16.0,
  "totqty" : 34.95,
  "paymentMode" : "Cash",
  "phone" : "9874863917"
}