{
  "invoiceNo" : "001762",
  "date" : "03/09/2022",
  "cname" : "KALIM ENTERPRISE",
  "caddress" : "VIL&PO GHUNI KOL 157",
  "cgstno" : null,
  "items" : [ {
    "serialNo" : "1",
    "pname" : "2\" ARJUN Brushes",
    "hsn" : "96034010",
    "pack" : "1.0 PCS",
    "nop" : 2,
    "qty" : 2.0,
    "rate" : 42.37,
    "taxRt" : 18.0,
    "cgst" : 7.62,
    "sgst" : 7.62,
    "total" : 100.0,
    "valBefTax" : 84.74
  } ],
  "totalCgst" : 7.62,
  "totalSgst" : 7.62,
  "total" : 100.0,
  "totalvbt" : 84.74,
  "totalNop" : 2.0,
  "totqty" : 2.0,
  "paymentMode" : "Cash",
  "phone" : "9874863917"
}