{
  "invoiceNo" : "001758",
  "date" : "02/09/2022",
  "cname" : "M SABHYASCHI",
  "caddress" : null,
  "cgstno" : null,
  "items" : [ {
    "serialNo" : "1",
    "pname" : "SEAL O PRIME Xp Hs Seal O Prime",
    "hsn" : "320910",
    "pack" : "20.0 LT",
    "nop" : 1,
    "qty" : 20.0,
    "rate" : 3050.8,
    "taxRt" : 18.0,
    "cgst" : 274.57,
    "sgst" : 274.57,
    "total" : 3599.0,
    "valBefTax" : 3050.8
  }, {
    "serialNo" : "2",
    "pname" : "HAPPY WALL PUTTY Putty",
    "hsn" : "321410",
    "pack" : "1.0 KG",
    "nop" : 1,
    "qty" : 1.0,
    "rate" : 72.03,
    "taxRt" : 18.0,
    "cgst" : 6.48,
    "sgst" : 6.48,
    "total" : 84.0,
    "valBefTax" : 72.03
  }, {
    "serialNo" : "3",
    "pname" : "STYLE 4\" Brushes",
    "hsn" : "96034010",
    "pack" : "1.0 CS",
    "nop" : 2,
    "qty" : 2.0,
    "rate" : 275.42,
    "taxRt" : 18.0,
    "cgst" : 49.58,
    "sgst" : 49.58,
    "total" : 650.0,
    "valBefTax" : 550.84
  }, {
    "serialNo" : "4",
    "pname" : "150 NO Wet & Dry Sandpaper",
    "hsn" : "680510",
    "pack" : "1.0 PCS",
    "nop" : 5,
    "qty" : 5.0,
    "rate" : 14.41,
    "taxRt" : 18.0,
    "cgst" : 6.5,
    "sgst" : 6.5,
    "total" : 84.0,
    "valBefTax" : 72.05
  }, {
    "serialNo" : "5",
    "pname" : "1\" X 40 MTR MASKING Abro",
    "hsn" : "48114100",
    "pack" : "1.0 PCS",
    "nop" : 2,
    "qty" : 2.0,
    "rate" : 42.37,
    "taxRt" : 18.0,
    "cgst" : 7.62,
    "sgst" : 7.62,
    "total" : 100.0,
    "valBefTax" : 84.74
  } ],
  "totalCgst" : 344.75,
  "totalSgst" : 344.75,
  "total" : 4517.0,
  "totalvbt" : 3830.46,
  "totalNop" : 11.0,
  "totqty" : 30.0,
  "paymentMode" : "Credit",
  "phone" : "9051721426"
}