{
  "invoiceNo" : "001714",
  "date" : "30/08/2022",
  "cname" : "CASH A/C",
  "caddress" : null,
  "cgstno" : null,
  "items" : [ {
    "serialNo" : "1",
    "pname" : "F YLW Unitint",
    "hsn" : "32139000",
    "pack" : "0.1 LTR",
    "nop" : 1,
    "qty" : 0.1,
    "rate" : 37.29,
    "taxRt" : 18.0,
    "cgst" : 3.36,
    "sgst" : 3.36,
    "total" : 44.0,
    "valBefTax" : 37.29
  }, {
    "serialNo" : "2",
    "pname" : "Y OXIDE Unitint",
    "hsn" : "32139000",
    "pack" : "0.1 LTR",
    "nop" : 1,
    "qty" : 0.1,
    "rate" : 46.61,
    "taxRt" : 18.0,
    "cgst" : 4.19,
    "sgst" : 4.19,
    "total" : 54.0,
    "valBefTax" : 46.61
  }, {
    "serialNo" : "3",
    "pname" : "80 NO Wet & Dry Sandpaper",
    "hsn" : "68051010",
    "pack" : "1.0 PCS",
    "nop" : 4,
    "qty" : 4.0,
    "rate" : 14.41,
    "taxRt" : 18.0,
    "cgst" : 5.2,
    "sgst" : 5.2,
    "total" : 68.0,
    "valBefTax" : 57.64
  }, {
    "serialNo" : "4",
    "pname" : "BASECOAT DAMP PROTEC Aqua Tech Waterproof",
    "hsn" : "32091010",
    "pack" : "20.0 LTR",
    "nop" : 1,
    "qty" : 20.0,
    "rate" : 2824.6,
    "taxRt" : 18.0,
    "cgst" : 254.21,
    "sgst" : 254.21,
    "total" : 3332.0,
    "valBefTax" : 2824.6
  } ],
  "totalCgst" : 266.96,
  "totalSgst" : 266.96,
  "total" : 3498.0,
  "totalvbt" : 2966.14,
  "totalNop" : 7.0,
  "totqty" : 24.2,
  "paymentMode" : "Cash",
  "phone" : null
}