{
  "invoiceNo" : "001735",
  "date" : "01/09/2022",
  "cname" : "RAJSHREE ENGINEERING WORKS",
  "caddress" : "F/C 9 JYANGRA VIDYASAGAR PALLY KOLKATA 59",
  "cgstno" : "19AAIPF9238P1ZY",
  "items" : [ {
    "serialNo" : "1",
    "pname" : "BUTTERFLY AC METAL Metal Primer Solvent",
    "hsn" : "320890",
    "pack" : "4.0 LT",
    "nop" : 1,
    "qty" : 4.0,
    "rate" : 703.38,
    "taxRt" : 18.0,
    "cgst" : 63.3,
    "sgst" : 63.3,
    "total" : 829.0,
    "valBefTax" : 703.38
  }, {
    "serialNo" : "2",
    "pname" : "ALUMINIUM PAINT Aluminium Paint",
    "hsn" : "32129010",
    "pack" : "0.2 LTR",
    "nop" : 1,
    "qty" : 0.2,
    "rate" : 93.22,
    "taxRt" : 18.0,
    "cgst" : 8.39,
    "sgst" : 8.39,
    "total" : 110.0,
    "valBefTax" : 93.22
  }, {
    "serialNo" : "3",
    "pname" : "1\" MASKING TAPE LION Masking Tape",
    "hsn" : "48114100",
    "pack" : "1.0 PCS",
    "nop" : 1,
    "qty" : 1.0,
    "rate" : 29.66,
    "taxRt" : 18.0,
    "cgst" : 2.67,
    "sgst" : 2.67,
    "total" : 35.0,
    "valBefTax" : 29.66
  } ],
  "totalCgst" : 74.36,
  "totalSgst" : 74.36,
  "total" : 974.0,
  "totalvbt" : 826.26,
  "totalNop" : 3.0,
  "totqty" : 5.2,
  "paymentMode" : "Cash",
  "phone" : "9830460921"
}