{
  "invoiceNo" : "001718",
  "date" : "31/08/2022",
  "cname" : "CASH A/C",
  "caddress" : null,
  "cgstno" : null,
  "items" : [ {
    "serialNo" : "1",
    "pname" : "WATERPROOF PUTTY Construction Chemica",
    "hsn" : "321410",
    "pack" : "40.0 KGS",
    "nop" : 1,
    "qty" : 40.0,
    "rate" : 1542.4,
    "taxRt" : 18.0,
    "cgst" : 138.81,
    "sgst" : 138.81,
    "total" : 1819.0,
    "valBefTax" : 1542.4
  }, {
    "serialNo" : "2",
    "pname" : "100 NO Wet & Dry Sandpaper",
    "hsn" : "680510",
    "pack" : "1.0 PCS",
    "nop" : 6,
    "qty" : 6.0,
    "rate" : 14.41,
    "taxRt" : 18.0,
    "cgst" : 7.8,
    "sgst" : 7.8,
    "total" : 102.0,
    "valBefTax" : 86.46
  }, {
    "serialNo" : "3",
    "pname" : "BASE COAT Silk B E Base Coat",
    "hsn" : "320910",
    "pack" : "20.0 LTR",
    "nop" : 1,
    "qty" : 20.0,
    "rate" : 3177.9,
    "taxRt" : 18.0,
    "cgst" : 286.01,
    "sgst" : 286.01,
    "total" : 3749.0,
    "valBefTax" : 3177.9
  }, {
    "serialNo" : "4",
    "pname" : "GLDN BROWN Luxol High Gloss Ena",
    "hsn" : "320890",
    "pack" : "1.0 LT",
    "nop" : 2,
    "qty" : 2.0,
    "rate" : 245.76,
    "taxRt" : 18.0,
    "cgst" : 44.24,
    "sgst" : 44.24,
    "total" : 580.0,
    "valBefTax" : 491.52
  } ],
  "totalCgst" : 476.86,
  "totalSgst" : 476.86,
  "total" : 6250.0,
  "totalvbt" : 5298.28,
  "totalNop" : 10.0,
  "totqty" : 68.0,
  "paymentMode" : "Cash",
  "phone" : null
}