{
  "invoiceNo" : "001738",
  "date" : "01/09/2022",
  "cname" : "CASH A/C",
  "caddress" : null,
  "cgstno" : null,
  "items" : [ {
    "serialNo" : "1",
    "pname" : "N2 WCS C B Weathercoat Smoo",
    "hsn" : "320910",
    "pack" : "0.9 LTR",
    "nop" : 1,
    "qty" : 0.9,
    "rate" : 334.74,
    "taxRt" : 18.0,
    "cgst" : 30.13,
    "sgst" : 30.13,
    "total" : 395.0,
    "valBefTax" : 334.74
  }, {
    "serialNo" : "2",
    "pname" : "GLDN BROWN Luxol High Gloss Ena",
    "hsn" : "320890",
    "pack" : "1.0 LT",
    "nop" : 1,
    "qty" : 1.0,
    "rate" : 0.85,
    "taxRt" : 18.0,
    "cgst" : 0.08,
    "sgst" : 0.08,
    "total" : 1.0,
    "valBefTax" : 0.85
  } ],
  "totalCgst" : 30.21,
  "totalSgst" : 30.21,
  "total" : 396.0,
  "totalvbt" : 335.59,
  "totalNop" : 2.0,
  "totqty" : 1.9,
  "paymentMode" : "Cash",
  "phone" : null
}