{
  "invoiceNo" : "001702",
  "date" : "28/08/2022",
  "cname" : "KALIM ENTERPRISE",
  "caddress" : "VIL&PO GHUNI KOL 157",
  "cgstno" : null,
  "items" : [ {
    "serialNo" : "1",
    "pname" : "W1 EC C B Easy Clean Luxur",
    "hsn" : "320910",
    "pack" : "0.9 LT",
    "nop" : 1,
    "qty" : 0.9,
    "rate" : 395.76,
    "taxRt" : 18.0,
    "cgst" : 35.62,
    "sgst" : 35.62,
    "total" : 467.0,
    "valBefTax" : 395.76
  }, {
    "serialNo" : "2",
    "pname" : "P0 EC C B Easy Clean Luxur",
    "hsn" : "320910",
    "pack" : "1.0 LT",
    "nop" : 2,
    "qty" : 2.0,
    "rate" : 393.22,
    "taxRt" : 18.0,
    "cgst" : 70.78,
    "sgst" : 70.78,
    "total" : 927.0,
    "valBefTax" : 786.44
  }, {
    "serialNo" : "3",
    "pname" : "P0 EC C B Easy Clean Luxur",
    "hsn" : "320910",
    "pack" : "1.0 LT",
    "nop" : 1,
    "qty" : 1.0,
    "rate" : 399.15,
    "taxRt" : 18.0,
    "cgst" : 35.92,
    "sgst" : 35.92,
    "total" : 470.0,
    "valBefTax" : 399.15
  }, {
    "serialNo" : "4",
    "pname" : "P0 EC C B Easy Clean Luxur",
    "hsn" : "320910",
    "pack" : "1.0 LT",
    "nop" : 2,
    "qty" : 2.0,
    "rate" : 391.52,
    "taxRt" : 18.0,
    "cgst" : 70.48,
    "sgst" : 70.48,
    "total" : 923.0,
    "valBefTax" : 783.04
  }, {
    "serialNo" : "5",
    "pname" : "W1 GLMR C B Xp Silk Glamour",
    "hsn" : "320910",
    "pack" : "0.9 LTR",
    "nop" : 1,
    "qty" : 0.9,
    "rate" : 390.67,
    "taxRt" : 18.0,
    "cgst" : 35.16,
    "sgst" : 35.16,
    "total" : 460.0,
    "valBefTax" : 390.67
  }, {
    "serialNo" : "6",
    "pname" : "P0 GLMR C B Xp Silk Glamour",
    "hsn" : "320910",
    "pack" : "1.0 LT",
    "nop" : 2,
    "qty" : 2.0,
    "rate" : 394.91,
    "taxRt" : 18.0,
    "cgst" : 71.08,
    "sgst" : 71.08,
    "total" : 931.0,
    "valBefTax" : 789.82
  }, {
    "serialNo" : "7",
    "pname" : "W1 WCS C B Weathercoat Smoo",
    "hsn" : "320910",
    "pack" : "0.9 LTR",
    "nop" : 2,
    "qty" : 1.8,
    "rate" : 323.73,
    "taxRt" : 18.0,
    "cgst" : 58.28,
    "sgst" : 58.28,
    "total" : 763.0,
    "valBefTax" : 647.46
  }, {
    "serialNo" : "8",
    "pname" : "W1 EC C B Easy Clean Luxur",
    "hsn" : "320910",
    "pack" : "0.9 LT",
    "nop" : 1,
    "qty" : 0.9,
    "rate" : 392.37,
    "taxRt" : 18.0,
    "cgst" : 35.31,
    "sgst" : 35.31,
    "total" : 462.0,
    "valBefTax" : 392.37
  } ],
  "totalCgst" : 412.63,
  "totalSgst" : 412.63,
  "total" : 5403.0,
  "totalvbt" : 4584.71,
  "totalNop" : 12.0,
  "totqty" : 11.5,
  "paymentMode" : "Credit",
  "phone" : "9874863917"
}