{
  "invoiceNo" : "001715",
  "date" : "30/08/2022",
  "cname" : "CASH A/C",
  "caddress" : null,
  "cgstno" : null,
  "items" : [ {
    "serialNo" : "1",
    "pname" : "120 NO Wet & Dry Sandpaper",
    "hsn" : "680510",
    "pack" : "1.0 PCS",
    "nop" : 10,
    "qty" : 10.0,
    "rate" : 14.41,
    "taxRt" : 18.0,
    "cgst" : 13.0,
    "sgst" : 13.0,
    "total" : 170.0,
    "valBefTax" : 144.1
  }, {
    "serialNo" : "2",
    "pname" : "PRO HAPPY WALL PUTTY Putty Pro",
    "hsn" : "321410",
    "pack" : "20.0 LTR",
    "nop" : 1,
    "qty" : 20.0,
    "rate" : 1016.9,
    "taxRt" : 18.0,
    "cgst" : 91.52,
    "sgst" : 91.52,
    "total" : 1199.0,
    "valBefTax" : 1016.9
  }, {
    "serialNo" : "3",
    "pname" : "BISON EXT PUTTY Putty",
    "hsn" : "321410",
    "pack" : "40.0 KG",
    "nop" : 1,
    "qty" : 40.0,
    "rate" : 618.64,
    "taxRt" : 18.0,
    "cgst" : 55.68,
    "sgst" : 55.68,
    "total" : 730.0,
    "valBefTax" : 618.64
  }, {
    "serialNo" : "4",
    "pname" : "BASE COAT Silk B E Base Coat",
    "hsn" : "320910",
    "pack" : "20.0 LTR",
    "nop" : 1,
    "qty" : 20.0,
    "rate" : 3177.9,
    "taxRt" : 18.0,
    "cgst" : 286.01,
    "sgst" : 286.01,
    "total" : 3749.0,
    "valBefTax" : 3177.9
  }, {
    "serialNo" : "5",
    "pname" : "UW BE Xp Slk Breathe Easy",
    "hsn" : "320910",
    "pack" : "10.0 LTR",
    "nop" : 1,
    "qty" : 10.0,
    "rate" : 5474.5,
    "taxRt" : 18.0,
    "cgst" : 492.71,
    "sgst" : 492.71,
    "total" : 6459.0,
    "valBefTax" : 5474.5
  }, {
    "serialNo" : "6",
    "pname" : "ROLLER COMBINED 6\" Roller",
    "hsn" : "960340",
    "pack" : "1.0 LTR",
    "nop" : 3,
    "qty" : 3.0,
    "rate" : 84.75,
    "taxRt" : 18.0,
    "cgst" : 22.89,
    "sgst" : 22.89,
    "total" : 300.0,
    "valBefTax" : 254.25
  }, {
    "serialNo" : "7",
    "pname" : "BLACK Luxol-7-in-1 Colours",
    "hsn" : "320890",
    "pack" : "1.0 LTR",
    "nop" : 2,
    "qty" : 2.0,
    "rate" : 292.37,
    "taxRt" : 18.0,
    "cgst" : 52.62,
    "sgst" : 52.62,
    "total" : 690.0,
    "valBefTax" : 584.74
  } ],
  "totalCgst" : 1014.43,
  "totalSgst" : 1014.43,
  "total" : 13297.0,
  "totalvbt" : 11271.03,
  "totalNop" : 19.0,
  "totqty" : 105.0,
  "paymentMode" : "Cash",
  "phone" : null
}