{
  "invoiceNo" : "001742",
  "date" : "02/09/2022",
  "cname" : "CASH A/C",
  "caddress" : null,
  "cgstno" : null,
  "items" : [ {
    "serialNo" : "1",
    "pname" : "CHERRY Luxol High Gloss Ena",
    "hsn" : "320890",
    "pack" : "0.5 LT",
    "nop" : 1,
    "qty" : 0.5,
    "rate" : 144.07,
    "taxRt" : 18.0,
    "cgst" : 12.97,
    "sgst" : 12.97,
    "total" : 170.0,
    "valBefTax" : 144.07
  }, {
    "serialNo" : "2",
    "pname" : "F BLUE Unitint",
    "hsn" : "32139000",
    "pack" : "0.1 LTR",
    "nop" : 1,
    "qty" : 0.1,
    "rate" : 67.8,
    "taxRt" : 18.0,
    "cgst" : 6.1,
    "sgst" : 6.1,
    "total" : 80.0,
    "valBefTax" : 67.8
  }, {
    "serialNo" : "3",
    "pname" : "BPCPST Wall Primer Solvent",
    "hsn" : "320890",
    "pack" : "1.0 LT",
    "nop" : 2,
    "qty" : 2.0,
    "rate" : 194.91,
    "taxRt" : 18.0,
    "cgst" : 35.08,
    "sgst" : 35.08,
    "total" : 459.0,
    "valBefTax" : 389.82
  }, {
    "serialNo" : "4",
    "pname" : "120 NO Wet & Dry Sandpaper",
    "hsn" : "680510",
    "pack" : "1.0 PCS",
    "nop" : 2,
    "qty" : 2.0,
    "rate" : 14.41,
    "taxRt" : 18.0,
    "cgst" : 2.6,
    "sgst" : 2.6,
    "total" : 33.0,
    "valBefTax" : 28.82
  }, {
    "serialNo" : "5",
    "pname" : "WHITE CEMENT White Cement",
    "hsn" : "25232100",
    "pack" : "1.0 KGS",
    "nop" : 1,
    "qty" : 1.0,
    "rate" : 27.34,
    "taxRt" : 28.0,
    "cgst" : 3.83,
    "sgst" : 3.83,
    "total" : 35.0,
    "valBefTax" : 27.34
  }, {
    "serialNo" : "6",
    "pname" : "W2 LUX XTRA C B Luxol Xtra Ename",
    "hsn" : "320890",
    "pack" : "0.95 LT",
    "nop" : 2,
    "qty" : 1.9,
    "rate" : 275.42,
    "taxRt" : 18.0,
    "cgst" : 49.58,
    "sgst" : 49.58,
    "total" : 650.0,
    "valBefTax" : 550.84
  } ],
  "totalCgst" : 110.16,
  "totalSgst" : 110.16,
  "total" : 1427.0,
  "totalvbt" : 1208.69,
  "totalNop" : 9.0,
  "totqty" : 7.5,
  "paymentMode" : "Cash",
  "phone" : null
}