{
  "invoiceNo" : "001703",
  "date" : "28/08/2022",
  "cname" : "KALIM ENTERPRISE",
  "caddress" : "VIL&PO GHUNI KOL 157",
  "cgstno" : null,
  "items" : [ {
    "serialNo" : "1",
    "pname" : "P0 RTC C B Rangoli Total Ca",
    "hsn" : "320910",
    "pack" : "1.0 LT",
    "nop" : 2,
    "qty" : 2.0,
    "rate" : 292.37,
    "taxRt" : 18.0,
    "cgst" : 52.62,
    "sgst" : 52.62,
    "total" : 690.0,
    "valBefTax" : 584.74
  }, {
    "serialNo" : "2",
    "pname" : "R BLUE Robin Blue",
    "hsn" : "32064100",
    "pack" : "0.05 KG",
    "nop" : 1,
    "qty" : 0.05,
    "rate" : 23.73,
    "taxRt" : 18.0,
    "cgst" : 2.14,
    "sgst" : 2.14,
    "total" : 28.0,
    "valBefTax" : 23.73
  } ],
  "totalCgst" : 54.76,
  "totalSgst" : 54.76,
  "total" : 718.0,
  "totalvbt" : 608.47,
  "totalNop" : 3.0,
  "totqty" : 2.05,
  "paymentMode" : "Cash",
  "phone" : "9874863917"
}