{
  "invoiceNo" : "001755",
  "date" : "02/09/2022",
  "cname" : "CASH A/C",
  "caddress" : null,
  "cgstno" : null,
  "items" : [ {
    "serialNo" : "1",
    "pname" : "3\" ARJUN Brushes",
    "hsn" : "96034010",
    "pack" : "1.0 PCS",
    "nop" : 1,
    "qty" : 1.0,
    "rate" : 76.27,
    "taxRt" : 18.0,
    "cgst" : 6.86,
    "sgst" : 6.86,
    "total" : 89.0,
    "valBefTax" : 76.27
  }, {
    "serialNo" : "2",
    "pname" : "WOODKEEPER 1K PU INT Woodkeeper 1k Pu Sin",
    "hsn" : "320890",
    "pack" : "0.2 LTR",
    "nop" : 1,
    "qty" : 0.2,
    "rate" : 84.75,
    "taxRt" : 18.0,
    "cgst" : 7.63,
    "sgst" : 7.63,
    "total" : 100.0,
    "valBefTax" : 84.75
  } ],
  "totalCgst" : 14.49,
  "totalSgst" : 14.49,
  "total" : 189.0,
  "totalvbt" : 161.02,
  "totalNop" : 2.0,
  "totqty" : 1.2,
  "paymentMode" : "Cash",
  "phone" : null
}