{
  "invoiceNo" : "001723",
  "date" : "31/08/2022",
  "cname" : "CASH A/C",
  "caddress" : null,
  "cgstno" : null,
  "items" : [ {
    "serialNo" : "1",
    "pname" : "SIGNAL RED Walmasta Anti Fungal",
    "hsn" : "320910",
    "pack" : "1.0 LTR",
    "nop" : 1,
    "qty" : 1.0,
    "rate" : 224.57,
    "taxRt" : 18.0,
    "cgst" : 20.21,
    "sgst" : 20.21,
    "total" : 264.0,
    "valBefTax" : 224.57
  }, {
    "serialNo" : "2",
    "pname" : "F RED NEW Luxol Universal Stai",
    "hsn" : "321390",
    "pack" : "0.1 LTR",
    "nop" : 1,
    "qty" : 0.1,
    "rate" : 80.51,
    "taxRt" : 18.0,
    "cgst" : 7.25,
    "sgst" : 7.25,
    "total" : 95.0,
    "valBefTax" : 80.51
  }, {
    "serialNo" : "3",
    "pname" : "WT C B Machine Colouran",
    "hsn" : "321390",
    "pack" : "1.0 LTR",
    "nop" : 1,
    "qty" : 1.0,
    "rate" : 0.85,
    "taxRt" : 18.0,
    "cgst" : 0.08,
    "sgst" : 0.08,
    "total" : 1.0,
    "valBefTax" : 0.85
  }, {
    "serialNo" : "4",
    "pname" : "PHIROZA BLUE GPE Gloss Premium Enamel",
    "hsn" : "32081010",
    "pack" : "1.0 LTR",
    "nop" : 1,
    "qty" : 1.0,
    "rate" : 237.29,
    "taxRt" : 18.0,
    "cgst" : 21.36,
    "sgst" : 21.36,
    "total" : 280.0,
    "valBefTax" : 237.29
  }, {
    "serialNo" : "5",
    "pname" : "P0 EC C B Easy Clean Luxur",
    "hsn" : "320910",
    "pack" : "1.0 LT",
    "nop" : 1,
    "qty" : 1.0,
    "rate" : 377.12,
    "taxRt" : 18.0,
    "cgst" : 33.94,
    "sgst" : 33.94,
    "total" : 445.0,
    "valBefTax" : 377.12
  }, {
    "serialNo" : "6",
    "pname" : "150 NO Wet & Dry Sandpaper",
    "hsn" : "680510",
    "pack" : "1.0 PCS",
    "nop" : 10,
    "qty" : 10.0,
    "rate" : 14.41,
    "taxRt" : 18.0,
    "cgst" : 13.0,
    "sgst" : 13.0,
    "total" : 170.0,
    "valBefTax" : 144.1
  }, {
    "serialNo" : "7",
    "pname" : "PARROT WOOD PRIMER Wood  Primer Solvent",
    "hsn" : "320890",
    "pack" : "4.0 LT",
    "nop" : 1,
    "qty" : 4.0,
    "rate" : 771.18,
    "taxRt" : 18.0,
    "cgst" : 69.41,
    "sgst" : 69.41,
    "total" : 910.0,
    "valBefTax" : 771.18
  }, {
    "serialNo" : "8",
    "pname" : "2\" ARJUN Brushes",
    "hsn" : "96034010",
    "pack" : "1.0 PCS",
    "nop" : 1,
    "qty" : 1.0,
    "rate" : 42.37,
    "taxRt" : 18.0,
    "cgst" : 3.81,
    "sgst" : 3.81,
    "total" : 49.0,
    "valBefTax" : 42.37
  }, {
    "serialNo" : "9",
    "pname" : "GP THINNER Thinners",
    "hsn" : "320810",
    "pack" : "1.0 LTR",
    "nop" : 2,
    "qty" : 2.0,
    "rate" : 110.17,
    "taxRt" : 18.0,
    "cgst" : 19.84,
    "sgst" : 19.84,
    "total" : 260.0,
    "valBefTax" : 220.34
  }, {
    "serialNo" : "10",
    "pname" : "1\" MASKING TAPE BERG Painting Tools Rolle",
    "hsn" : "391910",
    "pack" : "1.0 LTR",
    "nop" : 6,
    "qty" : 6.0,
    "rate" : 19.07,
    "taxRt" : 18.0,
    "cgst" : 10.32,
    "sgst" : 10.32,
    "total" : 135.0,
    "valBefTax" : 114.42
  } ],
  "totalCgst" : 199.22,
  "totalSgst" : 199.22,
  "total" : 2609.0,
  "totalvbt" : 2212.75,
  "totalNop" : 25.0,
  "totqty" : 27.1,
  "paymentMode" : "Cash",
  "phone" : null
}