{
  "invoiceNo" : "001759",
  "date" : "03/09/2022",
  "cname" : "CASH A/C",
  "caddress" : null,
  "cgstno" : null,
  "items" : [ {
    "serialNo" : "1",
    "pname" : "6\" SLEEVE Roller",
    "hsn" : "960310",
    "pack" : "1.0 LTR",
    "nop" : 2,
    "qty" : 2.0,
    "rate" : 50.85,
    "taxRt" : 18.0,
    "cgst" : 9.16,
    "sgst" : 9.16,
    "total" : 119.0,
    "valBefTax" : 101.7
  }, {
    "serialNo" : "2",
    "pname" : "BR GREEN Unitint",
    "hsn" : "321390",
    "pack" : "0.1 LTR",
    "nop" : 1,
    "qty" : 0.1,
    "rate" : 59.32,
    "taxRt" : 18.0,
    "cgst" : 5.34,
    "sgst" : 5.34,
    "total" : 70.0,
    "valBefTax" : 59.32
  }, {
    "serialNo" : "3",
    "pname" : "GP THINNER Thinners",
    "hsn" : "320810",
    "pack" : "1.0 LTR",
    "nop" : 1,
    "qty" : 1.0,
    "rate" : 110.17,
    "taxRt" : 18.0,
    "cgst" : 9.92,
    "sgst" : 9.92,
    "total" : 130.0,
    "valBefTax" : 110.17
  }, {
    "serialNo" : "4",
    "pname" : "120 NO Wet & Dry Sandpaper",
    "hsn" : "680510",
    "pack" : "1.0 PCS",
    "nop" : 3,
    "qty" : 3.0,
    "rate" : 14.41,
    "taxRt" : 18.0,
    "cgst" : 3.9,
    "sgst" : 3.9,
    "total" : 51.0,
    "valBefTax" : 43.23
  }, {
    "serialNo" : "5",
    "pname" : "BPCPST Wall Primer Solvent",
    "hsn" : "320890",
    "pack" : "20.0 LT",
    "nop" : 1,
    "qty" : 20.0,
    "rate" : 3241.5,
    "taxRt" : 18.0,
    "cgst" : 291.73,
    "sgst" : 291.73,
    "total" : 3824.0,
    "valBefTax" : 3241.5
  }, {
    "serialNo" : "6",
    "pname" : "W1 WCS C B Weathercoat Smoo",
    "hsn" : "320910",
    "pack" : "0.9 LTR",
    "nop" : 1,
    "qty" : 0.9,
    "rate" : 334.74,
    "taxRt" : 18.0,
    "cgst" : 30.13,
    "sgst" : 30.13,
    "total" : 395.0,
    "valBefTax" : 334.74
  }, {
    "serialNo" : "7",
    "pname" : "P0 PU ENAMEL Base Pu Enamel",
    "hsn" : "320890",
    "pack" : "0.985 LTR",
    "nop" : 2,
    "qty" : 1.97,
    "rate" : 281.35,
    "taxRt" : 18.0,
    "cgst" : 50.64,
    "sgst" : 50.64,
    "total" : 663.0,
    "valBefTax" : 562.7
  }, {
    "serialNo" : "8",
    "pname" : "PALE CREAM Luxol High Gloss Ena",
    "hsn" : "320890",
    "pack" : "4.0 LT",
    "nop" : 1,
    "qty" : 4.0,
    "rate" : 1016.9,
    "taxRt" : 18.0,
    "cgst" : 91.52,
    "sgst" : 91.52,
    "total" : 1199.0,
    "valBefTax" : 1016.9
  }, {
    "serialNo" : "9",
    "pname" : "ARALDITE Epoxy Adhesive",
    "hsn" : "35061000",
    "pack" : "0.005 KGS",
    "nop" : 2,
    "qty" : 0.01,
    "rate" : 16.95,
    "taxRt" : 18.0,
    "cgst" : 3.06,
    "sgst" : 3.06,
    "total" : 40.0,
    "valBefTax" : 33.9
  } ],
  "totalCgst" : 495.4,
  "totalSgst" : 495.4,
  "total" : 6491.0,
  "totalvbt" : 5504.16,
  "totalNop" : 14.0,
  "totqty" : 32.98,
  "paymentMode" : "Cash",
  "phone" : null
}