{
  "invoiceNo" : "001722",
  "date" : "31/08/2022",
  "cname" : "CASH A/C",
  "caddress" : null,
  "cgstno" : null,
  "items" : [ {
    "serialNo" : "1",
    "pname" : "BP WHITE LITE Interior Wall Primer",
    "hsn" : "320910",
    "pack" : "20.0 LTR",
    "nop" : 1,
    "qty" : 20.0,
    "rate" : 1372.9,
    "taxRt" : 18.0,
    "cgst" : 123.56,
    "sgst" : 123.56,
    "total" : 1619.0,
    "valBefTax" : 1372.9
  }, {
    "serialNo" : "2",
    "pname" : "F RED NEW Luxol Universal Stai",
    "hsn" : "321390",
    "pack" : "0.1 LTR",
    "nop" : 2,
    "qty" : 0.2,
    "rate" : 76.27,
    "taxRt" : 18.0,
    "cgst" : 13.72,
    "sgst" : 13.72,
    "total" : 180.0,
    "valBefTax" : 152.54
  }, {
    "serialNo" : "3",
    "pname" : "F YLW Unitint",
    "hsn" : "32139000",
    "pack" : "0.1 LTR",
    "nop" : 1,
    "qty" : 0.1,
    "rate" : 76.27,
    "taxRt" : 18.0,
    "cgst" : 6.86,
    "sgst" : 6.86,
    "total" : 89.0,
    "valBefTax" : 76.27
  }, {
    "serialNo" : "4",
    "pname" : "F VIOLET Unitint",
    "hsn" : "32139000",
    "pack" : "0.1 LTR",
    "nop" : 1,
    "qty" : 0.1,
    "rate" : 76.27,
    "taxRt" : 18.0,
    "cgst" : 6.86,
    "sgst" : 6.86,
    "total" : 89.0,
    "valBefTax" : 76.27
  }, {
    "serialNo" : "5",
    "pname" : "PO RED LHG Luxol High Gloss Ena",
    "hsn" : "320890",
    "pack" : "1.0 LT",
    "nop" : 1,
    "qty" : 1.0,
    "rate" : 262.71,
    "taxRt" : 18.0,
    "cgst" : 23.64,
    "sgst" : 23.64,
    "total" : 309.0,
    "valBefTax" : 262.71
  }, {
    "serialNo" : "6",
    "pname" : "P0 7IN1 Luxol-7-in-1 Base",
    "hsn" : "320890",
    "pack" : "0.985 LTR",
    "nop" : 1,
    "qty" : 0.985,
    "rate" : 326.27,
    "taxRt" : 18.0,
    "cgst" : 29.36,
    "sgst" : 29.36,
    "total" : 384.0,
    "valBefTax" : 326.27
  } ],
  "totalCgst" : 204.0,
  "totalSgst" : 204.0,
  "total" : 2670.0,
  "totalvbt" : 2266.96,
  "totalNop" : 7.0,
  "totqty" : 22.39,
  "paymentMode" : "Cash",
  "phone" : null
}