{
  "invoiceNo" : "000255",
  "date" : "22/04/2022",
  "cname" : "M SABHYASCHI",
  "caddress" : null,
  "cgstno" : null,
  "items" : [ {
    "serialNo" : "1",
    "pname" : "N2 LONG LIFE Xp Wcoat Long Life",
    "hsn" : "320910",
    "pack" : "0.9 LTR",
    "nop" : 2,
    "qty" : 1.8,
    "rate" : 598.3,
    "taxRt" : 18.0,
    "cgst" : 107.7,
    "sgst" : 107.7,
    "total" : 1411.0,
    "valBefTax" : 1196.6
  }, {
    "serialNo" : "2",
    "pname" : "P0 PU ENAMEL Base Pu Enamel",
    "hsn" : "320890",
    "pack" : "3.94 LTR",
    "nop" : 1,
    "qty" : 3.94,
    "rate" : 1030.5,
    "taxRt" : 18.0,
    "cgst" : 92.74,
    "sgst" : 92.74,
    "total" : 1215.0,
    "valBefTax" : 1030.5
  } ],
  "totalCgst" : 200.44,
  "totalSgst" : 200.44,
  "total" : 2626.0,
  "totalvbt" : 2227.1,
  "totalNop" : 3.0,
  "totqty" : 5.74,
  "paymentMode" : "Credit"
}