{
  "invoiceNo" : "000057",
  "date" : "08/04/2022",
  "cname" : "M SABHYASCHI",
  "caddress" : null,
  "cgstno" : null,
  "items" : [ {
    "serialNo" : "1",
    "pname" : "100 NO Wet & Dry Sandpaper",
    "hsn" : "680510",
    "pack" : "1.0 PCS",
    "nop" : 18,
    "qty" : 18.0,
    "rate" : 14.41,
    "taxRt" : 18.0,
    "cgst" : 23.4,
    "sgst" : 23.4,
    "total" : 306.0,
    "valBefTax" : 259.38
  }, {
    "serialNo" : "2",
    "pname" : "120 NO Wet & Dry Sandpaper",
    "hsn" : "680510",
    "pack" : "1.0 PCS",
    "nop" : 6,
    "qty" : 6.0,
    "rate" : 14.41,
    "taxRt" : 18.0,
    "cgst" : 7.8,
    "sgst" : 7.8,
    "total" : 102.0,
    "valBefTax" : 86.46
  } ],
  "totalCgst" : 31.2,
  "totalSgst" : 31.2,
  "total" : 408.0,
  "totalvbt" : 345.84,
  "totalNop" : 24.0,
  "totqty" : 24.0,
  "paymentMode" : "Credit"
}