{
  "invoiceNo" : "000204",
  "date" : "19/04/2022",
  "cname" : "CASH A/C",
  "caddress" : null,
  "cgstno" : null,
  "items" : [ {
    "serialNo" : "1",
    "pname" : "P0 EC C B Easy Clean Luxur",
    "hsn" : "320910",
    "pack" : "1.0 LT",
    "nop" : 2,
    "qty" : 2.0,
    "rate" : 364.4,
    "taxRt" : 18.0,
    "cgst" : 65.6,
    "sgst" : 65.6,
    "total" : 859.0,
    "valBefTax" : 728.8
  }, {
    "serialNo" : "2",
    "pname" : "W1 EC C B Easy Clean Luxur",
    "hsn" : "320910",
    "pack" : "0.9 LT",
    "nop" : 1,
    "qty" : 0.9,
    "rate" : 387.28,
    "taxRt" : 18.0,
    "cgst" : 34.86,
    "sgst" : 34.86,
    "total" : 457.0,
    "valBefTax" : 387.28
  } ],
  "totalCgst" : 100.46,
  "totalSgst" : 100.46,
  "total" : 1316.0,
  "totalvbt" : 1116.08,
  "totalNop" : 3.0,
  "totqty" : 2.9,
  "paymentMode" : "Cash"
}