{
  "invoiceNo" : "000341",
  "date" : "29/04/2022",
  "cname" : "M SABHYASCHI",
  "caddress" : null,
  "cgstno" : null,
  "items" : [ {
    "serialNo" : "1",
    "pname" : "R BLUE Robin Blue",
    "hsn" : "32064100",
    "pack" : "0.05 KG",
    "nop" : 1,
    "qty" : 0.05,
    "rate" : 22.03,
    "taxRt" : 18.0,
    "cgst" : 1.98,
    "sgst" : 1.98,
    "total" : 25.0,
    "valBefTax" : 22.03
  }, {
    "serialNo" : "2",
    "pname" : "P0 SLK C B Silk Luxury Emul",
    "hsn" : "320910",
    "pack" : "1.0 LT",
    "nop" : 1,
    "qty" : 1.0,
    "rate" : 522.88,
    "taxRt" : 18.0,
    "cgst" : 47.06,
    "sgst" : 47.06,
    "total" : 617.0,
    "valBefTax" : 522.88
  }, {
    "serialNo" : "3",
    "pname" : "NON METALIC illusion Designer Fi",
    "hsn" : "320910",
    "pack" : "1.0 LTR",
    "nop" : 2,
    "qty" : 2.0,
    "rate" : 648.3,
    "taxRt" : 18.0,
    "cgst" : 116.7,
    "sgst" : 116.7,
    "total" : 1529.0,
    "valBefTax" : 1296.6
  } ],
  "totalCgst" : 165.74,
  "totalSgst" : 165.74,
  "total" : 2171.0,
  "totalvbt" : 1841.51,
  "totalNop" : 4.0,
  "totqty" : 3.05,
  "paymentMode" : "Credit"
}