{
  "invoiceNo" : "000395",
  "date" : "05/05/2022",
  "cname" : "SRIKANTA BRAMHA",
  "caddress" : "JAGATPUR",
  "cgstno" : null,
  "items" : [ {
    "serialNo" : "1",
    "pname" : "N2 WCS C B Weathercoat Smoo",
    "hsn" : "320910",
    "pack" : "0.9 LTR",
    "nop" : 1,
    "qty" : 0.9,
    "rate" : 311.86,
    "taxRt" : 18.0,
    "cgst" : 28.07,
    "sgst" : 28.07,
    "total" : 368.0,
    "valBefTax" : 311.86
  } ],
  "totalCgst" : 28.07,
  "totalSgst" : 28.07,
  "total" : 368.0,
  "totalvbt" : 311.86,
  "totalNop" : 1.0,
  "totqty" : 0.9,
  "paymentMode" : "Credit"
}