{
  "invoiceNo" : "000183",
  "date" : "18/04/2022",
  "cname" : "NATH DECORATORS & CATERER",
  "caddress" : "JHEEL BAGAN HATIARA",
  "cgstno" : null,
  "items" : [ {
    "serialNo" : "1",
    "pname" : "BASE COAT Silk B E Base Coat",
    "hsn" : "320910",
    "pack" : "4.0 LTR",
    "nop" : 1,
    "qty" : 4.0,
    "rate" : 788.13,
    "taxRt" : 18.0,
    "cgst" : 70.93,
    "sgst" : 70.93,
    "total" : 929.0,
    "valBefTax" : 788.13
  }, {
    "serialNo" : "2",
    "pname" : "P0 EC C B Easy Clean Luxur",
    "hsn" : "320910",
    "pack" : "10.0 LT",
    "nop" : 2,
    "qty" : 20.0,
    "rate" : 3703.4,
    "taxRt" : 18.0,
    "cgst" : 666.6,
    "sgst" : 666.6,
    "total" : 8739.0,
    "valBefTax" : 7406.8
  } ],
  "totalCgst" : 737.53,
  "totalSgst" : 737.53,
  "total" : 9668.0,
  "totalvbt" : 8194.93,
  "totalNop" : 3.0,
  "totqty" : 24.0,
  "paymentMode" : "Cash"
}