{
  "invoiceNo" : "000172",
  "date" : "18/04/2022",
  "cname" : "SHIB NATH SAHA",
  "caddress" : "F/J-9 JYANGRA BURTALLA KOL 59 , MATRI BHANDER",
  "cgstno" : null,
  "items" : [ {
    "serialNo" : "1",
    "pname" : "PRO P1 WLL 7 W L L 7 Professional",
    "hsn" : "32091010",
    "pack" : "18.0 LTR",
    "nop" : 4,
    "qty" : 72.0,
    "rate" : 7944.8,
    "taxRt" : 18.0,
    "cgst" : 2860.16,
    "sgst" : 2860.16,
    "total" : 37499.0,
    "valBefTax" : 31779.2
  }, {
    "serialNo" : "2",
    "pname" : "PRO WCOAT EXT PRIMER Wt Primer Pro",
    "hsn" : "320910",
    "pack" : "20.0 LTR",
    "nop" : 3,
    "qty" : 60.0,
    "rate" : 2415.2,
    "taxRt" : 18.0,
    "cgst" : 652.11,
    "sgst" : 652.11,
    "total" : 8549.0,
    "valBefTax" : 7245.6
  }, {
    "serialNo" : "3",
    "pname" : "PRO ROYAL IVORY Pro Luxol Hi Gloss",
    "hsn" : "320890",
    "pack" : "4.0 LTR",
    "nop" : 2,
    "qty" : 8.0,
    "rate" : 932.2,
    "taxRt" : 18.0,
    "cgst" : 167.8,
    "sgst" : 167.8,
    "total" : 2199.0,
    "valBefTax" : 1864.4
  }, {
    "serialNo" : "4",
    "pname" : "PRO SKY BLUE Pro Luxol Hi Gloss",
    "hsn" : "320890",
    "pack" : "4.0 LTR",
    "nop" : 2,
    "qty" : 8.0,
    "rate" : 855.92,
    "taxRt" : 18.0,
    "cgst" : 154.06,
    "sgst" : 154.06,
    "total" : 2019.0,
    "valBefTax" : 1711.84
  }, {
    "serialNo" : "5",
    "pname" : "PRO LEAF BROWN Pro Luxol Hi Gloss",
    "hsn" : "320890",
    "pack" : "4.0 LTR",
    "nop" : 1,
    "qty" : 4.0,
    "rate" : 855.92,
    "taxRt" : 18.0,
    "cgst" : 77.03,
    "sgst" : 77.03,
    "total" : 1009.0,
    "valBefTax" : 855.92
  }, {
    "serialNo" : "6",
    "pname" : "100 Mk Eco Wet Paper",
    "hsn" : "68052090",
    "pack" : "1.0 PCS",
    "nop" : 24,
    "qty" : 24.0,
    "rate" : 14.41,
    "taxRt" : 18.0,
    "cgst" : 31.2,
    "sgst" : 31.2,
    "total" : 408.0,
    "valBefTax" : 345.84
  }, {
    "serialNo" : "7",
    "pname" : "4\" SMART Brushes",
    "hsn" : "96034010",
    "pack" : "1.0 PCS",
    "nop" : 2,
    "qty" : 2.0,
    "rate" : 296.61,
    "taxRt" : 18.0,
    "cgst" : 53.38,
    "sgst" : 53.38,
    "total" : 700.0,
    "valBefTax" : 593.22
  }, {
    "serialNo" : "8",
    "pname" : "BUTTERFLY AC METAL Metal Primer Solvent",
    "hsn" : "320890",
    "pack" : "1.0 LT",
    "nop" : 1,
    "qty" : 1.0,
    "rate" : 177.96,
    "taxRt" : 18.0,
    "cgst" : 16.02,
    "sgst" : 16.02,
    "total" : 210.0,
    "valBefTax" : 177.96
  } ],
  "totalCgst" : 4011.76,
  "totalSgst" : 4011.76,
  "total" : 52593.0,
  "totalvbt" : 44573.98,
  "totalNop" : 39.0,
  "totqty" : 179.0,
  "paymentMode" : "Credit"
}