{
  "invoiceNo" : "000228",
  "date" : "21/04/2022",
  "cname" : "CASH A/C",
  "caddress" : null,
  "cgstno" : null,
  "items" : [ {
    "serialNo" : "1",
    "pname" : "SKY BLUE 7 IN 1 Luxol-7-in-1 Colours",
    "hsn" : "320890",
    "pack" : "1.0 LTR",
    "nop" : 2,
    "qty" : 2.0,
    "rate" : 279.66,
    "taxRt" : 18.0,
    "cgst" : 50.34,
    "sgst" : 50.34,
    "total" : 660.0,
    "valBefTax" : 559.32
  }, {
    "serialNo" : "2",
    "pname" : "60 NO 4\"X9\" Handy Sheet",
    "hsn" : "68051010",
    "pack" : "1.0 PCS",
    "nop" : 2,
    "qty" : 2.0,
    "rate" : 8.47,
    "taxRt" : 18.0,
    "cgst" : 1.52,
    "sgst" : 1.52,
    "total" : 20.0,
    "valBefTax" : 16.94
  } ],
  "totalCgst" : 51.86,
  "totalSgst" : 51.86,
  "total" : 680.0,
  "totalvbt" : 576.26,
  "totalNop" : 4.0,
  "totqty" : 4.0,
  "paymentMode" : "Cash"
}