{
  "invoiceNo" : "000206",
  "date" : "19/04/2022",
  "cname" : "CASH A/C",
  "caddress" : null,
  "cgstno" : null,
  "items" : [ {
    "serialNo" : "1",
    "pname" : "WHT ACRYLIC DISTEMPE Duwel Acrylic Distem",
    "hsn" : "32099090",
    "pack" : "20.0 KG",
    "nop" : 2,
    "qty" : 40.0,
    "rate" : 999.99,
    "taxRt" : 18.0,
    "cgst" : 180.0,
    "sgst" : 180.0,
    "total" : 2359.0,
    "valBefTax" : 1999.98
  }, {
    "serialNo" : "2",
    "pname" : "F YLW Unitint",
    "hsn" : "32139000",
    "pack" : "0.2 LTR",
    "nop" : 2,
    "qty" : 0.4,
    "rate" : 118.64,
    "taxRt" : 18.0,
    "cgst" : 21.36,
    "sgst" : 21.36,
    "total" : 280.0,
    "valBefTax" : 237.28
  }, {
    "serialNo" : "3",
    "pname" : "F YLW Unitint",
    "hsn" : "32139000",
    "pack" : "0.1 LTR",
    "nop" : 2,
    "qty" : 0.2,
    "rate" : 59.32,
    "taxRt" : 18.0,
    "cgst" : 10.68,
    "sgst" : 10.68,
    "total" : 140.0,
    "valBefTax" : 118.64
  }, {
    "serialNo" : "4",
    "pname" : "F RED NEW Luxol Universal Stai",
    "hsn" : "321390",
    "pack" : "0.1 LTR",
    "nop" : 8,
    "qty" : 0.8,
    "rate" : 67.8,
    "taxRt" : 18.0,
    "cgst" : 48.8,
    "sgst" : 48.8,
    "total" : 639.0,
    "valBefTax" : 542.4
  }, {
    "serialNo" : "5",
    "pname" : "B SIENNA NU Luxol Universal Stai",
    "hsn" : "321390",
    "pack" : "0.05 LTR",
    "nop" : 1,
    "qty" : 0.05,
    "rate" : 32.2,
    "taxRt" : 18.0,
    "cgst" : 2.9,
    "sgst" : 2.9,
    "total" : 38.0,
    "valBefTax" : 32.2
  } ],
  "totalCgst" : 263.74,
  "totalSgst" : 263.74,
  "total" : 3456.0,
  "totalvbt" : 2930.5,
  "totalNop" : 15.0,
  "totqty" : 41.45,
  "paymentMode" : "Cash"
}