{
  "invoiceNo" : "000263",
  "date" : "23/04/2022",
  "cname" : "KALIM ENTERPRISE",
  "caddress" : "VIL&PO GHUNI KOL 157",
  "cgstno" : null,
  "items" : [ {
    "serialNo" : "1",
    "pname" : "W1 GLMR C B Xp Silk Glamour",
    "hsn" : "320910",
    "pack" : "0.9 LTR",
    "nop" : 2,
    "qty" : 1.8,
    "rate" : 522.03,
    "taxRt" : 18.0,
    "cgst" : 93.96,
    "sgst" : 93.96,
    "total" : 1232.0,
    "valBefTax" : 1044.06
  }, {
    "serialNo" : "2",
    "pname" : "W1 RTC C B Rangoli Total Ca",
    "hsn" : "320910",
    "pack" : "0.9 LT",
    "nop" : 2,
    "qty" : 1.8,
    "rate" : 283.05,
    "taxRt" : 18.0,
    "cgst" : 50.94,
    "sgst" : 50.94,
    "total" : 668.0,
    "valBefTax" : 566.1
  } ],
  "totalCgst" : 144.9,
  "totalSgst" : 144.9,
  "total" : 1900.0,
  "totalvbt" : 1610.16,
  "totalNop" : 4.0,
  "totqty" : 3.6,
  "paymentMode" : "Credit"
}