{
  "invoiceNo" : "000121",
  "date" : "13/04/2022",
  "cname" : "M SABHYASCHI",
  "caddress" : null,
  "cgstno" : null,
  "items" : [ {
    "serialNo" : "1",
    "pname" : "GP THINNER Thinners",
    "hsn" : "320810",
    "pack" : "5.0 LTR",
    "nop" : 1,
    "qty" : 5.0,
    "rate" : 487.28,
    "taxRt" : 18.0,
    "cgst" : 43.86,
    "sgst" : 43.86,
    "total" : 575.0,
    "valBefTax" : 487.28
  } ],
  "totalCgst" : 43.86,
  "totalSgst" : 43.86,
  "total" : 575.0,
  "totalvbt" : 487.28,
  "totalNop" : 1.0,
  "totqty" : 5.0,
  "paymentMode" : "Cash"
}