{
  "invoiceNo" : "000268",
  "date" : "23/04/2022",
  "cname" : "CASH A/C",
  "caddress" : null,
  "cgstno" : null,
  "items" : [ {
    "serialNo" : "1",
    "pname" : "PASTE WALL PUTTY DUW Putty & Others",
    "hsn" : "32091010",
    "pack" : "1.0 KGS",
    "nop" : 3,
    "qty" : 3.0,
    "rate" : 67.8,
    "taxRt" : 18.0,
    "cgst" : 18.3,
    "sgst" : 18.3,
    "total" : 239.0,
    "valBefTax" : 203.4
  }, {
    "serialNo" : "2",
    "pname" : "220 NO Wet & Dry Sandpaper",
    "hsn" : "680510",
    "pack" : "1.0 PCS",
    "nop" : 6,
    "qty" : 6.0,
    "rate" : 13.56,
    "taxRt" : 18.0,
    "cgst" : 7.32,
    "sgst" : 7.32,
    "total" : 96.0,
    "valBefTax" : 81.36
  } ],
  "totalCgst" : 25.62,
  "totalSgst" : 25.62,
  "total" : 335.0,
  "totalvbt" : 284.76,
  "totalNop" : 9.0,
  "totqty" : 9.0,
  "paymentMode" : "Cash"
}