{
  "invoiceNo" : "000070",
  "date" : "09/04/2022",
  "cname" : "CASH A/C",
  "caddress" : null,
  "cgstno" : null,
  "items" : [ {
    "serialNo" : "1",
    "pname" : "PIDIFIN 2K Dr Fixit Pidifin",
    "hsn" : "32149090",
    "pack" : "15.0 KGS",
    "nop" : 1,
    "qty" : 15.0,
    "rate" : 1389.8,
    "taxRt" : 18.0,
    "cgst" : 125.08,
    "sgst" : 125.08,
    "total" : 1639.0,
    "valBefTax" : 1389.8
  } ],
  "totalCgst" : 125.08,
  "totalSgst" : 125.08,
  "total" : 1639.0,
  "totalvbt" : 1389.8,
  "totalNop" : 1.0,
  "totqty" : 15.0,
  "paymentMode" : "Cash"
}