{
  "invoiceNo" : "000299",
  "date" : "26/04/2022",
  "cname" : "CASH A/C",
  "caddress" : null,
  "cgstno" : null,
  "items" : [ {
    "serialNo" : "1",
    "pname" : "W1 GLMR C B Xp Silk Glamour",
    "hsn" : "320910",
    "pack" : "0.9 LTR",
    "nop" : 1,
    "qty" : 0.9,
    "rate" : 536.44,
    "taxRt" : 18.0,
    "cgst" : 48.28,
    "sgst" : 48.28,
    "total" : 633.0,
    "valBefTax" : 536.44
  } ],
  "totalCgst" : 48.28,
  "totalSgst" : 48.28,
  "total" : 633.0,
  "totalvbt" : 536.44,
  "totalNop" : 1.0,
  "totqty" : 0.9,
  "paymentMode" : "Cash"
}