{
  "invoiceNo" : "000033",
  "date" : "06/04/2022",
  "cname" : "CASH A/C",
  "caddress" : null,
  "cgstno" : null,
  "items" : [ {
    "serialNo" : "1",
    "pname" : "PALE CREAM Luxol High Gloss Ena",
    "hsn" : "320890",
    "pack" : "1.0 LT",
    "nop" : 2,
    "qty" : 2.0,
    "rate" : 250.0,
    "taxRt" : 18.0,
    "cgst" : 45.0,
    "sgst" : 45.0,
    "total" : 590.0,
    "valBefTax" : 500.0
  }, {
    "serialNo" : "2",
    "pname" : "GLDN BROWN Luxol High Gloss Ena",
    "hsn" : "320890",
    "pack" : "0.5 LT",
    "nop" : 1,
    "qty" : 0.5,
    "rate" : 118.64,
    "taxRt" : 18.0,
    "cgst" : 10.68,
    "sgst" : 10.68,
    "total" : 140.0,
    "valBefTax" : 118.64
  }, {
    "serialNo" : "3",
    "pname" : "PHIROZA BLUE LHG Luxol High Gloss Ena",
    "hsn" : "320890",
    "pack" : "1.0 LT",
    "nop" : 1,
    "qty" : 1.0,
    "rate" : 220.34,
    "taxRt" : 18.0,
    "cgst" : 19.83,
    "sgst" : 19.83,
    "total" : 260.0,
    "valBefTax" : 220.34
  }, {
    "serialNo" : "4",
    "pname" : "BROWN Luxol High Gloss Ena",
    "hsn" : "320890",
    "pack" : "0.05 LTR",
    "nop" : 2,
    "qty" : 0.1,
    "rate" : 21.19,
    "taxRt" : 18.0,
    "cgst" : 3.82,
    "sgst" : 3.82,
    "total" : 49.0,
    "valBefTax" : 42.38
  }, {
    "serialNo" : "5",
    "pname" : "WHITE CEMENT White Cement",
    "hsn" : "25232100",
    "pack" : "1.0 KGS",
    "nop" : 1,
    "qty" : 1.0,
    "rate" : 27.34,
    "taxRt" : 28.0,
    "cgst" : 3.83,
    "sgst" : 3.83,
    "total" : 35.0,
    "valBefTax" : 27.34
  } ],
  "totalCgst" : 83.16,
  "totalSgst" : 83.16,
  "total" : 1074.0,
  "totalvbt" : 908.7,
  "totalNop" : 7.0,
  "totqty" : 4.6,
  "paymentMode" : "Cash"
}