{
  "invoiceNo" : "000186",
  "date" : "18/04/2022",
  "cname" : "CASH A/C",
  "caddress" : null,
  "cgstno" : null,
  "items" : [ {
    "serialNo" : "1",
    "pname" : "BR GREEN Unitint",
    "hsn" : "32139000",
    "pack" : "0.05 LTR",
    "nop" : 2,
    "qty" : 0.1,
    "rate" : 29.66,
    "taxRt" : 18.0,
    "cgst" : 5.34,
    "sgst" : 5.34,
    "total" : 70.0,
    "valBefTax" : 59.32
  } ],
  "totalCgst" : 5.34,
  "totalSgst" : 5.34,
  "total" : 70.0,
  "totalvbt" : 59.32,
  "totalNop" : 2.0,
  "totqty" : 0.1,
  "paymentMode" : "Cash"
}