{
  "invoiceNo" : "000068",
  "date" : "09/04/2022",
  "cname" : "SRIKANTA BRAMHA",
  "caddress" : "JAGATPUR",
  "cgstno" : null,
  "items" : [ {
    "serialNo" : "1",
    "pname" : "BISON PRO Putty Pro",
    "hsn" : "321410",
    "pack" : "40.0 LTR",
    "nop" : 1,
    "qty" : 40.0,
    "rate" : 618.64,
    "taxRt" : 18.0,
    "cgst" : 55.68,
    "sgst" : 55.68,
    "total" : 730.0,
    "valBefTax" : 618.64
  }, {
    "serialNo" : "2",
    "pname" : "4\" SMART Brushes",
    "hsn" : "96034010",
    "pack" : "1.0 PCS",
    "nop" : 1,
    "qty" : 1.0,
    "rate" : 296.61,
    "taxRt" : 18.0,
    "cgst" : 26.69,
    "sgst" : 26.69,
    "total" : 349.0,
    "valBefTax" : 296.61
  } ],
  "totalCgst" : 82.37,
  "totalSgst" : 82.37,
  "total" : 1079.0,
  "totalvbt" : 915.25,
  "totalNop" : 2.0,
  "totqty" : 41.0,
  "paymentMode" : "Cash"
}