{
  "invoiceNo" : "000190",
  "date" : "19/04/2022",
  "cname" : "M RAJU BISWAS",
  "caddress" : null,
  "cgstno" : null,
  "items" : [ {
    "serialNo" : "1",
    "pname" : "220 NO Wet & Dry Sandpaper",
    "hsn" : "680510",
    "pack" : "1.0 PCS",
    "nop" : 12,
    "qty" : 12.0,
    "rate" : 13.56,
    "taxRt" : 18.0,
    "cgst" : 14.64,
    "sgst" : 14.64,
    "total" : 191.0,
    "valBefTax" : 162.72
  } ],
  "totalCgst" : 14.64,
  "totalSgst" : 14.64,
  "total" : 191.0,
  "totalvbt" : 162.72,
  "totalNop" : 12.0,
  "totqty" : 12.0,
  "paymentMode" : "Credit"
}