{
  "invoiceNo" : "000203",
  "date" : "19/04/2022",
  "cname" : "NITYANANDA GHOSH 9830318633",
  "caddress" : "GF 8/2 RABINDRA PALLY ZARDA BAGAN KOL 59",
  "cgstno" : null,
  "items" : [ {
    "serialNo" : "1",
    "pname" : "P0 WLL Xp Wcoat Long Life",
    "hsn" : "320910",
    "pack" : "10.0 LTR",
    "nop" : 1,
    "qty" : 10.0,
    "rate" : 4603.4,
    "taxRt" : 18.0,
    "cgst" : 414.3,
    "sgst" : 414.3,
    "total" : 5431.0,
    "valBefTax" : 4603.4
  } ],
  "totalCgst" : 414.3,
  "totalSgst" : 414.3,
  "total" : 5431.0,
  "totalvbt" : 4603.4,
  "totalNop" : 1.0,
  "totqty" : 10.0,
  "paymentMode" : "Cash"
}