{
  "invoiceNo" : "000199",
  "date" : "19/04/2022",
  "cname" : "CASH A/C",
  "caddress" : null,
  "cgstno" : null,
  "items" : [ {
    "serialNo" : "1",
    "pname" : "BISON EXT PUTTY Putty",
    "hsn" : "321410",
    "pack" : "30.0 KG",
    "nop" : 1,
    "qty" : 30.0,
    "rate" : 525.42,
    "taxRt" : 18.0,
    "cgst" : 47.29,
    "sgst" : 47.29,
    "total" : 620.0,
    "valBefTax" : 525.42
  }, {
    "serialNo" : "2",
    "pname" : "SALVALINE ALUMINIUM Aliminium Paint",
    "hsn" : "320890",
    "pack" : "1.0 LTR",
    "nop" : 1,
    "qty" : 1.0,
    "rate" : 317.79,
    "taxRt" : 18.0,
    "cgst" : 28.6,
    "sgst" : 28.6,
    "total" : 374.0,
    "valBefTax" : 317.79
  }, {
    "serialNo" : "3",
    "pname" : "100 NO 4 Handy Sheet",
    "hsn" : "68051010",
    "pack" : "1.0 PCS",
    "nop" : 2,
    "qty" : 2.0,
    "rate" : 8.47,
    "taxRt" : 18.0,
    "cgst" : 1.52,
    "sgst" : 1.52,
    "total" : 20.0,
    "valBefTax" : 16.94
  }, {
    "serialNo" : "4",
    "pname" : "FAST RED Unitint",
    "hsn" : "321390",
    "pack" : "0.2 LTR",
    "nop" : 1,
    "qty" : 0.2,
    "rate" : 135.59,
    "taxRt" : 18.0,
    "cgst" : 12.2,
    "sgst" : 12.2,
    "total" : 159.0,
    "valBefTax" : 135.59
  }, {
    "serialNo" : "5",
    "pname" : "BPCPWT Interior Wall Primer",
    "hsn" : "320910",
    "pack" : "4.0 LT",
    "nop" : 1,
    "qty" : 4.0,
    "rate" : 542.37,
    "taxRt" : 18.0,
    "cgst" : 48.81,
    "sgst" : 48.81,
    "total" : 639.0,
    "valBefTax" : 542.37
  }, {
    "serialNo" : "6",
    "pname" : "BUTTERFLY AC METAL Metal Primer Solvent",
    "hsn" : "320890",
    "pack" : "0.5 LT",
    "nop" : 1,
    "qty" : 0.5,
    "rate" : 97.46,
    "taxRt" : 18.0,
    "cgst" : 8.77,
    "sgst" : 8.77,
    "total" : 115.0,
    "valBefTax" : 97.46
  }, {
    "serialNo" : "7",
    "pname" : "F YLW Unitint",
    "hsn" : "32139000",
    "pack" : "0.1 LTR",
    "nop" : 1,
    "qty" : 0.1,
    "rate" : 63.56,
    "taxRt" : 18.0,
    "cgst" : 5.72,
    "sgst" : 5.72,
    "total" : 75.0,
    "valBefTax" : 63.56
  }, {
    "serialNo" : "8",
    "pname" : "W3 LUX  XTRA C B Luxol Xtra Ename",
    "hsn" : "320890",
    "pack" : "0.95 LT",
    "nop" : 2,
    "qty" : 1.9,
    "rate" : 283.05,
    "taxRt" : 18.0,
    "cgst" : 50.94,
    "sgst" : 50.94,
    "total" : 668.0,
    "valBefTax" : 566.1
  } ],
  "totalCgst" : 203.85,
  "totalSgst" : 203.85,
  "total" : 2670.0,
  "totalvbt" : 2265.23,
  "totalNop" : 10.0,
  "totqty" : 39.7,
  "paymentMode" : "Cash"
}