{
  "invoiceNo" : "000424",
  "date" : "06/05/2022",
  "cname" : "CASH A/C",
  "caddress" : null,
  "cgstno" : null,
  "items" : [ {
    "serialNo" : "1",
    "pname" : "WCOAT EXT PRIMER Exterior Wall Primer",
    "hsn" : "320910",
    "pack" : "20.0 LT",
    "nop" : 1,
    "qty" : 20.0,
    "rate" : 2500.0,
    "taxRt" : 18.0,
    "cgst" : 225.0,
    "sgst" : 225.0,
    "total" : 2949.0,
    "valBefTax" : 2500.0
  }, {
    "serialNo" : "2",
    "pname" : "STYLE 4\" Brushes",
    "hsn" : "96034010",
    "pack" : "1.0 CS",
    "nop" : 2,
    "qty" : 2.0,
    "rate" : 296.61,
    "taxRt" : 18.0,
    "cgst" : 53.38,
    "sgst" : 53.38,
    "total" : 700.0,
    "valBefTax" : 593.22
  }, {
    "serialNo" : "3",
    "pname" : "R BLUE Robin Blue",
    "hsn" : "32064100",
    "pack" : "0.05 KG",
    "nop" : 2,
    "qty" : 0.1,
    "rate" : 22.03,
    "taxRt" : 18.0,
    "cgst" : 3.96,
    "sgst" : 3.96,
    "total" : 52.0,
    "valBefTax" : 44.06
  }, {
    "serialNo" : "4",
    "pname" : "F RED NEW Luxol Universal Stai",
    "hsn" : "321390",
    "pack" : "0.1 LTR",
    "nop" : 2,
    "qty" : 0.2,
    "rate" : 67.8,
    "taxRt" : 18.0,
    "cgst" : 12.2,
    "sgst" : 12.2,
    "total" : 159.0,
    "valBefTax" : 135.6
  }, {
    "serialNo" : "5",
    "pname" : "Y OXIDE Unitint",
    "hsn" : "32139000",
    "pack" : "0.1 LTR",
    "nop" : 2,
    "qty" : 0.2,
    "rate" : 76.27,
    "taxRt" : 18.0,
    "cgst" : 13.72,
    "sgst" : 13.72,
    "total" : 180.0,
    "valBefTax" : 152.54
  }, {
    "serialNo" : "6",
    "pname" : "BISON PRO Putty Pro",
    "hsn" : "321410",
    "pack" : "40.0 LTR",
    "nop" : 1,
    "qty" : 40.0,
    "rate" : 618.64,
    "taxRt" : 18.0,
    "cgst" : 55.68,
    "sgst" : 55.68,
    "total" : 730.0,
    "valBefTax" : 618.64
  }, {
    "serialNo" : "7",
    "pname" : "GLDN BROWN Luxol High Gloss Ena",
    "hsn" : "320890",
    "pack" : "4.0 LT",
    "nop" : 1,
    "qty" : 4.0,
    "rate" : 855.92,
    "taxRt" : 18.0,
    "cgst" : 77.03,
    "sgst" : 77.03,
    "total" : 1009.0,
    "valBefTax" : 855.92
  }, {
    "serialNo" : "8",
    "pname" : "PALE CREAM Luxol High Gloss Ena",
    "hsn" : "320890",
    "pack" : "1.0 LT",
    "nop" : 1,
    "qty" : 1.0,
    "rate" : 254.24,
    "taxRt" : 18.0,
    "cgst" : 22.88,
    "sgst" : 22.88,
    "total" : 300.0,
    "valBefTax" : 254.24
  }, {
    "serialNo" : "9",
    "pname" : "PALE CREAM Luxol High Gloss Ena",
    "hsn" : "320890",
    "pack" : "0.5 LT",
    "nop" : 1,
    "qty" : 0.5,
    "rate" : 135.59,
    "taxRt" : 18.0,
    "cgst" : 12.2,
    "sgst" : 12.2,
    "total" : 159.0,
    "valBefTax" : 135.59
  }, {
    "serialNo" : "10",
    "pname" : "PARROT WOOD PRIMER Wood  Primer Solvent",
    "hsn" : "320890",
    "pack" : "0.5 LT",
    "nop" : 1,
    "qty" : 0.5,
    "rate" : 97.46,
    "taxRt" : 18.0,
    "cgst" : 8.77,
    "sgst" : 8.77,
    "total" : 115.0,
    "valBefTax" : 97.46
  } ],
  "totalCgst" : 484.82,
  "totalSgst" : 484.82,
  "total" : 6353.0,
  "totalvbt" : 5387.27,
  "totalNop" : 14.0,
  "totqty" : 68.5,
  "paymentMode" : "Cash"
}