{
  "invoiceNo" : "000004",
  "date" : "05/04/2022",
  "cname" : "CASH A/C",
  "caddress" : null,
  "cgstno" : null,
  "items" : [ {
    "serialNo" : "1",
    "pname" : "1\" MASKING TAPE BERG Painting Tools Rolle",
    "hsn" : "391910",
    "pack" : "1.0 LTR",
    "nop" : 2,
    "qty" : 2.0,
    "rate" : 25.42,
    "taxRt" : 18.0,
    "cgst" : 4.58,
    "sgst" : 4.58,
    "total" : 60.0,
    "valBefTax" : 50.84
  }, {
    "serialNo" : "2",
    "pname" : "BISON EXT PUTTY Putty",
    "hsn" : "321410",
    "pack" : "30.0 KG",
    "nop" : 1,
    "qty" : 30.0,
    "rate" : 525.42,
    "taxRt" : 18.0,
    "cgst" : 47.29,
    "sgst" : 47.29,
    "total" : 620.0,
    "valBefTax" : 525.42
  }, {
    "serialNo" : "3",
    "pname" : "P0 WALMASTA C B Walmasta",
    "hsn" : "320910",
    "pack" : "1.0 LTR",
    "nop" : 2,
    "qty" : 2.0,
    "rate" : 224.57,
    "taxRt" : 18.0,
    "cgst" : 40.42,
    "sgst" : 40.42,
    "total" : 529.0,
    "valBefTax" : 449.14
  }, {
    "serialNo" : "4",
    "pname" : "SMOKE GREY LHG Luxol High Gloss Ena",
    "hsn" : "320890",
    "pack" : "0.5 LT",
    "nop" : 1,
    "qty" : 0.5,
    "rate" : 118.64,
    "taxRt" : 18.0,
    "cgst" : 10.68,
    "sgst" : 10.68,
    "total" : 140.0,
    "valBefTax" : 118.64
  }, {
    "serialNo" : "5",
    "pname" : "W1 BISON C B Bison Emulsion",
    "hsn" : "320910",
    "pack" : "0.9 LT",
    "nop" : 2,
    "qty" : 1.8,
    "rate" : 166.95,
    "taxRt" : 18.0,
    "cgst" : 30.06,
    "sgst" : 30.06,
    "total" : 394.0,
    "valBefTax" : 333.9
  }, {
    "serialNo" : "6",
    "pname" : "ORANGE RED Abro",
    "hsn" : "32082090",
    "pack" : "1.0 PCS",
    "nop" : 1,
    "qty" : 1.0,
    "rate" : 161.02,
    "taxRt" : 18.0,
    "cgst" : 14.49,
    "sgst" : 14.49,
    "total" : 190.0,
    "valBefTax" : 161.02
  }, {
    "serialNo" : "7",
    "pname" : "BPCPWT Interior Wall Primer",
    "hsn" : "320910",
    "pack" : "1.0 LT",
    "nop" : 1,
    "qty" : 1.0,
    "rate" : 156.78,
    "taxRt" : 18.0,
    "cgst" : 14.11,
    "sgst" : 14.11,
    "total" : 185.0,
    "valBefTax" : 156.78
  }, {
    "serialNo" : "8",
    "pname" : "WB CP DUWEL Wb Primers",
    "hsn" : "32091090",
    "pack" : "1.0 LT",
    "nop" : 2,
    "qty" : 2.0,
    "rate" : 165.25,
    "taxRt" : 18.0,
    "cgst" : 29.74,
    "sgst" : 29.74,
    "total" : 390.0,
    "valBefTax" : 330.5
  }, {
    "serialNo" : "9",
    "pname" : "PARROT WOOD PRIMER Wood  Primer Solvent",
    "hsn" : "320890",
    "pack" : "1.0 LT",
    "nop" : 2,
    "qty" : 2.0,
    "rate" : 186.44,
    "taxRt" : 18.0,
    "cgst" : 33.56,
    "sgst" : 33.56,
    "total" : 440.0,
    "valBefTax" : 372.88
  }, {
    "serialNo" : "10",
    "pname" : "80 NO Wet & Dry Sandpaper",
    "hsn" : "68051010",
    "pack" : "1.0 PCS",
    "nop" : 2,
    "qty" : 2.0,
    "rate" : 14.41,
    "taxRt" : 18.0,
    "cgst" : 2.6,
    "sgst" : 2.6,
    "total" : 33.0,
    "valBefTax" : 28.82
  }, {
    "serialNo" : "11",
    "pname" : "GLDN BROWN Luxol High Gloss Ena",
    "hsn" : "320890",
    "pack" : "4.0 LT",
    "nop" : 2,
    "qty" : 8.0,
    "rate" : 855.92,
    "taxRt" : 18.0,
    "cgst" : 154.06,
    "sgst" : 154.06,
    "total" : 2019.0,
    "valBefTax" : 1711.84
  }, {
    "serialNo" : "12",
    "pname" : "HAPPY WALL PUTTY Putty",
    "hsn" : "321410",
    "pack" : "10.0 KG",
    "nop" : 1,
    "qty" : 10.0,
    "rate" : 563.55,
    "taxRt" : 18.0,
    "cgst" : 50.72,
    "sgst" : 50.72,
    "total" : 664.0,
    "valBefTax" : 563.55
  } ],
  "totalCgst" : 432.31,
  "totalSgst" : 432.31,
  "total" : 5664.0,
  "totalvbt" : 4803.33,
  "totalNop" : 19.0,
  "totqty" : 62.3,
  "paymentMode" : "Cash"
}