{
  "invoiceNo" : "000101",
  "date" : "11/04/2022",
  "cname" : "A B GROUP",
  "caddress" : "1/1 A BHOLA NATH PAUL ROAD KOL 700006",
  "cgstno" : null,
  "items" : [ {
    "serialNo" : "1",
    "pname" : "W1 BE SLK SHEEN Xp Slk Breathe Easy",
    "hsn" : "320910",
    "pack" : "0.9 LTR",
    "nop" : 2,
    "qty" : 1.8,
    "rate" : 566.1,
    "taxRt" : 18.0,
    "cgst" : 101.9,
    "sgst" : 101.9,
    "total" : 1335.0,
    "valBefTax" : 1132.2
  }, {
    "serialNo" : "2",
    "pname" : "YLW BE SLK SHEEN Xp Slk Breathe Easy",
    "hsn" : "320910",
    "pack" : "0.9 LTR",
    "nop" : 1,
    "qty" : 0.9,
    "rate" : 577.96,
    "taxRt" : 18.0,
    "cgst" : 52.02,
    "sgst" : 52.02,
    "total" : 682.0,
    "valBefTax" : 577.96
  }, {
    "serialNo" : "3",
    "pname" : "BISON EXT PUTTY Putty",
    "hsn" : "321410",
    "pack" : "30.0 KG",
    "nop" : 3,
    "qty" : 90.0,
    "rate" : 525.42,
    "taxRt" : 18.0,
    "cgst" : 141.87,
    "sgst" : 141.87,
    "total" : 1859.0,
    "valBefTax" : 1576.26
  } ],
  "totalCgst" : 295.79,
  "totalSgst" : 295.79,
  "total" : 3876.0,
  "totalvbt" : 3286.42,
  "totalNop" : 6.0,
  "totqty" : 92.7,
  "paymentMode" : "Credit"
}