{
  "invoiceNo" : "000301",
  "date" : "26/04/2022",
  "cname" : "M SABHYASCHI",
  "caddress" : null,
  "cgstno" : null,
  "items" : [ {
    "serialNo" : "1",
    "pname" : "WHITE Luxol-7-in-1 White",
    "hsn" : "320810",
    "pack" : "0.5 LTR",
    "nop" : 1,
    "qty" : 0.5,
    "rate" : 152.54,
    "taxRt" : 18.0,
    "cgst" : 13.73,
    "sgst" : 13.73,
    "total" : 180.0,
    "valBefTax" : 152.54
  }, {
    "serialNo" : "2",
    "pname" : "GP THINNER Thinners",
    "hsn" : "320810",
    "pack" : "1.0 LTR",
    "nop" : 1,
    "qty" : 1.0,
    "rate" : 101.69,
    "taxRt" : 18.0,
    "cgst" : 9.15,
    "sgst" : 9.15,
    "total" : 119.0,
    "valBefTax" : 101.69
  } ],
  "totalCgst" : 22.88,
  "totalSgst" : 22.88,
  "total" : 299.0,
  "totalvbt" : 254.23,
  "totalNop" : 2.0,
  "totqty" : 1.5,
  "paymentMode" : "Credit"
}