{
  "invoiceNo" : "000091",
  "date" : "11/04/2022",
  "cname" : "CASH A/C",
  "caddress" : null,
  "cgstno" : null,
  "items" : [ {
    "serialNo" : "1",
    "pname" : "ALKALI BLOC Wb Primers",
    "hsn" : "32091090",
    "pack" : "10.0 LTR",
    "nop" : 1,
    "qty" : 10.0,
    "rate" : 1716.1,
    "taxRt" : 18.0,
    "cgst" : 154.45,
    "sgst" : 154.45,
    "total" : 2024.0,
    "valBefTax" : 1716.1
  }, {
    "serialNo" : "2",
    "pname" : "SUP LATEX PLUS Construction Chemica",
    "hsn" : "400211",
    "pack" : "1.0 KG",
    "nop" : 1,
    "qty" : 1.0,
    "rate" : 279.66,
    "taxRt" : 18.0,
    "cgst" : 25.17,
    "sgst" : 25.17,
    "total" : 330.0,
    "valBefTax" : 279.66
  }, {
    "serialNo" : "3",
    "pname" : "BISON EXT PUTTY Putty",
    "hsn" : "321410",
    "pack" : "30.0 KG",
    "nop" : 1,
    "qty" : 30.0,
    "rate" : 525.42,
    "taxRt" : 18.0,
    "cgst" : 47.29,
    "sgst" : 47.29,
    "total" : 620.0,
    "valBefTax" : 525.42
  } ],
  "totalCgst" : 226.91,
  "totalSgst" : 226.91,
  "total" : 2974.0,
  "totalvbt" : 2521.18,
  "totalNop" : 3.0,
  "totqty" : 41.0,
  "paymentMode" : "Cash"
}