{
  "invoiceNo" : "000140",
  "date" : "14/04/2022",
  "cname" : "CASH A/C",
  "caddress" : null,
  "cgstno" : null,
  "items" : [ {
    "serialNo" : "1",
    "pname" : "ETHINIC GOLD Metallic Emulsion  P",
    "hsn" : "32091090",
    "pack" : "0.2 LTR",
    "nop" : 1,
    "qty" : 0.2,
    "rate" : 211.86,
    "taxRt" : 18.0,
    "cgst" : 19.07,
    "sgst" : 19.07,
    "total" : 250.0,
    "valBefTax" : 211.86
  } ],
  "totalCgst" : 19.07,
  "totalSgst" : 19.07,
  "total" : 250.0,
  "totalvbt" : 211.86,
  "totalNop" : 1.0,
  "totqty" : 0.2,
  "paymentMode" : "Cash"
}