{
  "invoiceNo" : "000356",
  "date" : "30/04/2022",
  "cname" : "CASH A/C",
  "caddress" : null,
  "cgstno" : null,
  "items" : [ {
    "serialNo" : "1",
    "pname" : "LB MAGENTA Luxol High Gloss Ena",
    "hsn" : "320890",
    "pack" : "0.5 LTR",
    "nop" : 1,
    "qty" : 0.5,
    "rate" : 135.59,
    "taxRt" : 18.0,
    "cgst" : 12.2,
    "sgst" : 12.2,
    "total" : 159.0,
    "valBefTax" : 135.59
  }, {
    "serialNo" : "2",
    "pname" : "SAND STONE Luxol High Gloss Ena",
    "hsn" : "320810",
    "pack" : "0.5 LT",
    "nop" : 1,
    "qty" : 0.5,
    "rate" : 118.64,
    "taxRt" : 18.0,
    "cgst" : 10.68,
    "sgst" : 10.68,
    "total" : 140.0,
    "valBefTax" : 118.64
  } ],
  "totalCgst" : 22.88,
  "totalSgst" : 22.88,
  "total" : 299.0,
  "totalvbt" : 254.23,
  "totalNop" : 2.0,
  "totqty" : 1.0,
  "paymentMode" : "Cash"
}