{
  "invoiceNo" : "000148",
  "date" : "15/04/2022",
  "cname" : "M SABHYASCHI",
  "caddress" : null,
  "cgstno" : null,
  "items" : [ {
    "serialNo" : "1",
    "pname" : "BLACK Luxol Pu Enamel",
    "hsn" : "320890",
    "pack" : "4.0 LTR",
    "nop" : 1,
    "qty" : 4.0,
    "rate" : 906.77,
    "taxRt" : 18.0,
    "cgst" : 81.61,
    "sgst" : 81.61,
    "total" : 1069.0,
    "valBefTax" : 906.77
  }, {
    "serialNo" : "2",
    "pname" : "WHITE Luxol-7-in-1 White",
    "hsn" : "320890",
    "pack" : "1.0 LTR",
    "nop" : 2,
    "qty" : 2.0,
    "rate" : 292.37,
    "taxRt" : 18.0,
    "cgst" : 52.62,
    "sgst" : 52.62,
    "total" : 690.0,
    "valBefTax" : 584.74
  } ],
  "totalCgst" : 134.23,
  "totalSgst" : 134.23,
  "total" : 1759.0,
  "totalvbt" : 1491.51,
  "totalNop" : 3.0,
  "totqty" : 6.0,
  "paymentMode" : "Credit"
}