{
  "invoiceNo" : "000234",
  "date" : "21/04/2022",
  "cname" : "CASH A/C",
  "caddress" : null,
  "cgstno" : null,
  "items" : [ {
    "serialNo" : "1",
    "pname" : "P0 EC XP FRESH Xp E. Clean Fresh",
    "hsn" : "320910",
    "pack" : "1.0 LTR",
    "nop" : 1,
    "qty" : 1.0,
    "rate" : 404.23,
    "taxRt" : 18.0,
    "cgst" : 36.38,
    "sgst" : 36.38,
    "total" : 476.0,
    "valBefTax" : 404.23
  }, {
    "serialNo" : "2",
    "pname" : "P0 EC XP FRESH Xp E. Clean Fresh",
    "hsn" : "320910",
    "pack" : "1.0 LTR",
    "nop" : 1,
    "qty" : 1.0,
    "rate" : 405.08,
    "taxRt" : 18.0,
    "cgst" : 36.46,
    "sgst" : 36.46,
    "total" : 478.0,
    "valBefTax" : 405.08
  }, {
    "serialNo" : "3",
    "pname" : "W1 EC C B Easy Clean Luxur",
    "hsn" : "320910",
    "pack" : "0.9 LT",
    "nop" : 1,
    "qty" : 0.9,
    "rate" : 372.88,
    "taxRt" : 18.0,
    "cgst" : 33.56,
    "sgst" : 33.56,
    "total" : 440.0,
    "valBefTax" : 372.88
  } ],
  "totalCgst" : 106.4,
  "totalSgst" : 106.4,
  "total" : 1394.0,
  "totalvbt" : 1182.19,
  "totalNop" : 3.0,
  "totqty" : 2.9,
  "paymentMode" : "Cash"
}