{
  "invoiceNo" : "000127",
  "date" : "13/04/2022",
  "cname" : "CASH A/C",
  "caddress" : null,
  "cgstno" : null,
  "items" : [ {
    "serialNo" : "1",
    "pname" : "LW+ PIDIPROOF Dr Fixit Pidiproof L",
    "hsn" : "38244010",
    "pack" : "5.0 LTR",
    "nop" : 1,
    "qty" : 5.0,
    "rate" : 508.47,
    "taxRt" : 18.0,
    "cgst" : 45.76,
    "sgst" : 45.76,
    "total" : 599.0,
    "valBefTax" : 508.47
  }, {
    "serialNo" : "2",
    "pname" : "SUPER LATEX Dr Fixit Super Latex",
    "hsn" : "40021100",
    "pack" : "5.0 KGS",
    "nop" : 1,
    "qty" : 5.0,
    "rate" : 1313.6,
    "taxRt" : 18.0,
    "cgst" : 118.22,
    "sgst" : 118.22,
    "total" : 1549.0,
    "valBefTax" : 1313.6
  } ],
  "totalCgst" : 163.98,
  "totalSgst" : 163.98,
  "total" : 2148.0,
  "totalvbt" : 1822.07,
  "totalNop" : 2.0,
  "totqty" : 10.0,
  "paymentMode" : "Cash"
}