{
  "invoiceNo" : "000244",
  "date" : "21/04/2022",
  "cname" : "NATH DECORATORS & CATERER",
  "caddress" : "JHEEL BAGAN HATIARA",
  "cgstno" : null,
  "items" : [ {
    "serialNo" : "1",
    "pname" : "P0 EC C B Easy Clean Luxur",
    "hsn" : "320910",
    "pack" : "4.0 LT",
    "nop" : 1,
    "qty" : 4.0,
    "rate" : 1432.2,
    "taxRt" : 18.0,
    "cgst" : 128.9,
    "sgst" : 128.9,
    "total" : 1689.0,
    "valBefTax" : 1432.2
  } ],
  "totalCgst" : 128.9,
  "totalSgst" : 128.9,
  "total" : 1689.0,
  "totalvbt" : 1432.2,
  "totalNop" : 1.0,
  "totqty" : 4.0,
  "paymentMode" : "Cash"
}