{
  "invoiceNo" : "000257",
  "date" : "23/04/2022",
  "cname" : "CASH A/C",
  "caddress" : null,
  "cgstno" : null,
  "items" : [ {
    "serialNo" : "1",
    "pname" : "P0 SLK GLOW Silk Glow",
    "hsn" : "320910",
    "pack" : "4.0 LTR",
    "nop" : 3,
    "qty" : 12.0,
    "rate" : 1984.7,
    "taxRt" : 18.0,
    "cgst" : 535.89,
    "sgst" : 535.89,
    "total" : 7025.0,
    "valBefTax" : 5954.1
  } ],
  "totalCgst" : 535.89,
  "totalSgst" : 535.89,
  "total" : 7025.0,
  "totalvbt" : 5954.1,
  "totalNop" : 3.0,
  "totqty" : 12.0,
  "paymentMode" : "Cash"
}