{
  "invoiceNo" : "000413",
  "date" : "06/05/2022",
  "cname" : "CASH A/C",
  "caddress" : null,
  "cgstno" : null,
  "items" : [ {
    "serialNo" : "1",
    "pname" : "GOLD P U Supr Gl Enamel P",
    "hsn" : "32089090",
    "pack" : "0.2 LTR",
    "nop" : 1,
    "qty" : 0.2,
    "rate" : 211.86,
    "taxRt" : 18.0,
    "cgst" : 19.07,
    "sgst" : 19.07,
    "total" : 250.0,
    "valBefTax" : 211.86
  }, {
    "serialNo" : "2",
    "pname" : "SNOW WHITE Luxol High Gloss Ena",
    "hsn" : "320890",
    "pack" : "1.0 LT",
    "nop" : 1,
    "qty" : 1.0,
    "rate" : 245.76,
    "taxRt" : 18.0,
    "cgst" : 22.12,
    "sgst" : 22.12,
    "total" : 290.0,
    "valBefTax" : 245.76
  }, {
    "serialNo" : "3",
    "pname" : "80 NO Mk Eco Wet Paper",
    "hsn" : "68052090",
    "pack" : "1.0 PCS",
    "nop" : 1,
    "qty" : 1.0,
    "rate" : 8.47,
    "taxRt" : 18.0,
    "cgst" : 0.76,
    "sgst" : 0.76,
    "total" : 9.0,
    "valBefTax" : 8.47
  } ],
  "totalCgst" : 41.95,
  "totalSgst" : 41.95,
  "total" : 549.0,
  "totalvbt" : 466.09,
  "totalNop" : 3.0,
  "totqty" : 2.2,
  "paymentMode" : "Cash"
}