{
  "invoiceNo" : "000013",
  "date" : "05/04/2022",
  "cname" : "NIRANJAN KUMAR SINGH",
  "caddress" : null,
  "cgstno" : null,
  "items" : [ {
    "serialNo" : "1",
    "pname" : "BRN WLL 10 Xp Wcoat Long Life",
    "hsn" : "320910",
    "pack" : "0.9 LTR",
    "nop" : 4,
    "qty" : 3.6,
    "rate" : 519.06,
    "taxRt" : 18.0,
    "cgst" : 186.88,
    "sgst" : 186.88,
    "total" : 2449.0,
    "valBefTax" : 2076.24
  } ],
  "totalCgst" : 186.88,
  "totalSgst" : 186.88,
  "total" : 2449.0,
  "totalvbt" : 2076.24,
  "totalNop" : 4.0,
  "totqty" : 3.6,
  "paymentMode" : "Credit"
}