{
  "invoiceNo" : "000163",
  "date" : "17/04/2022",
  "cname" : "CASH A/C",
  "caddress" : null,
  "cgstno" : null,
  "items" : [ {
    "serialNo" : "1",
    "pname" : "P0 BISON XP C B Xp Bison Emulsio",
    "hsn" : "320910",
    "pack" : "4.0 LT",
    "nop" : 1,
    "qty" : 4.0,
    "rate" : 656.77,
    "taxRt" : 18.0,
    "cgst" : 59.11,
    "sgst" : 59.11,
    "total" : 774.0,
    "valBefTax" : 656.77
  }, {
    "serialNo" : "2",
    "pname" : "L BRN LUX XTRA C B Luxol Xtra Ename",
    "hsn" : "320890",
    "pack" : "0.95 LT",
    "nop" : 1,
    "qty" : 0.95,
    "rate" : 220.34,
    "taxRt" : 18.0,
    "cgst" : 19.83,
    "sgst" : 19.83,
    "total" : 260.0,
    "valBefTax" : 220.34
  }, {
    "serialNo" : "3",
    "pname" : "6\" SLEEVE Roller",
    "hsn" : "960310",
    "pack" : "1.0 LTR",
    "nop" : 1,
    "qty" : 1.0,
    "rate" : 42.37,
    "taxRt" : 18.0,
    "cgst" : 3.81,
    "sgst" : 3.81,
    "total" : 49.0,
    "valBefTax" : 42.37
  } ],
  "totalCgst" : 82.75,
  "totalSgst" : 82.75,
  "total" : 1083.0,
  "totalvbt" : 919.48,
  "totalNop" : 3.0,
  "totqty" : 5.95,
  "paymentMode" : "Cash"
}