{
  "invoiceNo" : "000074",
  "date" : "09/04/2022",
  "cname" : "CASH A/C",
  "caddress" : null,
  "cgstno" : null,
  "items" : [ {
    "serialNo" : "1",
    "pname" : "BPCPWT Interior Wall Primer",
    "hsn" : "320910",
    "pack" : "1.0 LT",
    "nop" : 2,
    "qty" : 2.0,
    "rate" : 148.3,
    "taxRt" : 18.0,
    "cgst" : 26.7,
    "sgst" : 26.7,
    "total" : 349.0,
    "valBefTax" : 296.6
  }, {
    "serialNo" : "2",
    "pname" : "SUPER LATEX Dr.fixit",
    "hsn" : "400211",
    "pack" : "0.2 KGS",
    "nop" : 1,
    "qty" : 0.2,
    "rate" : 67.8,
    "taxRt" : 18.0,
    "cgst" : 6.1,
    "sgst" : 6.1,
    "total" : 80.0,
    "valBefTax" : 67.8
  }, {
    "serialNo" : "3",
    "pname" : "F BLUE Unitint",
    "hsn" : "321390",
    "pack" : "0.05 LTR",
    "nop" : 1,
    "qty" : 0.05,
    "rate" : 33.9,
    "taxRt" : 18.0,
    "cgst" : 3.05,
    "sgst" : 3.05,
    "total" : 40.0,
    "valBefTax" : 33.9
  }, {
    "serialNo" : "4",
    "pname" : "BLACK Luxol Universal Stai",
    "hsn" : "321390",
    "pack" : "0.05 LTR",
    "nop" : 1,
    "qty" : 0.05,
    "rate" : 33.9,
    "taxRt" : 18.0,
    "cgst" : 3.05,
    "sgst" : 3.05,
    "total" : 40.0,
    "valBefTax" : 33.9
  }, {
    "serialNo" : "5",
    "pname" : "120 NO Wet & Dry Sandpaper",
    "hsn" : "680510",
    "pack" : "1.0 PCS",
    "nop" : 5,
    "qty" : 5.0,
    "rate" : 14.41,
    "taxRt" : 18.0,
    "cgst" : 6.5,
    "sgst" : 6.5,
    "total" : 84.0,
    "valBefTax" : 72.05
  } ],
  "totalCgst" : 45.4,
  "totalSgst" : 45.4,
  "total" : 593.0,
  "totalvbt" : 504.25,
  "totalNop" : 10.0,
  "totqty" : 7.3,
  "paymentMode" : "Cash"
}