{
  "invoiceNo" : "000409",
  "date" : "06/05/2022",
  "cname" : "CASH A/C",
  "caddress" : null,
  "cgstno" : null,
  "items" : [ {
    "serialNo" : "1",
    "pname" : "HEATEX Fevicol Heatx",
    "hsn" : "35061000",
    "pack" : "0.5 LTR",
    "nop" : 1,
    "qty" : 0.5,
    "rate" : 203.39,
    "taxRt" : 18.0,
    "cgst" : 18.3,
    "sgst" : 18.3,
    "total" : 239.0,
    "valBefTax" : 203.39
  }, {
    "serialNo" : "2",
    "pname" : "HEATEX Fevicol Heatx",
    "hsn" : "35061000",
    "pack" : "0.2 LTR",
    "nop" : 1,
    "qty" : 0.2,
    "rate" : 110.17,
    "taxRt" : 18.0,
    "cgst" : 9.92,
    "sgst" : 9.92,
    "total" : 130.0,
    "valBefTax" : 110.17
  } ],
  "totalCgst" : 28.22,
  "totalSgst" : 28.22,
  "total" : 369.0,
  "totalvbt" : 313.56,
  "totalNop" : 2.0,
  "totqty" : 0.7,
  "paymentMode" : "Cash"
}