{
  "invoiceNo" : "000103",
  "date" : "11/04/2022",
  "cname" : "CASH A/C",
  "caddress" : null,
  "cgstno" : null,
  "items" : [ {
    "serialNo" : "1",
    "pname" : "YLW EC XP FRESH Xp E. Clean Fresh",
    "hsn" : "320910",
    "pack" : "0.9 LTR",
    "nop" : 1,
    "qty" : 0.9,
    "rate" : 440.67,
    "taxRt" : 18.0,
    "cgst" : 39.66,
    "sgst" : 39.66,
    "total" : 519.0,
    "valBefTax" : 440.67
  } ],
  "totalCgst" : 39.66,
  "totalSgst" : 39.66,
  "total" : 519.0,
  "totalvbt" : 440.67,
  "totalNop" : 1.0,
  "totqty" : 0.9,
  "paymentMode" : "Cash"
}