{
  "invoiceNo" : "000339",
  "date" : "29/04/2022",
  "cname" : "M RAJU BISWAS",
  "caddress" : null,
  "cgstno" : null,
  "items" : [ {
    "serialNo" : "1",
    "pname" : "P0 RTC C B Rangoli Total Ca",
    "hsn" : "320910",
    "pack" : "4.0 LT",
    "nop" : 1,
    "qty" : 4.0,
    "rate" : 1110.2,
    "taxRt" : 18.0,
    "cgst" : 99.91,
    "sgst" : 99.91,
    "total" : 1309.0,
    "valBefTax" : 1110.2
  } ],
  "totalCgst" : 99.91,
  "totalSgst" : 99.91,
  "total" : 1309.0,
  "totalvbt" : 1110.2,
  "totalNop" : 1.0,
  "totqty" : 4.0,
  "paymentMode" : "Credit"
}