{
  "invoiceNo" : "000043",
  "date" : "07/04/2022",
  "cname" : "P.M. CONSTRUCTION",
  "caddress" : "BD 163 NEWTOWN 4 NO TANK",
  "cgstno" : null,
  "items" : [ {
    "serialNo" : "1",
    "pname" : "YLW WCS C B Weathercoat Smoo",
    "hsn" : "320910",
    "pack" : "3.6 LTR",
    "nop" : 1,
    "qty" : 3.6,
    "rate" : 1237.3,
    "taxRt" : 18.0,
    "cgst" : 111.35,
    "sgst" : 111.35,
    "total" : 1459.0,
    "valBefTax" : 1237.3
  } ],
  "totalCgst" : 111.35,
  "totalSgst" : 111.35,
  "total" : 1459.0,
  "totalvbt" : 1237.3,
  "totalNop" : 1.0,
  "totqty" : 3.6,
  "paymentMode" : "Cash"
}