{
  "invoiceNo" : "000154",
  "date" : "16/04/2022",
  "cname" : "CASH A/C",
  "caddress" : null,
  "cgstno" : null,
  "items" : [ {
    "serialNo" : "1",
    "pname" : "W1 BE SLK SHEEN Xp Slk Breathe Easy",
    "hsn" : "320910",
    "pack" : "0.9 LTR",
    "nop" : 1,
    "qty" : 0.9,
    "rate" : 583.89,
    "taxRt" : 18.0,
    "cgst" : 52.55,
    "sgst" : 52.55,
    "total" : 688.0,
    "valBefTax" : 583.89
  }, {
    "serialNo" : "2",
    "pname" : "BPCPST Wall Primer Solvent",
    "hsn" : "320890",
    "pack" : "1.0 LT",
    "nop" : 3,
    "qty" : 3.0,
    "rate" : 182.2,
    "taxRt" : 18.0,
    "cgst" : 49.2,
    "sgst" : 49.2,
    "total" : 644.0,
    "valBefTax" : 546.6
  } ],
  "totalCgst" : 101.75,
  "totalSgst" : 101.75,
  "total" : 1332.0,
  "totalvbt" : 1130.49,
  "totalNop" : 4.0,
  "totqty" : 3.9,
  "paymentMode" : "Cash"
}