{
  "invoiceNo" : "000197",
  "date" : "19/04/2022",
  "cname" : "CASH A/C",
  "caddress" : null,
  "cgstno" : null,
  "items" : [ {
    "serialNo" : "1",
    "pname" : "N2 WALMASTA C B Walmasta",
    "hsn" : "320910",
    "pack" : "9.0 LTR",
    "nop" : 1,
    "qty" : 9.0,
    "rate" : 2064.4,
    "taxRt" : 18.0,
    "cgst" : 185.79,
    "sgst" : 185.79,
    "total" : 2435.0,
    "valBefTax" : 2064.4
  } ],
  "totalCgst" : 185.79,
  "totalSgst" : 185.79,
  "total" : 2435.0,
  "totalvbt" : 2064.4,
  "totalNop" : 1.0,
  "totqty" : 9.0,
  "paymentMode" : "Cash"
}