{
  "invoiceNo" : "000089",
  "date" : "10/04/2022",
  "cname" : "ASHIS DASGUPTA",
  "caddress" : "H/C 7/1 ASWININAGAR BAGUIATI",
  "cgstno" : null,
  "items" : [ {
    "serialNo" : "1",
    "pname" : "PU ROOFKOAT Roof Coating",
    "hsn" : "320990",
    "pack" : "4.0 LTR",
    "nop" : 2,
    "qty" : 8.0,
    "rate" : 1466.1,
    "taxRt" : 18.0,
    "cgst" : 263.9,
    "sgst" : 263.9,
    "total" : 3459.0,
    "valBefTax" : 2932.2
  }, {
    "serialNo" : "2",
    "pname" : "N1 LONG LIFE XP Xp Wcoat Long Life",
    "hsn" : "320910",
    "pack" : "3.6 LTR",
    "nop" : 2,
    "qty" : 7.2,
    "rate" : 2133.9,
    "taxRt" : 18.0,
    "cgst" : 384.1,
    "sgst" : 384.1,
    "total" : 5035.0,
    "valBefTax" : 4267.8
  }, {
    "serialNo" : "3",
    "pname" : "P1 LONG LIFE  XP Xp Wcoat Long Life",
    "hsn" : "320910",
    "pack" : "3.6 LTR",
    "nop" : 1,
    "qty" : 3.6,
    "rate" : 1889.8,
    "taxRt" : 18.0,
    "cgst" : 170.08,
    "sgst" : 170.08,
    "total" : 2229.0,
    "valBefTax" : 1889.8
  }, {
    "serialNo" : "4",
    "pname" : "BRN ANTI DUST C B Xp Wcoat Anti Du",
    "hsn" : "320910",
    "pack" : "3.6 LTR",
    "nop" : 1,
    "qty" : 3.6,
    "rate" : 1296.6,
    "taxRt" : 18.0,
    "cgst" : 116.69,
    "sgst" : 116.69,
    "total" : 1529.0,
    "valBefTax" : 1296.6
  }, {
    "serialNo" : "5",
    "pname" : "SUP LATEX PLUS Construction Chemica",
    "hsn" : "400211",
    "pack" : "5.0 KG",
    "nop" : 1,
    "qty" : 5.0,
    "rate" : 1313.6,
    "taxRt" : 18.0,
    "cgst" : 118.22,
    "sgst" : 118.22,
    "total" : 1549.0,
    "valBefTax" : 1313.6
  } ],
  "totalCgst" : 1052.99,
  "totalSgst" : 1052.99,
  "total" : 13801.0,
  "totalvbt" : 11700.0,
  "totalNop" : 7.0,
  "totqty" : 27.4,
  "paymentMode" : "Cash"
}