{
  "invoiceNo" : "000461",
  "date" : "10/05/2022",
  "cname" : "M RAJU BISWAS",
  "caddress" : null,
  "cgstno" : null,
  "items" : [ {
    "serialNo" : "1",
    "pname" : "D BRN Base Pu Enamel",
    "hsn" : "320890",
    "pack" : "0.45 LTR",
    "nop" : 1,
    "qty" : 0.45,
    "rate" : 139.83,
    "taxRt" : 18.0,
    "cgst" : 12.58,
    "sgst" : 12.58,
    "total" : 164.0,
    "valBefTax" : 139.83
  } ],
  "totalCgst" : 12.58,
  "totalSgst" : 12.58,
  "total" : 164.0,
  "totalvbt" : 139.83,
  "totalNop" : 1.0,
  "totqty" : 0.45,
  "paymentMode" : "Credit"
}