{
  "invoiceNo" : "000194",
  "date" : "19/04/2022",
  "cname" : "SRIKANTA BRAMHA",
  "caddress" : "JAGATPUR",
  "cgstno" : null,
  "items" : [ {
    "serialNo" : "1",
    "pname" : "BISON EXT PUTTY Putty",
    "hsn" : "321410",
    "pack" : "40.0 KG",
    "nop" : 1,
    "qty" : 40.0,
    "rate" : 618.64,
    "taxRt" : 18.0,
    "cgst" : 55.68,
    "sgst" : 55.68,
    "total" : 730.0,
    "valBefTax" : 618.64
  } ],
  "totalCgst" : 55.68,
  "totalSgst" : 55.68,
  "total" : 730.0,
  "totalvbt" : 618.64,
  "totalNop" : 1.0,
  "totqty" : 40.0,
  "paymentMode" : "Cash"
}