{
  "invoiceNo" : "000170",
  "date" : "17/04/2022",
  "cname" : "M SABHYASCHI",
  "caddress" : null,
  "cgstno" : null,
  "items" : [ {
    "serialNo" : "1",
    "pname" : "WHITE Luxol-7-in-1 White",
    "hsn" : "320890",
    "pack" : "4.0 LTR",
    "nop" : 1,
    "qty" : 4.0,
    "rate" : 1135.6,
    "taxRt" : 18.0,
    "cgst" : 102.2,
    "sgst" : 102.2,
    "total" : 1339.0,
    "valBefTax" : 1135.6
  } ],
  "totalCgst" : 102.2,
  "totalSgst" : 102.2,
  "total" : 1339.0,
  "totalvbt" : 1135.6,
  "totalNop" : 1.0,
  "totqty" : 4.0,
  "paymentMode" : "Credit"
}