{
  "invoiceNo" : "000370",
  "date" : "02/05/2022",
  "cname" : "CASH A/C",
  "caddress" : null,
  "cgstno" : null,
  "items" : [ {
    "serialNo" : "1",
    "pname" : "W3 PU Base Pu Enamel",
    "hsn" : "320890",
    "pack" : "0.95 LTR",
    "nop" : 1,
    "qty" : 0.95,
    "rate" : 250.0,
    "taxRt" : 18.0,
    "cgst" : 22.5,
    "sgst" : 22.5,
    "total" : 295.0,
    "valBefTax" : 250.0
  } ],
  "totalCgst" : 22.5,
  "totalSgst" : 22.5,
  "total" : 295.0,
  "totalvbt" : 250.0,
  "totalNop" : 1.0,
  "totqty" : 0.95,
  "paymentMode" : "Cash"
}