{
  "invoiceNo" : "000224",
  "date" : "21/04/2022",
  "cname" : "CASH A/C",
  "caddress" : null,
  "cgstno" : null,
  "items" : [ {
    "serialNo" : "1",
    "pname" : "SEAL O PRIME Xp Hs Seal O Prime",
    "hsn" : "320910",
    "pack" : "20.0 LT",
    "nop" : 1,
    "qty" : 20.0,
    "rate" : 2966.1,
    "taxRt" : 18.0,
    "cgst" : 266.95,
    "sgst" : 266.95,
    "total" : 3499.0,
    "valBefTax" : 2966.1
  } ],
  "totalCgst" : 266.95,
  "totalSgst" : 266.95,
  "total" : 3499.0,
  "totalvbt" : 2966.1,
  "totalNop" : 1.0,
  "totqty" : 20.0,
  "paymentMode" : "Cash"
}