{
  "invoiceNo" : "000347",
  "date" : "30/04/2022",
  "cname" : "CASH A/C",
  "caddress" : null,
  "cgstno" : null,
  "items" : [ {
    "serialNo" : "1",
    "pname" : "PRO P0 EC Pro Easy Clean",
    "hsn" : "320910",
    "pack" : "10.0 LTR",
    "nop" : 1,
    "qty" : 10.0,
    "rate" : 3563.5,
    "taxRt" : 18.0,
    "cgst" : 320.72,
    "sgst" : 320.72,
    "total" : 4204.0,
    "valBefTax" : 3563.5
  }, {
    "serialNo" : "2",
    "pname" : "P0 SLK C B Silk Luxury Emul",
    "hsn" : "320910",
    "pack" : "1.0 LT",
    "nop" : 1,
    "qty" : 1.0,
    "rate" : 498.3,
    "taxRt" : 18.0,
    "cgst" : 44.85,
    "sgst" : 44.85,
    "total" : 588.0,
    "valBefTax" : 498.3
  } ],
  "totalCgst" : 365.57,
  "totalSgst" : 365.57,
  "total" : 4792.0,
  "totalvbt" : 4061.8,
  "totalNop" : 2.0,
  "totqty" : 11.0,
  "paymentMode" : "Cash"
}