{
  "invoiceNo" : "000254",
  "date" : "22/04/2022",
  "cname" : "A B GROUP",
  "caddress" : "1/1 A BHOLA NATH PAUL ROAD KOL 700006",
  "cgstno" : null,
  "items" : [ {
    "serialNo" : "1",
    "pname" : "SEAL O PRIME Xp Hs Seal O Prime",
    "hsn" : "320910",
    "pack" : "20.0 LT",
    "nop" : 1,
    "qty" : 20.0,
    "rate" : 3093.2,
    "taxRt" : 18.0,
    "cgst" : 278.39,
    "sgst" : 278.39,
    "total" : 3649.0,
    "valBefTax" : 3093.2
  }, {
    "serialNo" : "2",
    "pname" : "HAPPY WALL PUTTY Putty",
    "hsn" : "321410",
    "pack" : "20.0 KG",
    "nop" : 1,
    "qty" : 20.0,
    "rate" : 1059.3,
    "taxRt" : 18.0,
    "cgst" : 95.34,
    "sgst" : 95.34,
    "total" : 1249.0,
    "valBefTax" : 1059.3
  }, {
    "serialNo" : "3",
    "pname" : "BISON EXT PUTTY Putty",
    "hsn" : "321410",
    "pack" : "30.0 KG",
    "nop" : 1,
    "qty" : 30.0,
    "rate" : 525.42,
    "taxRt" : 18.0,
    "cgst" : 47.29,
    "sgst" : 47.29,
    "total" : 620.0,
    "valBefTax" : 525.42
  }, {
    "serialNo" : "4",
    "pname" : "PARROT WOOD PRIMER Wood  Primer Solvent",
    "hsn" : "320890",
    "pack" : "4.0 LT",
    "nop" : 1,
    "qty" : 4.0,
    "rate" : 720.33,
    "taxRt" : 18.0,
    "cgst" : 64.83,
    "sgst" : 64.83,
    "total" : 849.0,
    "valBefTax" : 720.33
  } ],
  "totalCgst" : 485.85,
  "totalSgst" : 485.85,
  "total" : 6367.0,
  "totalvbt" : 5398.25,
  "totalNop" : 4.0,
  "totqty" : 74.0,
  "paymentMode" : "Credit"
}