{
  "invoiceNo" : "000378",
  "date" : "04/05/2022",
  "cname" : "CASH A/C",
  "caddress" : null,
  "cgstno" : null,
  "items" : [ {
    "serialNo" : "1",
    "pname" : "TRUCK BROWN Luxol High Gloss Ena",
    "hsn" : "320890",
    "pack" : "1.0 LT",
    "nop" : 1,
    "qty" : 1.0,
    "rate" : 220.34,
    "taxRt" : 18.0,
    "cgst" : 19.83,
    "sgst" : 19.83,
    "total" : 260.0,
    "valBefTax" : 220.34
  }, {
    "serialNo" : "2",
    "pname" : "TERRACOTTA WCOAT FL Weather Coat Floor P",
    "hsn" : "320910",
    "pack" : "1.0 LTR",
    "nop" : 1,
    "qty" : 1.0,
    "rate" : 466.1,
    "taxRt" : 18.0,
    "cgst" : 41.95,
    "sgst" : 41.95,
    "total" : 550.0,
    "valBefTax" : 466.1
  } ],
  "totalCgst" : 61.78,
  "totalSgst" : 61.78,
  "total" : 810.0,
  "totalvbt" : 686.44,
  "totalNop" : 2.0,
  "totqty" : 2.0,
  "paymentMode" : "Cash"
}