{
  "invoiceNo" : "000106",
  "date" : "12/04/2022",
  "cname" : "CASH A/C",
  "caddress" : null,
  "cgstno" : null,
  "items" : [ {
    "serialNo" : "1",
    "pname" : "80 SANDING PAPER Xp Consumables",
    "hsn" : "68252040",
    "pack" : "1.0 LTR",
    "nop" : 3,
    "qty" : 3.0,
    "rate" : 42.37,
    "taxRt" : 18.0,
    "cgst" : 11.43,
    "sgst" : 11.43,
    "total" : 150.0,
    "valBefTax" : 127.11
  }, {
    "serialNo" : "2",
    "pname" : "P0 SLK B EASY Xp Slk Breathe Easy",
    "hsn" : "320910",
    "pack" : "1.0 LTR",
    "nop" : 2,
    "qty" : 2.0,
    "rate" : 565.25,
    "taxRt" : 18.0,
    "cgst" : 101.74,
    "sgst" : 101.74,
    "total" : 1333.0,
    "valBefTax" : 1130.5
  }, {
    "serialNo" : "3",
    "pname" : "3\" ARJUN Brushes",
    "hsn" : "96034010",
    "pack" : "1.0 PCS",
    "nop" : 1,
    "qty" : 1.0,
    "rate" : 76.27,
    "taxRt" : 18.0,
    "cgst" : 6.86,
    "sgst" : 6.86,
    "total" : 89.0,
    "valBefTax" : 76.27
  }, {
    "serialNo" : "4",
    "pname" : "P0 RTC C B Rangoli Total Ca",
    "hsn" : "320910",
    "pack" : "4.0 LT",
    "nop" : 1,
    "qty" : 4.0,
    "rate" : 1110.2,
    "taxRt" : 18.0,
    "cgst" : 99.91,
    "sgst" : 99.91,
    "total" : 1309.0,
    "valBefTax" : 1110.2
  }, {
    "serialNo" : "5",
    "pname" : "R BLUE Robin Blue",
    "hsn" : "32064100",
    "pack" : "0.05 KG",
    "nop" : 1,
    "qty" : 0.05,
    "rate" : 22.03,
    "taxRt" : 18.0,
    "cgst" : 1.98,
    "sgst" : 1.98,
    "total" : 25.0,
    "valBefTax" : 22.03
  }, {
    "serialNo" : "6",
    "pname" : "HAPPY WALL PUTTY Putty",
    "hsn" : "321410",
    "pack" : "1.0 KG",
    "nop" : 5,
    "qty" : 5.0,
    "rate" : 61.02,
    "taxRt" : 18.0,
    "cgst" : 27.45,
    "sgst" : 27.45,
    "total" : 360.0,
    "valBefTax" : 305.1
  }, {
    "serialNo" : "7",
    "pname" : "W0 BISON C B Bison Super Dist",
    "hsn" : "320910",
    "pack" : "20.0 KG",
    "nop" : 1,
    "qty" : 20.0,
    "rate" : 847.45,
    "taxRt" : 18.0,
    "cgst" : 76.27,
    "sgst" : 76.27,
    "total" : 999.0,
    "valBefTax" : 847.45
  }, {
    "serialNo" : "8",
    "pname" : "80 NO 4\"X 9\" Handy Sheet",
    "hsn" : "68051010",
    "pack" : "1.0 PCS",
    "nop" : 3,
    "qty" : 3.0,
    "rate" : 8.47,
    "taxRt" : 18.0,
    "cgst" : 2.28,
    "sgst" : 2.28,
    "total" : 30.0,
    "valBefTax" : 25.41
  }, {
    "serialNo" : "9",
    "pname" : "1\" MASKING TAPE BERG Painting Tools Rolle",
    "hsn" : "391910",
    "pack" : "1.0 LTR",
    "nop" : 2,
    "qty" : 2.0,
    "rate" : 25.42,
    "taxRt" : 18.0,
    "cgst" : 4.58,
    "sgst" : 4.58,
    "total" : 60.0,
    "valBefTax" : 50.84
  }, {
    "serialNo" : "10",
    "pname" : "F BLUE Unitint",
    "hsn" : "321390",
    "pack" : "0.05 LTR",
    "nop" : 1,
    "qty" : 0.05,
    "rate" : 38.14,
    "taxRt" : 18.0,
    "cgst" : 3.43,
    "sgst" : 3.43,
    "total" : 45.0,
    "valBefTax" : 38.14
  }, {
    "serialNo" : "11",
    "pname" : "P0 ANTI DUST C B Xp Wcoat Anti Du",
    "hsn" : "320910",
    "pack" : "1.0 LTR",
    "nop" : 1,
    "qty" : 1.0,
    "rate" : 332.2,
    "taxRt" : 18.0,
    "cgst" : 29.9,
    "sgst" : 29.9,
    "total" : 392.0,
    "valBefTax" : 332.2
  }, {
    "serialNo" : "12",
    "pname" : "YLW ANTI DUST C B Xp Wcoat Anti Du",
    "hsn" : "320910",
    "pack" : "0.9 LTR",
    "nop" : 1,
    "qty" : 0.9,
    "rate" : 395.76,
    "taxRt" : 18.0,
    "cgst" : 35.62,
    "sgst" : 35.62,
    "total" : 467.0,
    "valBefTax" : 395.76
  }, {
    "serialNo" : "13",
    "pname" : "80 Dry Sheet",
    "hsn" : "68052010",
    "pack" : "1.0 PCS",
    "nop" : 1,
    "qty" : 1.0,
    "rate" : 10.17,
    "taxRt" : 18.0,
    "cgst" : 0.92,
    "sgst" : 0.92,
    "total" : 12.0,
    "valBefTax" : 10.17
  }, {
    "serialNo" : "14",
    "pname" : "BP WHT ST Wood  Primer Solvent",
    "hsn" : "320810",
    "pack" : "0.5 LTR",
    "nop" : 1,
    "qty" : 0.5,
    "rate" : 84.75,
    "taxRt" : 18.0,
    "cgst" : 7.63,
    "sgst" : 7.63,
    "total" : 100.0,
    "valBefTax" : 84.75
  }, {
    "serialNo" : "15",
    "pname" : "YLW LUXOL XTRA C B Luxol Xtra Ename",
    "hsn" : "320890",
    "pack" : "0.95 LTR",
    "nop" : 2,
    "qty" : 1.9,
    "rate" : 254.24,
    "taxRt" : 18.0,
    "cgst" : 45.76,
    "sgst" : 45.76,
    "total" : 599.0,
    "valBefTax" : 508.48
  }, {
    "serialNo" : "16",
    "pname" : "80 NO Wet & Dry Sandpaper",
    "hsn" : "68051010",
    "pack" : "1.0 PCS",
    "nop" : 3,
    "qty" : 3.0,
    "rate" : 14.41,
    "taxRt" : 18.0,
    "cgst" : 3.9,
    "sgst" : 3.9,
    "total" : 51.0,
    "valBefTax" : 43.23
  }, {
    "serialNo" : "17",
    "pname" : "100 NO Wet & Dry Sandpaper",
    "hsn" : "680510",
    "pack" : "1.0 PCS",
    "nop" : 1,
    "qty" : 1.0,
    "rate" : 14.41,
    "taxRt" : 18.0,
    "cgst" : 1.3,
    "sgst" : 1.3,
    "total" : 17.0,
    "valBefTax" : 14.41
  } ],
  "totalCgst" : 460.96,
  "totalSgst" : 460.96,
  "total" : 6038.0,
  "totalvbt" : 5122.05,
  "totalNop" : 30.0,
  "totqty" : 49.4,
  "paymentMode" : "Cash"
}