{
  "invoiceNo" : "000185",
  "date" : "18/04/2022",
  "cname" : "CASH A/C",
  "caddress" : null,
  "cgstno" : null,
  "items" : [ {
    "serialNo" : "1",
    "pname" : "GOLD MTLK illusion Designer Fi",
    "hsn" : "320910",
    "pack" : "0.2 LT",
    "nop" : 1,
    "qty" : 0.2,
    "rate" : 156.78,
    "taxRt" : 18.0,
    "cgst" : 14.11,
    "sgst" : 14.11,
    "total" : 185.0,
    "valBefTax" : 156.78
  }, {
    "serialNo" : "2",
    "pname" : "W1 BE SLK SHEEN Xp Slk Breathe Easy",
    "hsn" : "320910",
    "pack" : "0.9 LTR",
    "nop" : 1,
    "qty" : 0.9,
    "rate" : 574.57,
    "taxRt" : 18.0,
    "cgst" : 51.71,
    "sgst" : 51.71,
    "total" : 677.0,
    "valBefTax" : 574.57
  }, {
    "serialNo" : "3",
    "pname" : "GLDN BROWN Luxol High Gloss Ena",
    "hsn" : "320890",
    "pack" : "0.5 LT",
    "nop" : 1,
    "qty" : 0.5,
    "rate" : 118.64,
    "taxRt" : 18.0,
    "cgst" : 10.68,
    "sgst" : 10.68,
    "total" : 140.0,
    "valBefTax" : 118.64
  } ],
  "totalCgst" : 76.5,
  "totalSgst" : 76.5,
  "total" : 1002.0,
  "totalvbt" : 849.99,
  "totalNop" : 3.0,
  "totqty" : 1.6,
  "paymentMode" : "Cash"
}