{
  "invoiceNo" : "000158",
  "date" : "16/04/2022",
  "cname" : "CASH A/C",
  "caddress" : null,
  "cgstno" : null,
  "items" : [ {
    "serialNo" : "1",
    "pname" : "BISON EXT PUTTY Putty",
    "hsn" : "321410",
    "pack" : "40.0 KG",
    "nop" : 10,
    "qty" : 400.0,
    "rate" : 614.4,
    "taxRt" : 18.0,
    "cgst" : 553.0,
    "sgst" : 553.0,
    "total" : 7249.0,
    "valBefTax" : 6144.0
  } ],
  "totalCgst" : 553.0,
  "totalSgst" : 553.0,
  "total" : 7249.0,
  "totalvbt" : 6144.0,
  "totalNop" : 10.0,
  "totqty" : 400.0,
  "paymentMode" : "Cash"
}