{
  "invoiceNo" : "000394",
  "date" : "05/05/2022",
  "cname" : "KUNDU UDYOG",
  "caddress" : "100/2A, MATHAPUR 3RD LANE NABADWIP NADIA",
  "cgstno" : null,
  "items" : [ {
    "serialNo" : "1",
    "pname" : "PRO WATERPROOF PUTTY Pro Water Proof Putt",
    "hsn" : "321410",
    "pack" : "40.0 KGS",
    "nop" : 1,
    "qty" : 40.0,
    "rate" : 1440.7,
    "taxRt" : 18.0,
    "cgst" : 129.66,
    "sgst" : 129.66,
    "total" : 1699.0,
    "valBefTax" : 1440.7
  } ],
  "totalCgst" : 129.66,
  "totalSgst" : 129.66,
  "total" : 1699.0,
  "totalvbt" : 1440.7,
  "totalNop" : 1.0,
  "totqty" : 40.0,
  "paymentMode" : "Cash"
}