{
  "invoiceNo" : "000455",
  "date" : "09/05/2022",
  "cname" : "CASH A/C",
  "caddress" : null,
  "cgstno" : null,
  "items" : [ {
    "serialNo" : "1",
    "pname" : "BUTTERFLY AC METAL Metal Primer Solvent",
    "hsn" : "320890",
    "pack" : "1.0 LT",
    "nop" : 1,
    "qty" : 1.0,
    "rate" : 182.2,
    "taxRt" : 18.0,
    "cgst" : 16.4,
    "sgst" : 16.4,
    "total" : 215.0,
    "valBefTax" : 182.2
  } ],
  "totalCgst" : 16.4,
  "totalSgst" : 16.4,
  "total" : 215.0,
  "totalvbt" : 182.2,
  "totalNop" : 1.0,
  "totqty" : 1.0,
  "paymentMode" : "Cash"
}