{
  "invoiceNo" : "000167",
  "date" : "17/04/2022",
  "cname" : "M RAJU BISWAS",
  "caddress" : null,
  "cgstno" : null,
  "items" : [ {
    "serialNo" : "1",
    "pname" : "P0 WLL Xp Wcoat Long Life",
    "hsn" : "320910",
    "pack" : "20.0 LTR",
    "nop" : 1,
    "qty" : 20.0,
    "rate" : 8813.5,
    "taxRt" : 18.0,
    "cgst" : 793.21,
    "sgst" : 793.21,
    "total" : 10399.0,
    "valBefTax" : 8813.5
  }, {
    "serialNo" : "2",
    "pname" : "N2 LONG LIFE Xp Wcoat Long Life",
    "hsn" : "320910",
    "pack" : "3.6 LTR",
    "nop" : 1,
    "qty" : 3.6,
    "rate" : 1981.3,
    "taxRt" : 18.0,
    "cgst" : 178.32,
    "sgst" : 178.32,
    "total" : 2337.0,
    "valBefTax" : 1981.3
  }, {
    "serialNo" : "3",
    "pname" : "YLW LONG LIFE Xp Wcoat Long Life",
    "hsn" : "320910",
    "pack" : "0.9 LTR",
    "nop" : 4,
    "qty" : 3.6,
    "rate" : 561.86,
    "taxRt" : 18.0,
    "cgst" : 202.28,
    "sgst" : 202.28,
    "total" : 2651.0,
    "valBefTax" : 2247.44
  } ],
  "totalCgst" : 1173.81,
  "totalSgst" : 1173.81,
  "total" : 15387.0,
  "totalvbt" : 13042.24,
  "totalNop" : 6.0,
  "totqty" : 27.2,
  "paymentMode" : "Credit"
}