{
  "invoiceNo" : "000015",
  "date" : "05/04/2022",
  "cname" : "M SABHYASCHI",
  "caddress" : null,
  "cgstno" : null,
  "items" : [ {
    "serialNo" : "1",
    "pname" : "YLW BISON C B Bison Emulsion",
    "hsn" : "320910",
    "pack" : "0.9 LT",
    "nop" : 2,
    "qty" : 1.8,
    "rate" : 261.86,
    "taxRt" : 18.0,
    "cgst" : 47.14,
    "sgst" : 47.14,
    "total" : 618.0,
    "valBefTax" : 523.72
  }, {
    "serialNo" : "2",
    "pname" : "BASE COAT Silk B E Base Coat",
    "hsn" : "320910",
    "pack" : "10.0 LTR",
    "nop" : 1,
    "qty" : 10.0,
    "rate" : 1779.7,
    "taxRt" : 18.0,
    "cgst" : 160.17,
    "sgst" : 160.17,
    "total" : 2099.0,
    "valBefTax" : 1779.7
  } ],
  "totalCgst" : 207.31,
  "totalSgst" : 207.31,
  "total" : 2717.0,
  "totalvbt" : 2303.42,
  "totalNop" : 3.0,
  "totqty" : 11.8,
  "paymentMode" : "Credit"
}