{
  "invoiceNo" : "000329",
  "date" : "28/04/2022",
  "cname" : "CASH A/C",
  "caddress" : null,
  "cgstno" : null,
  "items" : [ {
    "serialNo" : "1",
    "pname" : "WCOAT EXT PRIMER Exterior Wall Primer",
    "hsn" : "320910",
    "pack" : "20.0 LT",
    "nop" : 2,
    "qty" : 40.0,
    "rate" : 2500.0,
    "taxRt" : 18.0,
    "cgst" : 450.0,
    "sgst" : 450.0,
    "total" : 5899.0,
    "valBefTax" : 5000.0
  }, {
    "serialNo" : "2",
    "pname" : "BLACK LHG Luxol High Gloss Ena",
    "hsn" : "320890",
    "pack" : "1.0 LT",
    "nop" : 2,
    "qty" : 2.0,
    "rate" : 220.34,
    "taxRt" : 18.0,
    "cgst" : 39.66,
    "sgst" : 39.66,
    "total" : 519.0,
    "valBefTax" : 440.68
  }, {
    "serialNo" : "3",
    "pname" : "BUTTERFLY AC METAL Metal Primer Solvent",
    "hsn" : "320890",
    "pack" : "1.0 LT",
    "nop" : 1,
    "qty" : 1.0,
    "rate" : 177.96,
    "taxRt" : 18.0,
    "cgst" : 16.02,
    "sgst" : 16.02,
    "total" : 210.0,
    "valBefTax" : 177.96
  } ],
  "totalCgst" : 505.68,
  "totalSgst" : 505.68,
  "total" : 6628.0,
  "totalvbt" : 5618.64,
  "totalNop" : 5.0,
  "totqty" : 43.0,
  "paymentMode" : "Cash"
}