{
  "invoiceNo" : "000396",
  "date" : "05/05/2022",
  "cname" : "CASH A/C",
  "caddress" : null,
  "cgstno" : null,
  "items" : [ {
    "serialNo" : "1",
    "pname" : "LW+ PIDIPROOF Dr Fixit Pidiproof L",
    "hsn" : "38244010",
    "pack" : "5.0 LTR",
    "nop" : 1,
    "qty" : 5.0,
    "rate" : 504.23,
    "taxRt" : 18.0,
    "cgst" : 45.38,
    "sgst" : 45.38,
    "total" : 594.0,
    "valBefTax" : 504.23
  } ],
  "totalCgst" : 45.38,
  "totalSgst" : 45.38,
  "total" : 594.0,
  "totalvbt" : 504.23,
  "totalNop" : 1.0,
  "totqty" : 5.0,
  "paymentMode" : "Cash"
}