{
  "invoiceNo" : "000136",
  "date" : "14/04/2022",
  "cname" : "APOLLO PHARMACY",
  "caddress" : "JYANGRA GHOSH PARA KOL 159",
  "cgstno" : null,
  "items" : [ {
    "serialNo" : "1",
    "pname" : "BR WHITE SHEEN PROMI Sheen Promise Exteri",
    "hsn" : "32091010",
    "pack" : "1.0 LTR",
    "nop" : 1,
    "qty" : 1.0,
    "rate" : 152.54,
    "taxRt" : 18.0,
    "cgst" : 13.73,
    "sgst" : 13.73,
    "total" : 180.0,
    "valBefTax" : 152.54
  }, {
    "serialNo" : "2",
    "pname" : "2\" ARJUN Brushes",
    "hsn" : "96034010",
    "pack" : "1.0 PCS",
    "nop" : 1,
    "qty" : 1.0,
    "rate" : 16.95,
    "taxRt" : 18.0,
    "cgst" : 1.53,
    "sgst" : 1.53,
    "total" : 20.0,
    "valBefTax" : 16.95
  } ],
  "totalCgst" : 15.26,
  "totalSgst" : 15.26,
  "total" : 200.0,
  "totalvbt" : 169.49,
  "totalNop" : 2.0,
  "totqty" : 2.0,
  "paymentMode" : "Cash"
}