{
  "invoiceNo" : "000435",
  "date" : "07/05/2022",
  "cname" : "ABDUL HAMID",
  "caddress" : "HATIARA MAJHER PARA",
  "cgstno" : null,
  "items" : [ {
    "serialNo" : "1",
    "pname" : "N1 LONG LIFE XP Xp Wcoat Long Life",
    "hsn" : "320910",
    "pack" : "18.0 LTR",
    "nop" : 1,
    "qty" : 18.0,
    "rate" : 8305.0,
    "taxRt" : 18.0,
    "cgst" : 747.45,
    "sgst" : 747.45,
    "total" : 9799.0,
    "valBefTax" : 8305.0
  }, {
    "serialNo" : "2",
    "pname" : "N1 LONG LIFE XP Xp Wcoat Long Life",
    "hsn" : "320910",
    "pack" : "18.0 LTR",
    "nop" : 2,
    "qty" : 36.0,
    "rate" : 8305.0,
    "taxRt" : 18.0,
    "cgst" : 1494.9,
    "sgst" : 1494.9,
    "total" : 19599.0,
    "valBefTax" : 16610.0
  }, {
    "serialNo" : "3",
    "pname" : "PRO N2 WLL 10 Long Life 10 Profess",
    "hsn" : "320910",
    "pack" : "3.6 LTR",
    "nop" : 1,
    "qty" : 3.6,
    "rate" : 2238.1,
    "taxRt" : 18.0,
    "cgst" : 201.43,
    "sgst" : 201.43,
    "total" : 2640.0,
    "valBefTax" : 2238.1
  }, {
    "serialNo" : "4",
    "pname" : "FEVISTICK 22 GM 3506",
    "hsn" : "35061000",
    "pack" : "1.0 PCS",
    "nop" : 1,
    "qty" : 1.0,
    "rate" : 12.71,
    "taxRt" : 18.0,
    "cgst" : 1.14,
    "sgst" : 1.14,
    "total" : 14.0,
    "valBefTax" : 12.71
  } ],
  "totalCgst" : 2444.92,
  "totalSgst" : 2444.92,
  "total" : 32052.0,
  "totalvbt" : 27165.81,
  "totalNop" : 5.0,
  "totqty" : 58.6,
  "paymentMode" : "Credit"
}