{
  "invoiceNo" : "000086",
  "date" : "10/04/2022",
  "cname" : "CASH A/C",
  "caddress" : null,
  "cgstno" : null,
  "items" : [ {
    "serialNo" : "1",
    "pname" : "SEAL O PRIME Xp Hs Seal O Prime",
    "hsn" : "320910",
    "pack" : "20.0 LT",
    "nop" : 1,
    "qty" : 20.0,
    "rate" : 3008.5,
    "taxRt" : 18.0,
    "cgst" : 270.76,
    "sgst" : 270.76,
    "total" : 3549.0,
    "valBefTax" : 3008.5
  }, {
    "serialNo" : "2",
    "pname" : "220 NO Wet & Dry Sandpaper",
    "hsn" : "680510",
    "pack" : "1.0 PCS",
    "nop" : 5,
    "qty" : 5.0,
    "rate" : 14.41,
    "taxRt" : 18.0,
    "cgst" : 6.5,
    "sgst" : 6.5,
    "total" : 84.0,
    "valBefTax" : 72.05
  }, {
    "serialNo" : "3",
    "pname" : "150 NO Wet & Dry Sandpaper",
    "hsn" : "680510",
    "pack" : "1.0 PCS",
    "nop" : 7,
    "qty" : 7.0,
    "rate" : 14.41,
    "taxRt" : 18.0,
    "cgst" : 9.1,
    "sgst" : 9.1,
    "total" : 119.0,
    "valBefTax" : 100.87
  } ],
  "totalCgst" : 286.36,
  "totalSgst" : 286.36,
  "total" : 3752.0,
  "totalvbt" : 3181.42,
  "totalNop" : 13.0,
  "totqty" : 32.0,
  "paymentMode" : "Cash"
}