{
  "invoiceNo" : "000064",
  "date" : "09/04/2022",
  "cname" : "CASH A/C",
  "caddress" : null,
  "cgstno" : null,
  "items" : [ {
    "serialNo" : "1",
    "pname" : "W1 ANTI DUST XP C B Xp Wcoat Anti Du",
    "hsn" : "320910",
    "pack" : "0.9 LTR",
    "nop" : 1,
    "qty" : 0.9,
    "rate" : 343.22,
    "taxRt" : 18.0,
    "cgst" : 30.89,
    "sgst" : 30.89,
    "total" : 405.0,
    "valBefTax" : 343.22
  }, {
    "serialNo" : "2",
    "pname" : "N2 ANTI C B Xp Wcoat Anti Du",
    "hsn" : "320910",
    "pack" : "0.9 LTR",
    "nop" : 1,
    "qty" : 0.9,
    "rate" : 355.08,
    "taxRt" : 18.0,
    "cgst" : 31.96,
    "sgst" : 31.96,
    "total" : 419.0,
    "valBefTax" : 355.08
  }, {
    "serialNo" : "3",
    "pname" : "BRN ANTI DUST C B Xp Wcoat Anti Du",
    "hsn" : "320910",
    "pack" : "0.9 LTR",
    "nop" : 1,
    "qty" : 0.9,
    "rate" : 334.74,
    "taxRt" : 18.0,
    "cgst" : 30.13,
    "sgst" : 30.13,
    "total" : 395.0,
    "valBefTax" : 334.74
  }, {
    "serialNo" : "4",
    "pname" : "BLACK Luxol Pu Enamel",
    "hsn" : "320890",
    "pack" : "1.0 LTR",
    "nop" : 1,
    "qty" : 1.0,
    "rate" : 237.29,
    "taxRt" : 18.0,
    "cgst" : 21.36,
    "sgst" : 21.36,
    "total" : 280.0,
    "valBefTax" : 237.29
  } ],
  "totalCgst" : 114.34,
  "totalSgst" : 114.34,
  "total" : 1499.0,
  "totalvbt" : 1270.33,
  "totalNop" : 4.0,
  "totqty" : 3.7,
  "paymentMode" : "Cash"
}