{
  "invoiceNo" : "000177",
  "date" : "18/04/2022",
  "cname" : "CASH A/C",
  "caddress" : null,
  "cgstno" : null,
  "items" : [ {
    "serialNo" : "1",
    "pname" : "BPCPWT Interior Wall Primer",
    "hsn" : "320910",
    "pack" : "10.0 LT",
    "nop" : 1,
    "qty" : 10.0,
    "rate" : 1250.0,
    "taxRt" : 18.0,
    "cgst" : 112.5,
    "sgst" : 112.5,
    "total" : 1474.0,
    "valBefTax" : 1250.0
  }, {
    "serialNo" : "2",
    "pname" : "80 NO Wet & Dry Sandpaper",
    "hsn" : "68051010",
    "pack" : "1.0 PCS",
    "nop" : 2,
    "qty" : 2.0,
    "rate" : 14.41,
    "taxRt" : 18.0,
    "cgst" : 2.6,
    "sgst" : 2.6,
    "total" : 33.0,
    "valBefTax" : 28.82
  }, {
    "serialNo" : "3",
    "pname" : "BLACK LHG Luxol High Gloss Ena",
    "hsn" : "320890",
    "pack" : "4.0 LT",
    "nop" : 1,
    "qty" : 4.0,
    "rate" : 855.92,
    "taxRt" : 18.0,
    "cgst" : 77.03,
    "sgst" : 77.03,
    "total" : 1009.0,
    "valBefTax" : 855.92
  }, {
    "serialNo" : "4",
    "pname" : "GP THINNER Thinners",
    "hsn" : "320810",
    "pack" : "1.0 LTR",
    "nop" : 2,
    "qty" : 2.0,
    "rate" : 101.69,
    "taxRt" : 18.0,
    "cgst" : 18.3,
    "sgst" : 18.3,
    "total" : 239.0,
    "valBefTax" : 203.38
  }, {
    "serialNo" : "5",
    "pname" : "PARROT WOOD PRIMER Wood  Primer Solvent",
    "hsn" : "320890",
    "pack" : "1.0 LT",
    "nop" : 1,
    "qty" : 1.0,
    "rate" : 186.44,
    "taxRt" : 18.0,
    "cgst" : 16.78,
    "sgst" : 16.78,
    "total" : 220.0,
    "valBefTax" : 186.44
  }, {
    "serialNo" : "6",
    "pname" : "BISON EXT PUTTY Putty",
    "hsn" : "321410",
    "pack" : "30.0 KG",
    "nop" : 1,
    "qty" : 30.0,
    "rate" : 525.42,
    "taxRt" : 18.0,
    "cgst" : 47.29,
    "sgst" : 47.29,
    "total" : 620.0,
    "valBefTax" : 525.42
  }, {
    "serialNo" : "7",
    "pname" : "F YLW Unitint",
    "hsn" : "321390",
    "pack" : "0.05 LTR",
    "nop" : 1,
    "qty" : 0.05,
    "rate" : 32.2,
    "taxRt" : 18.0,
    "cgst" : 2.9,
    "sgst" : 2.9,
    "total" : 38.0,
    "valBefTax" : 32.2
  }, {
    "serialNo" : "8",
    "pname" : "P1 LONG LIFE  XP Xp Wcoat Long Life",
    "hsn" : "320910",
    "pack" : "0.9 LTR",
    "nop" : 1,
    "qty" : 0.9,
    "rate" : 519.49,
    "taxRt" : 18.0,
    "cgst" : 46.75,
    "sgst" : 46.75,
    "total" : 612.0,
    "valBefTax" : 519.49
  }, {
    "serialNo" : "9",
    "pname" : "80 NO Wet & Dry Sandpaper",
    "hsn" : "68051010",
    "pack" : "1.0 PCS",
    "nop" : 2,
    "qty" : 2.0,
    "rate" : 14.41,
    "taxRt" : 18.0,
    "cgst" : 2.6,
    "sgst" : 2.6,
    "total" : 33.0,
    "valBefTax" : 28.82
  }, {
    "serialNo" : "10",
    "pname" : "N1 WAL C B Walmasta",
    "hsn" : "320910",
    "pack" : "9.0 LTR",
    "nop" : 1,
    "qty" : 9.0,
    "rate" : 1906.8,
    "taxRt" : 18.0,
    "cgst" : 171.61,
    "sgst" : 171.61,
    "total" : 2249.0,
    "valBefTax" : 1906.8
  }, {
    "serialNo" : "11",
    "pname" : "N1 WAL C B Walmasta",
    "hsn" : "320910",
    "pack" : "18.0 LTR",
    "nop" : 1,
    "qty" : 18.0,
    "rate" : 3813.5,
    "taxRt" : 18.0,
    "cgst" : 343.22,
    "sgst" : 343.22,
    "total" : 4499.0,
    "valBefTax" : 3813.5
  } ],
  "totalCgst" : 841.58,
  "totalSgst" : 841.58,
  "total" : 11026.0,
  "totalvbt" : 9350.79,
  "totalNop" : 14.0,
  "totqty" : 78.95,
  "paymentMode" : "Cash"
}