{
  "invoiceNo" : "000075",
  "date" : "09/04/2022",
  "cname" : "DAS CONSTRUCTION CO",
  "caddress" : "CD276/A NARAYANTALA EAST KOL 159",
  "cgstno" : null,
  "items" : [ {
    "serialNo" : "1",
    "pname" : "P0 WCS C B Weathercoat Smoo",
    "hsn" : "320910",
    "pack" : "20.0 LTR",
    "nop" : 2,
    "qty" : 40.0,
    "rate" : 5127.1,
    "taxRt" : 18.0,
    "cgst" : 922.88,
    "sgst" : 922.88,
    "total" : 12099.0,
    "valBefTax" : 10254.2
  }, {
    "serialNo" : "2",
    "pname" : "YLW WCS C B Weathercoat Smoo",
    "hsn" : "320910",
    "pack" : "3.6 LTR",
    "nop" : 1,
    "qty" : 3.6,
    "rate" : 1264.4,
    "taxRt" : 18.0,
    "cgst" : 113.8,
    "sgst" : 113.8,
    "total" : 1492.0,
    "valBefTax" : 1264.4
  } ],
  "totalCgst" : 1036.68,
  "totalSgst" : 1036.68,
  "total" : 13591.0,
  "totalvbt" : 11518.6,
  "totalNop" : 3.0,
  "totqty" : 43.6,
  "paymentMode" : "Cash"
}