{
  "invoiceNo" : "000002",
  "date" : "05/04/2022",
  "cname" : "CASH A/C",
  "caddress" : null,
  "cgstno" : null,
  "items" : [ {
    "serialNo" : "1",
    "pname" : "BPCPWT Interior Wall Primer",
    "hsn" : "320910",
    "pack" : "10.0 LT",
    "nop" : 1,
    "qty" : 10.0,
    "rate" : 1250.0,
    "taxRt" : 18.0,
    "cgst" : 112.5,
    "sgst" : 112.5,
    "total" : 1474.0,
    "valBefTax" : 1250.0
  }, {
    "serialNo" : "2",
    "pname" : "P0 EC XP FRESH Xp E. Clean Fresh",
    "hsn" : "320910",
    "pack" : "1.0 LTR",
    "nop" : 2,
    "qty" : 2.0,
    "rate" : 364.4,
    "taxRt" : 18.0,
    "cgst" : 65.6,
    "sgst" : 65.6,
    "total" : 859.0,
    "valBefTax" : 728.8
  }, {
    "serialNo" : "3",
    "pname" : "4\" SMART Brushes",
    "hsn" : "96034010",
    "pack" : "1.0 PCS",
    "nop" : 1,
    "qty" : 1.0,
    "rate" : 296.61,
    "taxRt" : 18.0,
    "cgst" : 26.69,
    "sgst" : 26.69,
    "total" : 349.0,
    "valBefTax" : 296.61
  } ],
  "totalCgst" : 204.79,
  "totalSgst" : 204.79,
  "total" : 2682.0,
  "totalvbt" : 2275.41,
  "totalNop" : 4.0,
  "totqty" : 13.0,
  "paymentMode" : "Cash"
}