{
  "invoiceNo" : "000422",
  "date" : "06/05/2022",
  "cname" : "CASH A/C",
  "caddress" : null,
  "cgstno" : null,
  "items" : [ {
    "serialNo" : "1",
    "pname" : "WCOAT EXT PRIMER Exterior Wall Primer",
    "hsn" : "320910",
    "pack" : "10.0 LT",
    "nop" : 1,
    "qty" : 10.0,
    "rate" : 1254.2,
    "taxRt" : 18.0,
    "cgst" : 112.88,
    "sgst" : 112.88,
    "total" : 1479.0,
    "valBefTax" : 1254.2
  } ],
  "totalCgst" : 112.88,
  "totalSgst" : 112.88,
  "total" : 1479.0,
  "totalvbt" : 1254.2,
  "totalNop" : 1.0,
  "totqty" : 10.0,
  "paymentMode" : "Cash"
}