{
  "invoiceNo" : "000214",
  "date" : "20/04/2022",
  "cname" : "CASH A/C",
  "caddress" : null,
  "cgstno" : null,
  "items" : [ {
    "serialNo" : "1",
    "pname" : "PARROT WOOD PRIMER Wood  Primer Solvent",
    "hsn" : "320890",
    "pack" : "0.5 LT",
    "nop" : 1,
    "qty" : 0.5,
    "rate" : 97.46,
    "taxRt" : 18.0,
    "cgst" : 8.77,
    "sgst" : 8.77,
    "total" : 115.0,
    "valBefTax" : 97.46
  }, {
    "serialNo" : "2",
    "pname" : "F ORANGE Luxol Universal Stai",
    "hsn" : "321390",
    "pack" : "0.1 LTR",
    "nop" : 1,
    "qty" : 0.1,
    "rate" : 59.32,
    "taxRt" : 18.0,
    "cgst" : 5.34,
    "sgst" : 5.34,
    "total" : 70.0,
    "valBefTax" : 59.32
  } ],
  "totalCgst" : 14.11,
  "totalSgst" : 14.11,
  "total" : 185.0,
  "totalvbt" : 156.78,
  "totalNop" : 2.0,
  "totqty" : 0.6,
  "paymentMode" : "Cash"
}