{
  "invoiceNo" : "000343",
  "date" : "29/04/2022",
  "cname" : "CASH A/C",
  "caddress" : null,
  "cgstno" : null,
  "items" : [ {
    "serialNo" : "1",
    "pname" : "W2 LUX XTRA C B Luxol Xtra Ename",
    "hsn" : "320890",
    "pack" : "0.95 LT",
    "nop" : 2,
    "qty" : 1.9,
    "rate" : 262.71,
    "taxRt" : 18.0,
    "cgst" : 47.28,
    "sgst" : 47.28,
    "total" : 620.0,
    "valBefTax" : 525.42
  } ],
  "totalCgst" : 47.28,
  "totalSgst" : 47.28,
  "total" : 620.0,
  "totalvbt" : 525.42,
  "totalNop" : 2.0,
  "totqty" : 1.9,
  "paymentMode" : "Cash"
}