{
  "invoiceNo" : "000429",
  "date" : "07/05/2022",
  "cname" : "CASH A/C",
  "caddress" : null,
  "cgstno" : null,
  "items" : [ {
    "serialNo" : "1",
    "pname" : "SP C B Machine Colouran",
    "hsn" : "321390",
    "pack" : "1.0 LTR",
    "nop" : 1,
    "qty" : 1.0,
    "rate" : 0.85,
    "taxRt" : 18.0,
    "cgst" : 0.08,
    "sgst" : 0.08,
    "total" : 1.0,
    "valBefTax" : 0.85
  }, {
    "serialNo" : "2",
    "pname" : "LM C B Machine Colouran",
    "hsn" : "321390",
    "pack" : "1.0 LTR",
    "nop" : 1,
    "qty" : 1.0,
    "rate" : 0.85,
    "taxRt" : 18.0,
    "cgst" : 0.08,
    "sgst" : 0.08,
    "total" : 1.0,
    "valBefTax" : 0.85
  }, {
    "serialNo" : "3",
    "pname" : "GC C B Machine Colouran",
    "hsn" : "321390",
    "pack" : "1.0 LTR",
    "nop" : 1,
    "qty" : 1.0,
    "rate" : 0.85,
    "taxRt" : 18.0,
    "cgst" : 0.08,
    "sgst" : 0.08,
    "total" : 1.0,
    "valBefTax" : 0.85
  }, {
    "serialNo" : "4",
    "pname" : "MINT GREEN Luxol High Gloss Ena",
    "hsn" : "320890",
    "pack" : "4.0 LTR",
    "nop" : 1,
    "qty" : 4.0,
    "rate" : 949.14,
    "taxRt" : 18.0,
    "cgst" : 85.42,
    "sgst" : 85.42,
    "total" : 1119.0,
    "valBefTax" : 949.14
  } ],
  "totalCgst" : 85.66,
  "totalSgst" : 85.66,
  "total" : 1122.0,
  "totalvbt" : 951.69,
  "totalNop" : 4.0,
  "totqty" : 7.0,
  "paymentMode" : "Cash"
}