{
  "invoiceNo" : "000219",
  "date" : "20/04/2022",
  "cname" : "M SABHYASCHI",
  "caddress" : null,
  "cgstno" : null,
  "items" : [ {
    "serialNo" : "1",
    "pname" : "SEAL O PRIME Xp Hs Seal O Prime",
    "hsn" : "320910",
    "pack" : "10.0 LT",
    "nop" : 1,
    "qty" : 10.0,
    "rate" : 1678.0,
    "taxRt" : 18.0,
    "cgst" : 151.02,
    "sgst" : 151.02,
    "total" : 1979.0,
    "valBefTax" : 1678.0
  } ],
  "totalCgst" : 151.02,
  "totalSgst" : 151.02,
  "total" : 1979.0,
  "totalvbt" : 1678.0,
  "totalNop" : 1.0,
  "totqty" : 10.0,
  "paymentMode" : "Credit"
}