{
  "invoiceNo" : "000028",
  "date" : "06/04/2022",
  "cname" : "CASH A/C",
  "caddress" : null,
  "cgstno" : null,
  "items" : [ {
    "serialNo" : "1",
    "pname" : "BISON EXT PUTTY Putty",
    "hsn" : "321410",
    "pack" : "40.0 KG",
    "nop" : 5,
    "qty" : 200.0,
    "rate" : 618.64,
    "taxRt" : 18.0,
    "cgst" : 278.4,
    "sgst" : 278.4,
    "total" : 3649.0,
    "valBefTax" : 3093.2
  } ],
  "totalCgst" : 278.4,
  "totalSgst" : 278.4,
  "total" : 3649.0,
  "totalvbt" : 3093.2,
  "totalNop" : 5.0,
  "totqty" : 200.0,
  "paymentMode" : "Cash"
}