{
  "invoiceNo" : "000280",
  "date" : "25/04/2022",
  "cname" : "CASH A/C",
  "caddress" : null,
  "cgstno" : null,
  "items" : [ {
    "serialNo" : "1",
    "pname" : "BIRLA WPP Wall Seal Waterproof",
    "hsn" : "32141000",
    "pack" : "30.0 KGS",
    "nop" : 1,
    "qty" : 30.0,
    "rate" : 864.4,
    "taxRt" : 18.0,
    "cgst" : 77.8,
    "sgst" : 77.8,
    "total" : 1020.0,
    "valBefTax" : 864.4
  } ],
  "totalCgst" : 77.8,
  "totalSgst" : 77.8,
  "total" : 1020.0,
  "totalvbt" : 864.4,
  "totalNop" : 1.0,
  "totqty" : 30.0,
  "paymentMode" : "Cash"
}