{
  "invoiceNo" : "000361",
  "date" : "01/05/2022",
  "cname" : "CASH A/C",
  "caddress" : null,
  "cgstno" : null,
  "items" : [ {
    "serialNo" : "1",
    "pname" : "BR WHITE Promise Smart Choice",
    "hsn" : "32091010",
    "pack" : "1.0 LTR",
    "nop" : 1,
    "qty" : 1.0,
    "rate" : 101.69,
    "taxRt" : 18.0,
    "cgst" : 9.15,
    "sgst" : 9.15,
    "total" : 119.0,
    "valBefTax" : 101.69
  }, {
    "serialNo" : "2",
    "pname" : "F Y GREEN Unitint",
    "hsn" : "32139000",
    "pack" : "0.05 LTR",
    "nop" : 1,
    "qty" : 0.05,
    "rate" : 32.2,
    "taxRt" : 18.0,
    "cgst" : 2.9,
    "sgst" : 2.9,
    "total" : 38.0,
    "valBefTax" : 32.2
  }, {
    "serialNo" : "3",
    "pname" : "F ORANGE Luxol Universal Stai",
    "hsn" : "321390",
    "pack" : "0.05 LTR",
    "nop" : 1,
    "qty" : 0.05,
    "rate" : 32.2,
    "taxRt" : 18.0,
    "cgst" : 2.9,
    "sgst" : 2.9,
    "total" : 38.0,
    "valBefTax" : 32.2
  }, {
    "serialNo" : "4",
    "pname" : "F ORANGE Luxol Universal Stai",
    "hsn" : "321390",
    "pack" : "0.05 LTR",
    "nop" : 1,
    "qty" : 0.05,
    "rate" : 32.2,
    "taxRt" : 18.0,
    "cgst" : 2.9,
    "sgst" : 2.9,
    "total" : 38.0,
    "valBefTax" : 32.2
  }, {
    "serialNo" : "5",
    "pname" : "MOTI Ddl",
    "hsn" : "320910",
    "pack" : "1.0 KGS",
    "nop" : 1,
    "qty" : 1.0,
    "rate" : 50.85,
    "taxRt" : 18.0,
    "cgst" : 4.58,
    "sgst" : 4.58,
    "total" : 60.0,
    "valBefTax" : 50.85
  } ],
  "totalCgst" : 22.43,
  "totalSgst" : 22.43,
  "total" : 293.0,
  "totalvbt" : 249.14,
  "totalNop" : 5.0,
  "totqty" : 2.15,
  "paymentMode" : "Cash"
}