{
  "invoiceNo" : "000222",
  "date" : "21/04/2022",
  "cname" : "CASH A/C",
  "caddress" : null,
  "cgstno" : null,
  "items" : [ {
    "serialNo" : "1",
    "pname" : "N2 WLL 7 Xp Long Life 7",
    "hsn" : "320910",
    "pack" : "0.9 LTR",
    "nop" : 2,
    "qty" : 1.8,
    "rate" : 404.23,
    "taxRt" : 18.0,
    "cgst" : 72.76,
    "sgst" : 72.76,
    "total" : 953.0,
    "valBefTax" : 808.46
  }, {
    "serialNo" : "2",
    "pname" : "PALE CREAM Luxol High Gloss Ena",
    "hsn" : "320890",
    "pack" : "1.0 LT",
    "nop" : 1,
    "qty" : 1.0,
    "rate" : 250.0,
    "taxRt" : 18.0,
    "cgst" : 22.5,
    "sgst" : 22.5,
    "total" : 295.0,
    "valBefTax" : 250.0
  } ],
  "totalCgst" : 95.26,
  "totalSgst" : 95.26,
  "total" : 1248.0,
  "totalvbt" : 1058.46,
  "totalNop" : 3.0,
  "totqty" : 2.8,
  "paymentMode" : "Cash"
}