{
  "invoiceNo" : "000160",
  "date" : "16/04/2022",
  "cname" : "M SABHYASCHI",
  "caddress" : null,
  "cgstno" : null,
  "items" : [ {
    "serialNo" : "1",
    "pname" : "PRO N2 WLL 10 Long Life 10 Profess",
    "hsn" : "320910",
    "pack" : "3.6 LTR",
    "nop" : 1,
    "qty" : 3.6,
    "rate" : 2072.0,
    "taxRt" : 18.0,
    "cgst" : 186.48,
    "sgst" : 186.48,
    "total" : 2444.0,
    "valBefTax" : 2072.0
  } ],
  "totalCgst" : 186.48,
  "totalSgst" : 186.48,
  "total" : 2444.0,
  "totalvbt" : 2072.0,
  "totalNop" : 1.0,
  "totqty" : 3.6,
  "paymentMode" : "Credit"
}