{
  "invoiceNo" : "000079",
  "date" : "09/04/2022",
  "cname" : "PRADUT DA",
  "caddress" : "8240074126",
  "cgstno" : null,
  "items" : [ {
    "serialNo" : "1",
    "pname" : "BPCPWT Interior Wall Primer",
    "hsn" : "320910",
    "pack" : "1.0 LT",
    "nop" : 1,
    "qty" : 1.0,
    "rate" : 148.3,
    "taxRt" : 18.0,
    "cgst" : 13.35,
    "sgst" : 13.35,
    "total" : 175.0,
    "valBefTax" : 148.3
  }, {
    "serialNo" : "2",
    "pname" : "W1 SLK C B Silk Luxury Emul",
    "hsn" : "320910",
    "pack" : "3.6 LT",
    "nop" : 1,
    "qty" : 3.6,
    "rate" : 1989.0,
    "taxRt" : 18.0,
    "cgst" : 179.01,
    "sgst" : 179.01,
    "total" : 2346.0,
    "valBefTax" : 1989.0
  }, {
    "serialNo" : "3",
    "pname" : "P0 SLK C B Silk Luxury Emul",
    "hsn" : "320910",
    "pack" : "1.0 LT",
    "nop" : 1,
    "qty" : 1.0,
    "rate" : 483.05,
    "taxRt" : 18.0,
    "cgst" : 43.47,
    "sgst" : 43.47,
    "total" : 569.0,
    "valBefTax" : 483.05
  }, {
    "serialNo" : "4",
    "pname" : "PHIROZA BLUE Luxol Pu Enamel",
    "hsn" : "320890",
    "pack" : "1.0 LTR",
    "nop" : 2,
    "qty" : 2.0,
    "rate" : 237.29,
    "taxRt" : 18.0,
    "cgst" : 42.72,
    "sgst" : 42.72,
    "total" : 559.0,
    "valBefTax" : 474.58
  }, {
    "serialNo" : "5",
    "pname" : "120 NO Wet & Dry Sandpaper",
    "hsn" : "680510",
    "pack" : "1.0 PCS",
    "nop" : 3,
    "qty" : 3.0,
    "rate" : 14.41,
    "taxRt" : 18.0,
    "cgst" : 3.9,
    "sgst" : 3.9,
    "total" : 51.0,
    "valBefTax" : 43.23
  } ],
  "totalCgst" : 282.45,
  "totalSgst" : 282.45,
  "total" : 3700.0,
  "totalvbt" : 3138.16,
  "totalNop" : 8.0,
  "totqty" : 10.6,
  "paymentMode" : "Credit"
}