{
  "invoiceNo" : "000385",
  "date" : "04/05/2022",
  "cname" : "SOHAM COMMERCIAL",
  "caddress" : "7B,KAPALITOLA LANE 2ND FLOOR KOL-12",
  "cgstno" : null,
  "items" : [ {
    "serialNo" : "1",
    "pname" : "BLACK Luxol Pu Enamel",
    "hsn" : "320890",
    "pack" : "1.0 LTR",
    "nop" : 2,
    "qty" : 2.0,
    "rate" : 233.05,
    "taxRt" : 18.0,
    "cgst" : 41.94,
    "sgst" : 41.94,
    "total" : 550.0,
    "valBefTax" : 466.1
  } ],
  "totalCgst" : 41.94,
  "totalSgst" : 41.94,
  "total" : 550.0,
  "totalvbt" : 466.1,
  "totalNop" : 2.0,
  "totqty" : 2.0,
  "paymentMode" : "Credit"
}