{
  "invoiceNo" : "000022",
  "date" : "06/04/2022",
  "cname" : "SOHAM COMMERCIAL",
  "caddress" : "7B,KAPALITOLA LANE 2ND FLOOR KOL-12",
  "cgstno" : null,
  "items" : [ {
    "serialNo" : "1",
    "pname" : "W3 LUX  XTRA C B Luxol Xtra Ename",
    "hsn" : "320890",
    "pack" : "3.8 LT",
    "nop" : 1,
    "qty" : 3.8,
    "rate" : 974.57,
    "taxRt" : 18.0,
    "cgst" : 87.71,
    "sgst" : 87.71,
    "total" : 1149.0,
    "valBefTax" : 974.57
  }, {
    "serialNo" : "2",
    "pname" : "BUTTERFLY AC METAL Metal Primer Solvent",
    "hsn" : "320890",
    "pack" : "0.5 LT",
    "nop" : 1,
    "qty" : 0.5,
    "rate" : 93.22,
    "taxRt" : 18.0,
    "cgst" : 8.39,
    "sgst" : 8.39,
    "total" : 110.0,
    "valBefTax" : 93.22
  } ],
  "totalCgst" : 96.1,
  "totalSgst" : 96.1,
  "total" : 1259.0,
  "totalvbt" : 1067.79,
  "totalNop" : 2.0,
  "totqty" : 4.3,
  "paymentMode" : "Credit"
}