{
  "invoiceNo" : "000450",
  "date" : "08/05/2022",
  "cname" : "CASH A/C",
  "caddress" : null,
  "cgstno" : null,
  "items" : [ {
    "serialNo" : "1",
    "pname" : "BLACK Luxol Universal Stai",
    "hsn" : "321390",
    "pack" : "0.05 LTR",
    "nop" : 1,
    "qty" : 0.05,
    "rate" : 22.88,
    "taxRt" : 18.0,
    "cgst" : 2.06,
    "sgst" : 2.06,
    "total" : 27.0,
    "valBefTax" : 22.88
  } ],
  "totalCgst" : 2.06,
  "totalSgst" : 2.06,
  "total" : 27.0,
  "totalvbt" : 22.88,
  "totalNop" : 1.0,
  "totqty" : 0.05,
  "paymentMode" : "Cash"
}