{
  "invoiceNo" : "000245",
  "date" : "22/04/2022",
  "cname" : "SRIKANTA BRAMHA",
  "caddress" : "JAGATPUR",
  "cgstno" : null,
  "items" : [ {
    "serialNo" : "1",
    "pname" : "BPCPWT Interior Wall Primer",
    "hsn" : "320910",
    "pack" : "4.0 LT",
    "nop" : 2,
    "qty" : 8.0,
    "rate" : 542.37,
    "taxRt" : 18.0,
    "cgst" : 97.62,
    "sgst" : 97.62,
    "total" : 1280.0,
    "valBefTax" : 1084.74
  }, {
    "serialNo" : "2",
    "pname" : "120 Mk Eco Wet Paper",
    "hsn" : "68052090",
    "pack" : "1.0 PCS",
    "nop" : 5,
    "qty" : 5.0,
    "rate" : 14.41,
    "taxRt" : 18.0,
    "cgst" : 6.5,
    "sgst" : 6.5,
    "total" : 84.0,
    "valBefTax" : 72.05
  } ],
  "totalCgst" : 104.12,
  "totalSgst" : 104.12,
  "total" : 1364.0,
  "totalvbt" : 1156.79,
  "totalNop" : 7.0,
  "totqty" : 13.0,
  "paymentMode" : "Cash"
}