{
  "invoiceNo" : "000373",
  "date" : "03/05/2022",
  "cname" : "CASH A/C",
  "caddress" : null,
  "cgstno" : null,
  "items" : [ {
    "serialNo" : "1",
    "pname" : "ST CP St Primers",
    "hsn" : "32081010",
    "pack" : "4.0 LT",
    "nop" : 1,
    "qty" : 4.0,
    "rate" : 593.22,
    "taxRt" : 18.0,
    "cgst" : 53.39,
    "sgst" : 53.39,
    "total" : 700.0,
    "valBefTax" : 593.22
  }, {
    "serialNo" : "2",
    "pname" : "LATEX SHIELD 2K Construction Chemica",
    "hsn" : "321490",
    "pack" : "15.0 KGS",
    "nop" : 1,
    "qty" : 15.0,
    "rate" : 1398.3,
    "taxRt" : 18.0,
    "cgst" : 125.85,
    "sgst" : 125.85,
    "total" : 1649.0,
    "valBefTax" : 1398.3
  } ],
  "totalCgst" : 179.24,
  "totalSgst" : 179.24,
  "total" : 2349.0,
  "totalvbt" : 1991.52,
  "totalNop" : 2.0,
  "totqty" : 19.0,
  "paymentMode" : "Cash"
}