{
  "invoiceNo" : "000274",
  "date" : "24/04/2022",
  "cname" : "SRIKANTA BRAMHA",
  "caddress" : "JAGATPUR",
  "cgstno" : null,
  "items" : [ {
    "serialNo" : "1",
    "pname" : "P0 SLK GLOW Silk Glow",
    "hsn" : "320910",
    "pack" : "4.0 LTR",
    "nop" : 1,
    "qty" : 4.0,
    "rate" : 1940.7,
    "taxRt" : 18.0,
    "cgst" : 174.66,
    "sgst" : 174.66,
    "total" : 2289.0,
    "valBefTax" : 1940.7
  }, {
    "serialNo" : "2",
    "pname" : "RED SLK C B Silk Luxury Emul",
    "hsn" : "320910",
    "pack" : "0.9 LT",
    "nop" : 1,
    "qty" : 0.9,
    "rate" : 560.16,
    "taxRt" : 18.0,
    "cgst" : 50.41,
    "sgst" : 50.41,
    "total" : 660.0,
    "valBefTax" : 560.16
  }, {
    "serialNo" : "3",
    "pname" : "P0 EC C B Easy Clean Luxur",
    "hsn" : "320910",
    "pack" : "1.0 LT",
    "nop" : 2,
    "qty" : 2.0,
    "rate" : 364.4,
    "taxRt" : 18.0,
    "cgst" : 65.6,
    "sgst" : 65.6,
    "total" : 859.0,
    "valBefTax" : 728.8
  } ],
  "totalCgst" : 290.67,
  "totalSgst" : 290.67,
  "total" : 3808.0,
  "totalvbt" : 3229.66,
  "totalNop" : 4.0,
  "totqty" : 6.9,
  "paymentMode" : "Cash"
}