{
  "invoiceNo" : "000019",
  "date" : "05/04/2022",
  "cname" : "CASH A/C",
  "caddress" : null,
  "cgstno" : null,
  "items" : [ {
    "serialNo" : "1",
    "pname" : "N2 SLK C B Silk Luxury Emul",
    "hsn" : "320910",
    "pack" : "0.9 LT",
    "nop" : 1,
    "qty" : 0.9,
    "rate" : 372.88,
    "taxRt" : 18.0,
    "cgst" : 33.56,
    "sgst" : 33.56,
    "total" : 440.0,
    "valBefTax" : 372.88
  } ],
  "totalCgst" : 33.56,
  "totalSgst" : 33.56,
  "total" : 440.0,
  "totalvbt" : 372.88,
  "totalNop" : 1.0,
  "totqty" : 0.9,
  "paymentMode" : "Cash"
}