{
  "invoiceNo" : "000046",
  "date" : "07/04/2022",
  "cname" : "CASH A/C",
  "caddress" : null,
  "cgstno" : null,
  "items" : [ {
    "serialNo" : "1",
    "pname" : "PRO WCOAT EXT PRIMER Wt Primer Pro",
    "hsn" : "320910",
    "pack" : "20.0 LTR",
    "nop" : 1,
    "qty" : 20.0,
    "rate" : 2457.6,
    "taxRt" : 18.0,
    "cgst" : 221.18,
    "sgst" : 221.18,
    "total" : 2899.0,
    "valBefTax" : 2457.6
  }, {
    "serialNo" : "2",
    "pname" : "FAST RED Unitint",
    "hsn" : "321390",
    "pack" : "0.2 LTR",
    "nop" : 1,
    "qty" : 0.2,
    "rate" : 152.54,
    "taxRt" : 18.0,
    "cgst" : 13.73,
    "sgst" : 13.73,
    "total" : 180.0,
    "valBefTax" : 152.54
  }, {
    "serialNo" : "3",
    "pname" : "80 NO BLACK Water Paper",
    "hsn" : "68052010",
    "pack" : "1.0 PCS",
    "nop" : 1,
    "qty" : 1.0,
    "rate" : 14.41,
    "taxRt" : 18.0,
    "cgst" : 1.3,
    "sgst" : 1.3,
    "total" : 17.0,
    "valBefTax" : 14.41
  } ],
  "totalCgst" : 236.21,
  "totalSgst" : 236.21,
  "total" : 3096.0,
  "totalvbt" : 2624.55,
  "totalNop" : 3.0,
  "totqty" : 21.2,
  "paymentMode" : "Cash"
}