{
  "invoiceNo" : "000126",
  "date" : "13/04/2022",
  "cname" : "M SABHYASCHI",
  "caddress" : null,
  "cgstno" : null,
  "items" : [ {
    "serialNo" : "1",
    "pname" : "PRO P0 WLL10 Long Life 10 Profess",
    "hsn" : "32091010",
    "pack" : "20.0 LTR",
    "nop" : 1,
    "qty" : 20.0,
    "rate" : 7733.0,
    "taxRt" : 18.0,
    "cgst" : 695.97,
    "sgst" : 695.97,
    "total" : 9124.0,
    "valBefTax" : 7733.0
  } ],
  "totalCgst" : 695.97,
  "totalSgst" : 695.97,
  "total" : 9124.0,
  "totalvbt" : 7733.0,
  "totalNop" : 1.0,
  "totqty" : 20.0,
  "paymentMode" : "Credit"
}