{
  "invoiceNo" : "000113",
  "date" : "12/04/2022",
  "cname" : "NITYANANDA GHOSH 9830318633",
  "caddress" : "GF 8/2 RABINDRA PALLY ZARDA BAGAN KOL 59",
  "cgstno" : null,
  "items" : [ {
    "serialNo" : "1",
    "pname" : "PRO P0 WLL10 Long Life 10 Profess",
    "hsn" : "32091010",
    "pack" : "20.0 LTR",
    "nop" : 1,
    "qty" : 20.0,
    "rate" : 7961.8,
    "taxRt" : 18.0,
    "cgst" : 716.56,
    "sgst" : 716.56,
    "total" : 9394.0,
    "valBefTax" : 7961.8
  } ],
  "totalCgst" : 716.56,
  "totalSgst" : 716.56,
  "total" : 9394.0,
  "totalvbt" : 7961.8,
  "totalNop" : 1.0,
  "totqty" : 20.0,
  "paymentMode" : "Credit"
}