{
  "invoiceNo" : "000248",
  "date" : "22/04/2022",
  "cname" : "SRIKANTA BRAMHA",
  "caddress" : "JAGATPUR",
  "cgstno" : null,
  "items" : [ {
    "serialNo" : "1",
    "pname" : "N2 ANTI C B Xp Wcoat Anti Du",
    "hsn" : "320910",
    "pack" : "3.6 LTR",
    "nop" : 1,
    "qty" : 3.6,
    "rate" : 1313.6,
    "taxRt" : 18.0,
    "cgst" : 118.22,
    "sgst" : 118.22,
    "total" : 1549.0,
    "valBefTax" : 1313.6
  } ],
  "totalCgst" : 118.22,
  "totalSgst" : 118.22,
  "total" : 1549.0,
  "totalvbt" : 1313.6,
  "totalNop" : 1.0,
  "totqty" : 3.6,
  "paymentMode" : "Cash"
}