{
  "invoiceNo" : "000317",
  "date" : "28/04/2022",
  "cname" : "M RAJU BISWAS",
  "caddress" : null,
  "cgstno" : null,
  "items" : [ {
    "serialNo" : "1",
    "pname" : "SEAL O PRIME Xp Hs Seal O Prime",
    "hsn" : "320910",
    "pack" : "20.0 LT",
    "nop" : 1,
    "qty" : 20.0,
    "rate" : 2966.1,
    "taxRt" : 18.0,
    "cgst" : 266.95,
    "sgst" : 266.95,
    "total" : 3499.0,
    "valBefTax" : 2966.1
  }, {
    "serialNo" : "2",
    "pname" : "T SHIRT Xp Tools",
    "hsn" : "610910",
    "pack" : "1.0 LTR",
    "nop" : 1,
    "qty" : 1.0,
    "rate" : 238.1,
    "taxRt" : 4.0,
    "cgst" : 5.95,
    "sgst" : 5.95,
    "total" : 250.0,
    "valBefTax" : 238.1
  }, {
    "serialNo" : "3",
    "pname" : "220 NO Wet & Dry Sandpaper",
    "hsn" : "680510",
    "pack" : "1.0 PCS",
    "nop" : 12,
    "qty" : 12.0,
    "rate" : 13.56,
    "taxRt" : 18.0,
    "cgst" : 14.64,
    "sgst" : 14.64,
    "total" : 191.0,
    "valBefTax" : 162.72
  }, {
    "serialNo" : "4",
    "pname" : "80 NO Wet & Dry Sandpaper",
    "hsn" : "68051010",
    "pack" : "1.0 PCS",
    "nop" : 6,
    "qty" : 6.0,
    "rate" : 14.41,
    "taxRt" : 18.0,
    "cgst" : 7.8,
    "sgst" : 7.8,
    "total" : 102.0,
    "valBefTax" : 86.46
  }, {
    "serialNo" : "5",
    "pname" : "HAPPY WALL PUTTY Putty",
    "hsn" : "321410",
    "pack" : "20.0 KG",
    "nop" : 1,
    "qty" : 20.0,
    "rate" : 1050.8,
    "taxRt" : 18.0,
    "cgst" : 94.58,
    "sgst" : 94.58,
    "total" : 1240.0,
    "valBefTax" : 1050.8
  }, {
    "serialNo" : "6",
    "pname" : "DAMPSTOP Construction Chemica",
    "hsn" : "400211",
    "pack" : "2.0 KG",
    "nop" : 1,
    "qty" : 2.0,
    "rate" : 381.35,
    "taxRt" : 18.0,
    "cgst" : 34.32,
    "sgst" : 34.32,
    "total" : 449.0,
    "valBefTax" : 381.35
  }, {
    "serialNo" : "7",
    "pname" : "BISON EXT PUTTY Putty",
    "hsn" : "321410",
    "pack" : "30.0 KG",
    "nop" : 1,
    "qty" : 30.0,
    "rate" : 525.42,
    "taxRt" : 18.0,
    "cgst" : 47.29,
    "sgst" : 47.29,
    "total" : 620.0,
    "valBefTax" : 525.42
  }, {
    "serialNo" : "8",
    "pname" : "1\" MASKING TAPE BERG Painting Tools Rolle",
    "hsn" : "391910",
    "pack" : "1.0 LTR",
    "nop" : 6,
    "qty" : 6.0,
    "rate" : 23.73,
    "taxRt" : 18.0,
    "cgst" : 12.84,
    "sgst" : 12.84,
    "total" : 167.0,
    "valBefTax" : 142.38
  } ],
  "totalCgst" : 484.37,
  "totalSgst" : 484.37,
  "total" : 6518.0,
  "totalvbt" : 5553.33,
  "totalNop" : 29.0,
  "totqty" : 97.0,
  "paymentMode" : "Credit"
}