{
  "invoiceNo" : "000006",
  "date" : "05/04/2022",
  "cname" : "CASH A/C",
  "caddress" : null,
  "cgstno" : null,
  "items" : [ {
    "serialNo" : "1",
    "pname" : "P0 SLK GLOW Silk Glow",
    "hsn" : "320910",
    "pack" : "4.0 LTR",
    "nop" : 2,
    "qty" : 8.0,
    "rate" : 1885.6,
    "taxRt" : 18.0,
    "cgst" : 339.4,
    "sgst" : 339.4,
    "total" : 4449.0,
    "valBefTax" : 3771.2
  }, {
    "serialNo" : "2",
    "pname" : "W1 GLMR C B Xp Silk Glamour",
    "hsn" : "320910",
    "pack" : "3.6 LTR",
    "nop" : 1,
    "qty" : 3.6,
    "rate" : 2056.8,
    "taxRt" : 18.0,
    "cgst" : 185.11,
    "sgst" : 185.11,
    "total" : 2426.0,
    "valBefTax" : 2056.8
  }, {
    "serialNo" : "3",
    "pname" : "YLW GLMR C B Xp Silk Glamour",
    "hsn" : "320910",
    "pack" : "3.6 LTR",
    "nop" : 1,
    "qty" : 3.6,
    "rate" : 2259.3,
    "taxRt" : 18.0,
    "cgst" : 203.34,
    "sgst" : 203.34,
    "total" : 2665.0,
    "valBefTax" : 2259.3
  }, {
    "serialNo" : "4",
    "pname" : "N2 GLMR C B Xp Silk Glamour",
    "hsn" : "320910",
    "pack" : "3.6 LT",
    "nop" : 1,
    "qty" : 3.6,
    "rate" : 2316.9,
    "taxRt" : 18.0,
    "cgst" : 208.52,
    "sgst" : 208.52,
    "total" : 2733.0,
    "valBefTax" : 2316.9
  }, {
    "serialNo" : "5",
    "pname" : "R BLUE Robin Blue",
    "hsn" : "32064100",
    "pack" : "0.05 KG",
    "nop" : 1,
    "qty" : 0.05,
    "rate" : 22.03,
    "taxRt" : 18.0,
    "cgst" : 1.98,
    "sgst" : 1.98,
    "total" : 25.0,
    "valBefTax" : 22.03
  }, {
    "serialNo" : "6",
    "pname" : "PALE CREAM Luxol High Gloss Ena",
    "hsn" : "320890",
    "pack" : "1.0 LT",
    "nop" : 1,
    "qty" : 1.0,
    "rate" : 250.0,
    "taxRt" : 18.0,
    "cgst" : 22.5,
    "sgst" : 22.5,
    "total" : 295.0,
    "valBefTax" : 250.0
  }, {
    "serialNo" : "7",
    "pname" : "BLACK GLOSS SPRAY Abro",
    "hsn" : "32089090",
    "pack" : "1.0 PCS",
    "nop" : 1,
    "qty" : 1.0,
    "rate" : 224.57,
    "taxRt" : 18.0,
    "cgst" : 20.21,
    "sgst" : 20.21,
    "total" : 264.0,
    "valBefTax" : 224.57
  }, {
    "serialNo" : "8",
    "pname" : "BR GREEN Unitint",
    "hsn" : "321390",
    "pack" : "0.1 LTR",
    "nop" : 1,
    "qty" : 0.1,
    "rate" : 59.32,
    "taxRt" : 18.0,
    "cgst" : 5.34,
    "sgst" : 5.34,
    "total" : 70.0,
    "valBefTax" : 59.32
  }, {
    "serialNo" : "9",
    "pname" : "ETHINIC GOLD Metallic Emulsion  P",
    "hsn" : "32091090",
    "pack" : "0.2 LTR",
    "nop" : 1,
    "qty" : 0.2,
    "rate" : 211.86,
    "taxRt" : 18.0,
    "cgst" : 19.07,
    "sgst" : 19.07,
    "total" : 250.0,
    "valBefTax" : 211.86
  }, {
    "serialNo" : "10",
    "pname" : "80 SAND IT ALL Handy Sheet",
    "hsn" : "68051010",
    "pack" : "1.0 PCS",
    "nop" : 8,
    "qty" : 8.0,
    "rate" : 8.47,
    "taxRt" : 18.0,
    "cgst" : 6.08,
    "sgst" : 6.08,
    "total" : 80.0,
    "valBefTax" : 67.76
  } ],
  "totalCgst" : 1011.55,
  "totalSgst" : 1011.55,
  "total" : 13257.0,
  "totalvbt" : 11239.74,
  "totalNop" : 18.0,
  "totqty" : 29.15,
  "paymentMode" : "Cash"
}