{
  "invoiceNo" : "000237",
  "date" : "21/04/2022",
  "cname" : "KALIM ENTERPRISE",
  "caddress" : "VIL&PO GHUNI KOL 157",
  "cgstno" : null,
  "items" : [ {
    "serialNo" : "1",
    "pname" : "N2 BE SLK SHEEN Xp Slk Breathe Easy",
    "hsn" : "320910",
    "pack" : "0.9 LTR",
    "nop" : 1,
    "qty" : 0.9,
    "rate" : 599.15,
    "taxRt" : 18.0,
    "cgst" : 53.92,
    "sgst" : 53.92,
    "total" : 706.0,
    "valBefTax" : 599.15
  }, {
    "serialNo" : "2",
    "pname" : "P0 SLK B EASY Xp Slk Breathe Easy",
    "hsn" : "320910",
    "pack" : "1.0 LTR",
    "nop" : 1,
    "qty" : 1.0,
    "rate" : 566.1,
    "taxRt" : 18.0,
    "cgst" : 50.95,
    "sgst" : 50.95,
    "total" : 668.0,
    "valBefTax" : 566.1
  }, {
    "serialNo" : "3",
    "pname" : "P0 SLK B EASY Xp Slk Breathe Easy",
    "hsn" : "320910",
    "pack" : "1.0 LTR",
    "nop" : 1,
    "qty" : 1.0,
    "rate" : 581.35,
    "taxRt" : 18.0,
    "cgst" : 52.32,
    "sgst" : 52.32,
    "total" : 685.0,
    "valBefTax" : 581.35
  }, {
    "serialNo" : "4",
    "pname" : "W1 BE SLK SHEEN Xp Slk Breathe Easy",
    "hsn" : "320910",
    "pack" : "0.9 LTR",
    "nop" : 1,
    "qty" : 0.9,
    "rate" : 572.03,
    "taxRt" : 18.0,
    "cgst" : 51.48,
    "sgst" : 51.48,
    "total" : 674.0,
    "valBefTax" : 572.03
  } ],
  "totalCgst" : 208.67,
  "totalSgst" : 208.67,
  "total" : 2733.0,
  "totalvbt" : 2318.63,
  "totalNop" : 4.0,
  "totqty" : 3.8,
  "paymentMode" : "Credit"
}