{
  "invoiceNo" : "000243",
  "date" : "21/04/2022",
  "cname" : "M RAJU BISWAS",
  "caddress" : null,
  "cgstno" : null,
  "items" : [ {
    "serialNo" : "1",
    "pname" : "P0 WLL Xp Wcoat Long Life",
    "hsn" : "320910",
    "pack" : "10.0 LTR",
    "nop" : 1,
    "qty" : 10.0,
    "rate" : 4601.7,
    "taxRt" : 18.0,
    "cgst" : 414.15,
    "sgst" : 414.15,
    "total" : 5429.0,
    "valBefTax" : 4601.7
  }, {
    "serialNo" : "2",
    "pname" : "N2 LONG LIFE Xp Wcoat Long Life",
    "hsn" : "320910",
    "pack" : "0.9 LTR",
    "nop" : 1,
    "qty" : 0.9,
    "rate" : 573.72,
    "taxRt" : 18.0,
    "cgst" : 51.64,
    "sgst" : 51.64,
    "total" : 677.0,
    "valBefTax" : 573.72
  }, {
    "serialNo" : "3",
    "pname" : "N2 WLL 7 Xp Long Life 7",
    "hsn" : "320910",
    "pack" : "0.9 LTR",
    "nop" : 1,
    "qty" : 0.9,
    "rate" : 573.72,
    "taxRt" : 18.0,
    "cgst" : 51.64,
    "sgst" : 51.64,
    "total" : 677.0,
    "valBefTax" : 573.72
  }, {
    "serialNo" : "4",
    "pname" : "YLW LONG LIFE Xp Wcoat Long Life",
    "hsn" : "320910",
    "pack" : "0.9 LTR",
    "nop" : 1,
    "qty" : 0.9,
    "rate" : 555.93,
    "taxRt" : 18.0,
    "cgst" : 50.03,
    "sgst" : 50.03,
    "total" : 655.0,
    "valBefTax" : 555.93
  } ],
  "totalCgst" : 567.46,
  "totalSgst" : 567.46,
  "total" : 7438.0,
  "totalvbt" : 6305.07,
  "totalNop" : 4.0,
  "totqty" : 12.7,
  "paymentMode" : "Credit"
}