{
  "invoiceNo" : "000275",
  "date" : "24/04/2022",
  "cname" : "M RAJU BISWAS",
  "caddress" : null,
  "cgstno" : null,
  "items" : [ {
    "serialNo" : "1",
    "pname" : "BASE COAT Silk B E Base Coat",
    "hsn" : "320910",
    "pack" : "20.0 LTR",
    "nop" : 1,
    "qty" : 20.0,
    "rate" : 3093.2,
    "taxRt" : 18.0,
    "cgst" : 278.39,
    "sgst" : 278.39,
    "total" : 3649.0,
    "valBefTax" : 3093.2
  }, {
    "serialNo" : "2",
    "pname" : "P0 EC C B Easy Clean Luxur",
    "hsn" : "320910",
    "pack" : "4.0 LT",
    "nop" : 1,
    "qty" : 4.0,
    "rate" : 1432.2,
    "taxRt" : 18.0,
    "cgst" : 128.9,
    "sgst" : 128.9,
    "total" : 1689.0,
    "valBefTax" : 1432.2
  } ],
  "totalCgst" : 407.29,
  "totalSgst" : 407.29,
  "total" : 5338.0,
  "totalvbt" : 4525.4,
  "totalNop" : 2.0,
  "totqty" : 24.0,
  "paymentMode" : "Credit"
}