{
  "invoiceNo" : "000205",
  "date" : "19/04/2022",
  "cname" : "CASH A/C",
  "caddress" : null,
  "cgstno" : null,
  "items" : [ {
    "serialNo" : "1",
    "pname" : "ALKALI BLOC Wb Primers",
    "hsn" : "32091090",
    "pack" : "20.0 LTR",
    "nop" : 1,
    "qty" : 20.0,
    "rate" : 3135.6,
    "taxRt" : 18.0,
    "cgst" : 282.2,
    "sgst" : 282.2,
    "total" : 3699.0,
    "valBefTax" : 3135.6
  } ],
  "totalCgst" : 282.2,
  "totalSgst" : 282.2,
  "total" : 3699.0,
  "totalvbt" : 3135.6,
  "totalNop" : 1.0,
  "totqty" : 20.0,
  "paymentMode" : "Cash"
}