{
  "invoiceNo" : "000200",
  "date" : "19/04/2022",
  "cname" : "CASH A/C",
  "caddress" : null,
  "cgstno" : null,
  "items" : [ {
    "serialNo" : "1",
    "pname" : "BROWN TEKB JL422 Spray Paint",
    "hsn" : "32089090",
    "pack" : "1.0 PCS",
    "nop" : 2,
    "qty" : 2.0,
    "rate" : 161.02,
    "taxRt" : 18.0,
    "cgst" : 28.98,
    "sgst" : 28.98,
    "total" : 379.0,
    "valBefTax" : 322.04
  } ],
  "totalCgst" : 28.98,
  "totalSgst" : 28.98,
  "total" : 379.0,
  "totalvbt" : 322.04,
  "totalNop" : 2.0,
  "totqty" : 2.0,
  "paymentMode" : "Cash"
}