{
  "invoiceNo" : "000225",
  "date" : "21/04/2022",
  "cname" : "CASH A/C",
  "caddress" : null,
  "cgstno" : null,
  "items" : [ {
    "serialNo" : "1",
    "pname" : "P1 WLL 7 Xp Long Life 7",
    "hsn" : "320910",
    "pack" : "9.0 LTR",
    "nop" : 1,
    "qty" : 9.0,
    "rate" : 4127.1,
    "taxRt" : 18.0,
    "cgst" : 371.44,
    "sgst" : 371.44,
    "total" : 4869.0,
    "valBefTax" : 4127.1
  } ],
  "totalCgst" : 371.44,
  "totalSgst" : 371.44,
  "total" : 4869.0,
  "totalvbt" : 4127.1,
  "totalNop" : 1.0,
  "totqty" : 9.0,
  "paymentMode" : "Cash"
}