{
  "invoiceNo" : "000048",
  "date" : "07/04/2022",
  "cname" : "M SABHYASCHI",
  "caddress" : null,
  "cgstno" : null,
  "items" : [ {
    "serialNo" : "1",
    "pname" : "BISON EXT PUTTY Putty",
    "hsn" : "321410",
    "pack" : "30.0 KG",
    "nop" : 1,
    "qty" : 30.0,
    "rate" : 525.42,
    "taxRt" : 18.0,
    "cgst" : 47.29,
    "sgst" : 47.29,
    "total" : 620.0,
    "valBefTax" : 525.42
  }, {
    "serialNo" : "2",
    "pname" : "ARALDITE Epoxy Adhesive",
    "hsn" : "35061000",
    "pack" : "0.09 KGS",
    "nop" : 1,
    "qty" : 0.09,
    "rate" : 194.91,
    "taxRt" : 18.0,
    "cgst" : 17.54,
    "sgst" : 17.54,
    "total" : 229.0,
    "valBefTax" : 194.91
  } ],
  "totalCgst" : 64.83,
  "totalSgst" : 64.83,
  "total" : 849.0,
  "totalvbt" : 720.33,
  "totalNop" : 2.0,
  "totqty" : 30.09,
  "paymentMode" : "Credit"
}