{
  "invoiceNo" : "000008",
  "date" : "05/04/2022",
  "cname" : "CASH A/C",
  "caddress" : null,
  "cgstno" : null,
  "items" : [ {
    "serialNo" : "1",
    "pname" : "MAHOGANI 7IN1 Luxol-7-in-1 Colours",
    "hsn" : "320890",
    "pack" : "0.5 LTR",
    "nop" : 1,
    "qty" : 0.5,
    "rate" : 152.54,
    "taxRt" : 18.0,
    "cgst" : 13.73,
    "sgst" : 13.73,
    "total" : 180.0,
    "valBefTax" : 152.54
  }, {
    "serialNo" : "2",
    "pname" : "W2 LUX XTRA C B Luxol Xtra Ename",
    "hsn" : "320890",
    "pack" : "0.45 LTR",
    "nop" : 1,
    "qty" : 0.45,
    "rate" : 135.59,
    "taxRt" : 18.0,
    "cgst" : 12.2,
    "sgst" : 12.2,
    "total" : 159.0,
    "valBefTax" : 135.59
  }, {
    "serialNo" : "3",
    "pname" : "BL LUX  XTRA C B Luxol Xtra Ename",
    "hsn" : "320810",
    "pack" : "0.45 LT",
    "nop" : 1,
    "qty" : 0.45,
    "rate" : 127.12,
    "taxRt" : 18.0,
    "cgst" : 11.44,
    "sgst" : 11.44,
    "total" : 150.0,
    "valBefTax" : 127.12
  } ],
  "totalCgst" : 37.37,
  "totalSgst" : 37.37,
  "total" : 489.0,
  "totalvbt" : 415.25,
  "totalNop" : 3.0,
  "totqty" : 1.4,
  "paymentMode" : "Cash"
}