{
  "invoiceNo" : "000307",
  "date" : "27/04/2022",
  "cname" : "KALIM ENTERPRISE",
  "caddress" : "VIL&PO GHUNI KOL 157",
  "cgstno" : null,
  "items" : [ {
    "serialNo" : "1",
    "pname" : "HAPPY WALL PUTTY Putty",
    "hsn" : "321410",
    "pack" : "1.0 KG",
    "nop" : 2,
    "qty" : 2.0,
    "rate" : 67.8,
    "taxRt" : 18.0,
    "cgst" : 12.2,
    "sgst" : 12.2,
    "total" : 159.0,
    "valBefTax" : 135.6
  } ],
  "totalCgst" : 12.2,
  "totalSgst" : 12.2,
  "total" : 159.0,
  "totalvbt" : 135.6,
  "totalNop" : 2.0,
  "totqty" : 2.0,
  "paymentMode" : "Credit"
}