{
  "invoiceNo" : "000193",
  "date" : "19/04/2022",
  "cname" : "CASH A/C",
  "caddress" : null,
  "cgstno" : null,
  "items" : [ {
    "serialNo" : "1",
    "pname" : "120 Mk Eco Wet Paper",
    "hsn" : "68052090",
    "pack" : "1.0 PCS",
    "nop" : 4,
    "qty" : 4.0,
    "rate" : 14.41,
    "taxRt" : 18.0,
    "cgst" : 5.2,
    "sgst" : 5.2,
    "total" : 68.0,
    "valBefTax" : 57.64
  }, {
    "serialNo" : "2",
    "pname" : "P0 EC C B Easy Clean Luxur",
    "hsn" : "320910",
    "pack" : "4.0 LT",
    "nop" : 1,
    "qty" : 4.0,
    "rate" : 1432.2,
    "taxRt" : 18.0,
    "cgst" : 128.9,
    "sgst" : 128.9,
    "total" : 1689.0,
    "valBefTax" : 1432.2
  }, {
    "serialNo" : "3",
    "pname" : "P0 SLK GLOW Silk Glow",
    "hsn" : "320910",
    "pack" : "4.0 LTR",
    "nop" : 1,
    "qty" : 4.0,
    "rate" : 1940.7,
    "taxRt" : 18.0,
    "cgst" : 174.66,
    "sgst" : 174.66,
    "total" : 2289.0,
    "valBefTax" : 1940.7
  }, {
    "serialNo" : "4",
    "pname" : "BIG BOY 4\" Brushes",
    "hsn" : "96034010",
    "pack" : "1.0 PCS",
    "nop" : 1,
    "qty" : 1.0,
    "rate" : 466.1,
    "taxRt" : 18.0,
    "cgst" : 41.95,
    "sgst" : 41.95,
    "total" : 550.0,
    "valBefTax" : 466.1
  }, {
    "serialNo" : "5",
    "pname" : "1\" MASKING TAPE BERG Painting Tools Rolle",
    "hsn" : "391910",
    "pack" : "1.0 LTR",
    "nop" : 1,
    "qty" : 1.0,
    "rate" : 25.42,
    "taxRt" : 18.0,
    "cgst" : 2.29,
    "sgst" : 2.29,
    "total" : 30.0,
    "valBefTax" : 25.42
  } ],
  "totalCgst" : 353.0,
  "totalSgst" : 353.0,
  "total" : 4626.0,
  "totalvbt" : 3922.06,
  "totalNop" : 8.0,
  "totqty" : 14.0,
  "paymentMode" : "Cash"
}