{
  "invoiceNo" : "000259",
  "date" : "23/04/2022",
  "cname" : "CASH A/C",
  "caddress" : null,
  "cgstno" : null,
  "items" : [ {
    "serialNo" : "1",
    "pname" : "SEAL O PRIME Xp Hs Seal O Prime",
    "hsn" : "320910",
    "pack" : "20.0 LT",
    "nop" : 1,
    "qty" : 20.0,
    "rate" : 2966.1,
    "taxRt" : 18.0,
    "cgst" : 266.95,
    "sgst" : 266.95,
    "total" : 3499.0,
    "valBefTax" : 2966.1
  }, {
    "serialNo" : "2",
    "pname" : "LATEX SHIELD 2K Construction Chemica",
    "hsn" : "321490",
    "pack" : "3.0 KGS",
    "nop" : 2,
    "qty" : 6.0,
    "rate" : 360.17,
    "taxRt" : 18.0,
    "cgst" : 64.82,
    "sgst" : 64.82,
    "total" : 849.0,
    "valBefTax" : 720.34
  }, {
    "serialNo" : "3",
    "pname" : "P0 BISON XP C B Xp Bison Emulsio",
    "hsn" : "320910",
    "pack" : "10.0 LT",
    "nop" : 1,
    "qty" : 10.0,
    "rate" : 1466.1,
    "taxRt" : 18.0,
    "cgst" : 131.95,
    "sgst" : 131.95,
    "total" : 1729.0,
    "valBefTax" : 1466.1
  }, {
    "serialNo" : "4",
    "pname" : "BISON EXT PUTTY Putty",
    "hsn" : "321410",
    "pack" : "40.0 KG",
    "nop" : 1,
    "qty" : 40.0,
    "rate" : 618.64,
    "taxRt" : 18.0,
    "cgst" : 55.68,
    "sgst" : 55.68,
    "total" : 730.0,
    "valBefTax" : 618.64
  }, {
    "serialNo" : "5",
    "pname" : "R BLUE Robin Blue",
    "hsn" : "32064100",
    "pack" : "0.05 KG",
    "nop" : 2,
    "qty" : 0.1,
    "rate" : 22.03,
    "taxRt" : 18.0,
    "cgst" : 3.96,
    "sgst" : 3.96,
    "total" : 52.0,
    "valBefTax" : 44.06
  }, {
    "serialNo" : "6",
    "pname" : "1\" MASKING TAPE BERG Painting Tools Rolle",
    "hsn" : "391910",
    "pack" : "1.0 LTR",
    "nop" : 2,
    "qty" : 2.0,
    "rate" : 25.42,
    "taxRt" : 18.0,
    "cgst" : 4.58,
    "sgst" : 4.58,
    "total" : 60.0,
    "valBefTax" : 50.84
  } ],
  "totalCgst" : 527.94,
  "totalSgst" : 527.94,
  "total" : 6919.0,
  "totalvbt" : 5866.08,
  "totalNop" : 9.0,
  "totqty" : 78.1,
  "paymentMode" : "Cash"
}