{
  "invoiceNo" : "000337",
  "date" : "29/04/2022",
  "cname" : "CASH A/C",
  "caddress" : null,
  "cgstno" : null,
  "items" : [ {
    "serialNo" : "1",
    "pname" : "P0 PU ENAMEL Base Pu Enamel",
    "hsn" : "320890",
    "pack" : "3.94 LTR",
    "nop" : 1,
    "qty" : 3.94,
    "rate" : 1067.8,
    "taxRt" : 18.0,
    "cgst" : 96.1,
    "sgst" : 96.1,
    "total" : 1259.0,
    "valBefTax" : 1067.8
  } ],
  "totalCgst" : 96.1,
  "totalSgst" : 96.1,
  "total" : 1259.0,
  "totalvbt" : 1067.8,
  "totalNop" : 1.0,
  "totqty" : 3.94,
  "paymentMode" : "Cash"
}