{
  "invoiceNo" : "000292",
  "date" : "26/04/2022",
  "cname" : "CASH A/C",
  "caddress" : null,
  "cgstno" : null,
  "items" : [ {
    "serialNo" : "1",
    "pname" : "TRUCK BROWN Luxol High Gloss Ena",
    "hsn" : "320890",
    "pack" : "0.5 LT",
    "nop" : 1,
    "qty" : 0.5,
    "rate" : 114.41,
    "taxRt" : 18.0,
    "cgst" : 10.3,
    "sgst" : 10.3,
    "total" : 135.0,
    "valBefTax" : 114.41
  }, {
    "serialNo" : "2",
    "pname" : "L BRN Base Pu Enamel",
    "hsn" : "320890",
    "pack" : "0.95 LTR",
    "nop" : 4,
    "qty" : 3.8,
    "rate" : 213.98,
    "taxRt" : 18.0,
    "cgst" : 77.04,
    "sgst" : 77.04,
    "total" : 1009.0,
    "valBefTax" : 855.92
  }, {
    "serialNo" : "3",
    "pname" : "P0 BISON C B Bison Emulsion",
    "hsn" : "320910",
    "pack" : "1.0 LT",
    "nop" : 1,
    "qty" : 1.0,
    "rate" : 148.3,
    "taxRt" : 18.0,
    "cgst" : 13.35,
    "sgst" : 13.35,
    "total" : 175.0,
    "valBefTax" : 148.3
  }, {
    "serialNo" : "4",
    "pname" : "P0 BISON C B Bison Emulsion",
    "hsn" : "320910",
    "pack" : "1.0 LT",
    "nop" : 2,
    "qty" : 2.0,
    "rate" : 154.24,
    "taxRt" : 18.0,
    "cgst" : 27.76,
    "sgst" : 27.76,
    "total" : 363.0,
    "valBefTax" : 308.48
  }, {
    "serialNo" : "5",
    "pname" : "PARROT WOOD PRIMER Wood  Primer Solvent",
    "hsn" : "320890",
    "pack" : "1.0 LT",
    "nop" : 3,
    "qty" : 3.0,
    "rate" : 186.44,
    "taxRt" : 18.0,
    "cgst" : 50.34,
    "sgst" : 50.34,
    "total" : 660.0,
    "valBefTax" : 559.32
  }, {
    "serialNo" : "6",
    "pname" : "2\" ARJUN Brushes",
    "hsn" : "96034010",
    "pack" : "1.0 PCS",
    "nop" : 1,
    "qty" : 1.0,
    "rate" : 42.37,
    "taxRt" : 18.0,
    "cgst" : 3.81,
    "sgst" : 3.81,
    "total" : 49.0,
    "valBefTax" : 42.37
  }, {
    "serialNo" : "7",
    "pname" : "100 Mk Eco Wet Paper",
    "hsn" : "68052090",
    "pack" : "1.0 PCS",
    "nop" : 4,
    "qty" : 4.0,
    "rate" : 14.41,
    "taxRt" : 18.0,
    "cgst" : 5.2,
    "sgst" : 5.2,
    "total" : 68.0,
    "valBefTax" : 57.64
  }, {
    "serialNo" : "8",
    "pname" : "MG C B Machine Colouran",
    "hsn" : "321390",
    "pack" : "1.0 LTR",
    "nop" : 1,
    "qty" : 1.0,
    "rate" : 0.85,
    "taxRt" : 18.0,
    "cgst" : 0.08,
    "sgst" : 0.08,
    "total" : 1.0,
    "valBefTax" : 0.85
  }, {
    "serialNo" : "9",
    "pname" : "P0 RTC C B Rangoli Total Ca",
    "hsn" : "320910",
    "pack" : "4.0 LT",
    "nop" : 1,
    "qty" : 4.0,
    "rate" : 1101.7,
    "taxRt" : 18.0,
    "cgst" : 99.15,
    "sgst" : 99.15,
    "total" : 1299.0,
    "valBefTax" : 1101.7
  }, {
    "serialNo" : "10",
    "pname" : "GLDN BROWN Luxol Pu Enamel",
    "hsn" : "320890",
    "pack" : "1.0 LTR",
    "nop" : 1,
    "qty" : 1.0,
    "rate" : 233.05,
    "taxRt" : 18.0,
    "cgst" : 20.97,
    "sgst" : 20.97,
    "total" : 274.0,
    "valBefTax" : 233.05
  }, {
    "serialNo" : "11",
    "pname" : "BASE COAT Silk B E Base Coat",
    "hsn" : "320910",
    "pack" : "20.0 LTR",
    "nop" : 1,
    "qty" : 20.0,
    "rate" : 3093.2,
    "taxRt" : 18.0,
    "cgst" : 278.39,
    "sgst" : 278.39,
    "total" : 3649.0,
    "valBefTax" : 3093.2
  }, {
    "serialNo" : "12",
    "pname" : "BUTTERFLY AC METAL Metal Primer Solvent",
    "hsn" : "320890",
    "pack" : "0.5 LT",
    "nop" : 1,
    "qty" : 0.5,
    "rate" : 93.22,
    "taxRt" : 18.0,
    "cgst" : 8.39,
    "sgst" : 8.39,
    "total" : 110.0,
    "valBefTax" : 93.22
  }, {
    "serialNo" : "13",
    "pname" : "100 Mk Eco Wet Paper",
    "hsn" : "68052090",
    "pack" : "1.0 PCS",
    "nop" : 1,
    "qty" : 1.0,
    "rate" : 14.41,
    "taxRt" : 18.0,
    "cgst" : 1.3,
    "sgst" : 1.3,
    "total" : 17.0,
    "valBefTax" : 14.41
  }, {
    "serialNo" : "14",
    "pname" : "SEAL O PRIME Xp Hs Seal O Prime",
    "hsn" : "320910",
    "pack" : "10.0 LT",
    "nop" : 1,
    "qty" : 10.0,
    "rate" : 1610.2,
    "taxRt" : 18.0,
    "cgst" : 144.91,
    "sgst" : 144.91,
    "total" : 1899.0,
    "valBefTax" : 1610.2
  }, {
    "serialNo" : "15",
    "pname" : "80 NO 4\"X 9\" Handy Sheet",
    "hsn" : "68051010",
    "pack" : "1.0 PCS",
    "nop" : 3,
    "qty" : 3.0,
    "rate" : 8.47,
    "taxRt" : 18.0,
    "cgst" : 2.28,
    "sgst" : 2.28,
    "total" : 30.0,
    "valBefTax" : 25.41
  }, {
    "serialNo" : "16",
    "pname" : "TERMINATOR Wood Preservative",
    "hsn" : "38089990",
    "pack" : "0.25 LTR",
    "nop" : 2,
    "qty" : 0.5,
    "rate" : 67.8,
    "taxRt" : 18.0,
    "cgst" : 12.2,
    "sgst" : 12.2,
    "total" : 159.0,
    "valBefTax" : 135.6
  }, {
    "serialNo" : "17",
    "pname" : "WHITE CEMENT White Cement",
    "hsn" : "25232100",
    "pack" : "1.0 KGS",
    "nop" : 1,
    "qty" : 1.0,
    "rate" : 27.34,
    "taxRt" : 28.0,
    "cgst" : 3.83,
    "sgst" : 3.83,
    "total" : 35.0,
    "valBefTax" : 27.34
  }, {
    "serialNo" : "18",
    "pname" : "P0 BISON C B Bison Emulsion",
    "hsn" : "320910",
    "pack" : "1.0 LT",
    "nop" : 1,
    "qty" : 1.0,
    "rate" : 154.24,
    "taxRt" : 18.0,
    "cgst" : 13.88,
    "sgst" : 13.88,
    "total" : 182.0,
    "valBefTax" : 154.24
  }, {
    "serialNo" : "19",
    "pname" : "WHITE GLOSS Spray Paint",
    "hsn" : "32089090",
    "pack" : "0.4 LTR",
    "nop" : 2,
    "qty" : 0.8,
    "rate" : 161.02,
    "taxRt" : 18.0,
    "cgst" : 28.98,
    "sgst" : 28.98,
    "total" : 379.0,
    "valBefTax" : 322.04
  }, {
    "serialNo" : "20",
    "pname" : "BP WHT ST Wood  Primer Solvent",
    "hsn" : "320890",
    "pack" : "4.0 LTR",
    "nop" : 1,
    "qty" : 4.0,
    "rate" : 610.16,
    "taxRt" : 18.0,
    "cgst" : 54.91,
    "sgst" : 54.91,
    "total" : 719.0,
    "valBefTax" : 610.16
  }, {
    "serialNo" : "21",
    "pname" : "TRUCK BROWN Luxol High Gloss Ena",
    "hsn" : "320890",
    "pack" : "0.5 LT",
    "nop" : 1,
    "qty" : 0.5,
    "rate" : 118.64,
    "taxRt" : 18.0,
    "cgst" : 10.68,
    "sgst" : 10.68,
    "total" : 140.0,
    "valBefTax" : 118.64
  }, {
    "serialNo" : "22",
    "pname" : "95 SUPER CLEAN Super Clean",
    "hsn" : "32091010",
    "pack" : "1.0 LTR",
    "nop" : 1,
    "qty" : 1.0,
    "rate" : 355.93,
    "taxRt" : 18.0,
    "cgst" : 32.03,
    "sgst" : 32.03,
    "total" : 419.0,
    "valBefTax" : 355.93
  }, {
    "serialNo" : "23",
    "pname" : "94 SUPER CLEAN Super Clean",
    "hsn" : "32091010",
    "pack" : "1.0 LTR",
    "nop" : 1,
    "qty" : 1.0,
    "rate" : 444.06,
    "taxRt" : 18.0,
    "cgst" : 39.97,
    "sgst" : 39.97,
    "total" : 524.0,
    "valBefTax" : 444.06
  }, {
    "serialNo" : "24",
    "pname" : "Y OXIDE Unitint",
    "hsn" : "32139000",
    "pack" : "0.1 LTR",
    "nop" : 1,
    "qty" : 0.1,
    "rate" : 76.27,
    "taxRt" : 18.0,
    "cgst" : 6.86,
    "sgst" : 6.86,
    "total" : 89.0,
    "valBefTax" : 76.27
  }, {
    "serialNo" : "25",
    "pname" : "BLACK Luxol Pu Enamel",
    "hsn" : "320890",
    "pack" : "1.0 LTR",
    "nop" : 1,
    "qty" : 1.0,
    "rate" : 233.05,
    "taxRt" : 18.0,
    "cgst" : 20.97,
    "sgst" : 20.97,
    "total" : 274.0,
    "valBefTax" : 233.05
  }, {
    "serialNo" : "26",
    "pname" : "YLW LONG LIFE Xp Wcoat Long Life",
    "hsn" : "320910",
    "pack" : "0.9 LTR",
    "nop" : 1,
    "qty" : 0.9,
    "rate" : 616.94,
    "taxRt" : 18.0,
    "cgst" : 55.52,
    "sgst" : 55.52,
    "total" : 727.0,
    "valBefTax" : 616.94
  } ],
  "totalCgst" : 1023.1,
  "totalSgst" : 1023.1,
  "total" : 13385.0,
  "totalvbt" : 11352.75,
  "totalNop" : 39.0,
  "totqty" : 67.6,
  "paymentMode" : "Cash"
}