{
  "invoiceNo" : "000162",
  "date" : "17/04/2022",
  "cname" : "CASH A/C",
  "caddress" : null,
  "cgstno" : null,
  "items" : [ {
    "serialNo" : "1",
    "pname" : "SEAL O PRIME Xp Hs Seal O Prime",
    "hsn" : "320910",
    "pack" : "20.0 LT",
    "nop" : 1,
    "qty" : 20.0,
    "rate" : 2966.1,
    "taxRt" : 18.0,
    "cgst" : 266.95,
    "sgst" : 266.95,
    "total" : 3499.0,
    "valBefTax" : 2966.1
  }, {
    "serialNo" : "2",
    "pname" : "150 NO Wet & Dry Sandpaper",
    "hsn" : "680510",
    "pack" : "1.0 PCS",
    "nop" : 18,
    "qty" : 18.0,
    "rate" : 14.41,
    "taxRt" : 18.0,
    "cgst" : 23.4,
    "sgst" : 23.4,
    "total" : 306.0,
    "valBefTax" : 259.38
  } ],
  "totalCgst" : 290.35,
  "totalSgst" : 290.35,
  "total" : 3805.0,
  "totalvbt" : 3225.48,
  "totalNop" : 19.0,
  "totqty" : 38.0,
  "paymentMode" : "Cash"
}