{
  "invoiceNo" : "000419",
  "date" : "06/05/2022",
  "cname" : "CASH A/C",
  "caddress" : null,
  "cgstno" : null,
  "items" : [ {
    "serialNo" : "1",
    "pname" : "BR GREEN Unitint",
    "hsn" : "32139000",
    "pack" : "0.05 LTR",
    "nop" : 1,
    "qty" : 0.05,
    "rate" : 33.9,
    "taxRt" : 18.0,
    "cgst" : 3.05,
    "sgst" : 3.05,
    "total" : 40.0,
    "valBefTax" : 33.9
  }, {
    "serialNo" : "2",
    "pname" : "F YLW Unitint",
    "hsn" : "321390",
    "pack" : "0.05 LTR",
    "nop" : 6,
    "qty" : 0.30000000000000004,
    "rate" : 29.66,
    "taxRt" : 18.0,
    "cgst" : 16.02,
    "sgst" : 16.02,
    "total" : 210.0,
    "valBefTax" : 177.96
  } ],
  "totalCgst" : 19.07,
  "totalSgst" : 19.07,
  "total" : 250.0,
  "totalvbt" : 211.86,
  "totalNop" : 7.0,
  "totqty" : 0.35,
  "paymentMode" : "Cash"
}