{
  "invoiceNo" : "000130",
  "date" : "14/04/2022",
  "cname" : "CASH A/C",
  "caddress" : null,
  "cgstno" : null,
  "items" : [ {
    "serialNo" : "1",
    "pname" : "W3 LUX  XTRA C B Luxol Xtra Ename",
    "hsn" : "320890",
    "pack" : "0.45 LT",
    "nop" : 1,
    "qty" : 0.45,
    "rate" : 118.64,
    "taxRt" : 18.0,
    "cgst" : 10.68,
    "sgst" : 10.68,
    "total" : 140.0,
    "valBefTax" : 118.64
  }, {
    "serialNo" : "2",
    "pname" : "P0 RTC C B Rangoli Total Ca",
    "hsn" : "320910",
    "pack" : "1.0 LT",
    "nop" : 1,
    "qty" : 1.0,
    "rate" : 289.83,
    "taxRt" : 18.0,
    "cgst" : 26.08,
    "sgst" : 26.08,
    "total" : 341.0,
    "valBefTax" : 289.83
  }, {
    "serialNo" : "3",
    "pname" : "2\" ARJUN Brushes",
    "hsn" : "96034010",
    "pack" : "1.0 PCS",
    "nop" : 1,
    "qty" : 1.0,
    "rate" : 42.37,
    "taxRt" : 18.0,
    "cgst" : 3.81,
    "sgst" : 3.81,
    "total" : 49.0,
    "valBefTax" : 42.37
  }, {
    "serialNo" : "4",
    "pname" : "SUPER LATEX Dr Fixit Super Latex",
    "hsn" : "40021100",
    "pack" : "5.0 KGS",
    "nop" : 1,
    "qty" : 5.0,
    "rate" : 1313.6,
    "taxRt" : 18.0,
    "cgst" : 118.22,
    "sgst" : 118.22,
    "total" : 1549.0,
    "valBefTax" : 1313.6
  }, {
    "serialNo" : "5",
    "pname" : "URP Dr Fixit Pidicrete U",
    "hsn" : "40021100",
    "pack" : "1.0 KGS",
    "nop" : 2,
    "qty" : 2.0,
    "rate" : 262.71,
    "taxRt" : 18.0,
    "cgst" : 47.28,
    "sgst" : 47.28,
    "total" : 620.0,
    "valBefTax" : 525.42
  }, {
    "serialNo" : "6",
    "pname" : "PALE CREAM Luxol High Gloss Ena",
    "hsn" : "320890",
    "pack" : "1.0 LT",
    "nop" : 2,
    "qty" : 2.0,
    "rate" : 250.0,
    "taxRt" : 18.0,
    "cgst" : 45.0,
    "sgst" : 45.0,
    "total" : 590.0,
    "valBefTax" : 500.0
  }, {
    "serialNo" : "7",
    "pname" : "BUTTERFLY AC METAL Metal Primer Solvent",
    "hsn" : "320890",
    "pack" : "0.5 LT",
    "nop" : 2,
    "qty" : 1.0,
    "rate" : 93.22,
    "taxRt" : 18.0,
    "cgst" : 16.78,
    "sgst" : 16.78,
    "total" : 220.0,
    "valBefTax" : 186.44
  }, {
    "serialNo" : "8",
    "pname" : "CHERRY Luxol High Gloss Ena",
    "hsn" : "320890",
    "pack" : "0.5 LT",
    "nop" : 1,
    "qty" : 0.5,
    "rate" : 135.59,
    "taxRt" : 18.0,
    "cgst" : 12.2,
    "sgst" : 12.2,
    "total" : 159.0,
    "valBefTax" : 135.59
  }, {
    "serialNo" : "9",
    "pname" : "N2 EC XP FRESH Xp E. Clean Fresh",
    "hsn" : "320910",
    "pack" : "0.9 LTR",
    "nop" : 2,
    "qty" : 1.8,
    "rate" : 436.44,
    "taxRt" : 18.0,
    "cgst" : 78.56,
    "sgst" : 78.56,
    "total" : 1029.0,
    "valBefTax" : 872.88
  }, {
    "serialNo" : "10",
    "pname" : "P0 EC XP FRESH Xp E. Clean Fresh",
    "hsn" : "320910",
    "pack" : "1.0 LTR",
    "nop" : 1,
    "qty" : 1.0,
    "rate" : 398.3,
    "taxRt" : 18.0,
    "cgst" : 35.85,
    "sgst" : 35.85,
    "total" : 470.0,
    "valBefTax" : 398.3
  }, {
    "serialNo" : "11",
    "pname" : "GLDN YLW Luxol High Gloss Ena",
    "hsn" : "320890",
    "pack" : "0.1 LTR",
    "nop" : 1,
    "qty" : 0.1,
    "rate" : 46.61,
    "taxRt" : 18.0,
    "cgst" : 4.19,
    "sgst" : 4.19,
    "total" : 54.0,
    "valBefTax" : 46.61
  }, {
    "serialNo" : "12",
    "pname" : "100 Mk Eco Wet Paper",
    "hsn" : "68052090",
    "pack" : "1.0 PCS",
    "nop" : 3,
    "qty" : 3.0,
    "rate" : 13.66,
    "taxRt" : 18.0,
    "cgst" : 3.69,
    "sgst" : 3.69,
    "total" : 48.0,
    "valBefTax" : 40.98
  }, {
    "serialNo" : "13",
    "pname" : "1\" MASKING TAPE LION Masking Tape",
    "hsn" : "48114100",
    "pack" : "1.0 PCS",
    "nop" : 2,
    "qty" : 2.0,
    "rate" : 25.42,
    "taxRt" : 18.0,
    "cgst" : 4.58,
    "sgst" : 4.58,
    "total" : 60.0,
    "valBefTax" : 50.84
  } ],
  "totalCgst" : 406.92,
  "totalSgst" : 406.92,
  "total" : 5329.0,
  "totalvbt" : 4521.5,
  "totalNop" : 20.0,
  "totqty" : 20.85,
  "paymentMode" : "Cash"
}