{
  "invoiceNo" : "000318",
  "date" : "28/04/2022",
  "cname" : "CASH A/C",
  "caddress" : null,
  "cgstno" : null,
  "items" : [ {
    "serialNo" : "1",
    "pname" : "SNOW WHITE Luxol High Gloss Ena",
    "hsn" : "320890",
    "pack" : "1.0 LT",
    "nop" : 1,
    "qty" : 1.0,
    "rate" : 245.76,
    "taxRt" : 18.0,
    "cgst" : 22.12,
    "sgst" : 22.12,
    "total" : 290.0,
    "valBefTax" : 245.76
  }, {
    "serialNo" : "2",
    "pname" : "PO RED Luxol High Gloss Ena",
    "hsn" : "320890",
    "pack" : "0.2 LTR",
    "nop" : 1,
    "qty" : 0.2,
    "rate" : 80.51,
    "taxRt" : 18.0,
    "cgst" : 7.25,
    "sgst" : 7.25,
    "total" : 95.0,
    "valBefTax" : 80.51
  }, {
    "serialNo" : "3",
    "pname" : "100 Mk Eco Wet Paper",
    "hsn" : "68052090",
    "pack" : "1.0 PCS",
    "nop" : 1,
    "qty" : 1.0,
    "rate" : 14.41,
    "taxRt" : 18.0,
    "cgst" : 1.3,
    "sgst" : 1.3,
    "total" : 17.0,
    "valBefTax" : 14.41
  }, {
    "serialNo" : "4",
    "pname" : "P0 WLL Xp Wcoat Long Life",
    "hsn" : "320910",
    "pack" : "1.0 LTR",
    "nop" : 1,
    "qty" : 1.0,
    "rate" : 544.06,
    "taxRt" : 18.0,
    "cgst" : 48.97,
    "sgst" : 48.97,
    "total" : 642.0,
    "valBefTax" : 544.06
  }, {
    "serialNo" : "5",
    "pname" : "D BRN Base Pu Enamel",
    "hsn" : "320890",
    "pack" : "0.9 LTR",
    "nop" : 2,
    "qty" : 1.8,
    "rate" : 269.49,
    "taxRt" : 18.0,
    "cgst" : 48.5,
    "sgst" : 48.5,
    "total" : 636.0,
    "valBefTax" : 538.98
  }, {
    "serialNo" : "6",
    "pname" : "PARROT WOOD PRIMER Wood  Primer Solvent",
    "hsn" : "320890",
    "pack" : "1.0 LT",
    "nop" : 1,
    "qty" : 1.0,
    "rate" : 186.44,
    "taxRt" : 18.0,
    "cgst" : 16.78,
    "sgst" : 16.78,
    "total" : 220.0,
    "valBefTax" : 186.44
  }, {
    "serialNo" : "7",
    "pname" : "BUS GREEN Luxol High Gloss Ena",
    "hsn" : "320890",
    "pack" : "0.5 LTR",
    "nop" : 1,
    "qty" : 0.5,
    "rate" : 118.64,
    "taxRt" : 18.0,
    "cgst" : 10.68,
    "sgst" : 10.68,
    "total" : 140.0,
    "valBefTax" : 118.64
  }, {
    "serialNo" : "8",
    "pname" : "PALE CREAM Luxol High Gloss Ena",
    "hsn" : "320890",
    "pack" : "4.0 LT",
    "nop" : 1,
    "qty" : 4.0,
    "rate" : 957.62,
    "taxRt" : 18.0,
    "cgst" : 86.19,
    "sgst" : 86.19,
    "total" : 1130.0,
    "valBefTax" : 957.62
  }, {
    "serialNo" : "9",
    "pname" : "F ORANGE Luxol Universal Stai",
    "hsn" : "321390",
    "pack" : "0.1 LTR",
    "nop" : 1,
    "qty" : 0.1,
    "rate" : 67.8,
    "taxRt" : 18.0,
    "cgst" : 6.1,
    "sgst" : 6.1,
    "total" : 80.0,
    "valBefTax" : 67.8
  }, {
    "serialNo" : "10",
    "pname" : "F ORANGE Luxol Universal Stai",
    "hsn" : "321390",
    "pack" : "0.05 LTR",
    "nop" : 2,
    "qty" : 0.1,
    "rate" : 33.9,
    "taxRt" : 18.0,
    "cgst" : 6.1,
    "sgst" : 6.1,
    "total" : 80.0,
    "valBefTax" : 67.8
  }, {
    "serialNo" : "11",
    "pname" : "FAST RED Unitint",
    "hsn" : "321390",
    "pack" : "0.2 LTR",
    "nop" : 1,
    "qty" : 0.2,
    "rate" : 152.54,
    "taxRt" : 18.0,
    "cgst" : 13.73,
    "sgst" : 13.73,
    "total" : 180.0,
    "valBefTax" : 152.54
  }, {
    "serialNo" : "12",
    "pname" : "80 NO 4\"X 9\" Handy Sheet",
    "hsn" : "68051010",
    "pack" : "1.0 PCS",
    "nop" : 2,
    "qty" : 2.0,
    "rate" : 8.47,
    "taxRt" : 18.0,
    "cgst" : 1.52,
    "sgst" : 1.52,
    "total" : 20.0,
    "valBefTax" : 16.94
  }, {
    "serialNo" : "13",
    "pname" : "D BRN Base Pu Enamel",
    "hsn" : "320890",
    "pack" : "0.9 LTR",
    "nop" : 2,
    "qty" : 1.8,
    "rate" : 257.62,
    "taxRt" : 18.0,
    "cgst" : 46.38,
    "sgst" : 46.38,
    "total" : 607.0,
    "valBefTax" : 515.24
  }, {
    "serialNo" : "14",
    "pname" : "YLW LUXOL XTRA C B Luxol Xtra Ename",
    "hsn" : "320890",
    "pack" : "0.95 LTR",
    "nop" : 1,
    "qty" : 0.95,
    "rate" : 259.32,
    "taxRt" : 18.0,
    "cgst" : 23.34,
    "sgst" : 23.34,
    "total" : 306.0,
    "valBefTax" : 259.32
  }, {
    "serialNo" : "15",
    "pname" : "P0 LUX XTRA C B Luxol Xtra Ename",
    "hsn" : "320890",
    "pack" : "0.985 LT",
    "nop" : 1,
    "qty" : 0.985,
    "rate" : 250.0,
    "taxRt" : 18.0,
    "cgst" : 22.5,
    "sgst" : 22.5,
    "total" : 295.0,
    "valBefTax" : 250.0
  }, {
    "serialNo" : "16",
    "pname" : "BUTTERFLY AC METAL Metal Primer Solvent",
    "hsn" : "320890",
    "pack" : "1.0 LT",
    "nop" : 1,
    "qty" : 1.0,
    "rate" : 177.96,
    "taxRt" : 18.0,
    "cgst" : 16.02,
    "sgst" : 16.02,
    "total" : 210.0,
    "valBefTax" : 177.96
  }, {
    "serialNo" : "17",
    "pname" : "N2 GLMR C B Xp Silk Glamour",
    "hsn" : "320910",
    "pack" : "0.9 LT",
    "nop" : 1,
    "qty" : 0.9,
    "rate" : 561.01,
    "taxRt" : 18.0,
    "cgst" : 50.49,
    "sgst" : 50.49,
    "total" : 661.0,
    "valBefTax" : 561.01
  }, {
    "serialNo" : "18",
    "pname" : "N2 LONG LIFE Xp Wcoat Long Life",
    "hsn" : "320910",
    "pack" : "0.9 LTR",
    "nop" : 1,
    "qty" : 0.9,
    "rate" : 555.93,
    "taxRt" : 18.0,
    "cgst" : 50.03,
    "sgst" : 50.03,
    "total" : 655.0,
    "valBefTax" : 555.93
  }, {
    "serialNo" : "19",
    "pname" : "PHIROZA BLUE Luxol Pu Enamel",
    "hsn" : "320890",
    "pack" : "0.5 LTR",
    "nop" : 1,
    "qty" : 0.5,
    "rate" : 127.12,
    "taxRt" : 18.0,
    "cgst" : 11.44,
    "sgst" : 11.44,
    "total" : 150.0,
    "valBefTax" : 127.12
  }, {
    "serialNo" : "20",
    "pname" : "BLACK Luxol Pu Enamel",
    "hsn" : "320890",
    "pack" : "0.5 LTR",
    "nop" : 1,
    "qty" : 0.5,
    "rate" : 127.12,
    "taxRt" : 18.0,
    "cgst" : 11.44,
    "sgst" : 11.44,
    "total" : 150.0,
    "valBefTax" : 127.12
  }, {
    "serialNo" : "21",
    "pname" : "WHITE Luxol-7-in-1 White",
    "hsn" : "320890",
    "pack" : "4.0 LTR",
    "nop" : 1,
    "qty" : 4.0,
    "rate" : 1135.6,
    "taxRt" : 18.0,
    "cgst" : 102.2,
    "sgst" : 102.2,
    "total" : 1339.0,
    "valBefTax" : 1135.6
  }, {
    "serialNo" : "22",
    "pname" : "80 NO Wet & Dry Sandpaper",
    "hsn" : "68051010",
    "pack" : "1.0 PCS",
    "nop" : 6,
    "qty" : 6.0,
    "rate" : 14.41,
    "taxRt" : 18.0,
    "cgst" : 7.8,
    "sgst" : 7.8,
    "total" : 102.0,
    "valBefTax" : 86.46
  }, {
    "serialNo" : "23",
    "pname" : "80 NO 4\"X 9\" Handy Sheet",
    "hsn" : "68051010",
    "pack" : "1.0 PCS",
    "nop" : 5,
    "qty" : 5.0,
    "rate" : 8.47,
    "taxRt" : 18.0,
    "cgst" : 3.8,
    "sgst" : 3.8,
    "total" : 49.0,
    "valBefTax" : 42.35
  }, {
    "serialNo" : "24",
    "pname" : "100 NO 4 Handy Sheet",
    "hsn" : "68051010",
    "pack" : "1.0 PCS",
    "nop" : 1,
    "qty" : 1.0,
    "rate" : 8.47,
    "taxRt" : 18.0,
    "cgst" : 0.76,
    "sgst" : 0.76,
    "total" : 9.0,
    "valBefTax" : 8.47
  } ],
  "totalCgst" : 615.44,
  "totalSgst" : 615.44,
  "total" : 8063.0,
  "totalvbt" : 6838.08,
  "totalNop" : 37.0,
  "totqty" : 36.43,
  "paymentMode" : "Cash"
}