{
  "invoiceNo" : "000391",
  "date" : "05/05/2022",
  "cname" : "KUNDU UDYOG",
  "caddress" : "100/2A, MATHAPUR 3RD LANE NABADWIP NADIA",
  "cgstno" : null,
  "items" : [ {
    "serialNo" : "1",
    "pname" : "LW+ PIDIPROOF Dr Fixit Pidiproof L",
    "hsn" : "38244010",
    "pack" : "1.0 LTR",
    "nop" : 1,
    "qty" : 1.0,
    "rate" : 127.12,
    "taxRt" : 18.0,
    "cgst" : 11.44,
    "sgst" : 11.44,
    "total" : 150.0,
    "valBefTax" : 127.12
  } ],
  "totalCgst" : 11.44,
  "totalSgst" : 11.44,
  "total" : 150.0,
  "totalvbt" : 127.12,
  "totalNop" : 1.0,
  "totqty" : 1.0,
  "paymentMode" : "Cash"
}