{
  "invoiceNo" : "000090",
  "date" : "11/04/2022",
  "cname" : "CASH A/C",
  "caddress" : null,
  "cgstno" : null,
  "items" : [ {
    "serialNo" : "1",
    "pname" : "WHITE Luxol Pu Enamel",
    "hsn" : "320890",
    "pack" : "4.0 LTR",
    "nop" : 1,
    "qty" : 4.0,
    "rate" : 966.09,
    "taxRt" : 18.0,
    "cgst" : 86.95,
    "sgst" : 86.95,
    "total" : 1139.0,
    "valBefTax" : 966.09
  } ],
  "totalCgst" : 86.95,
  "totalSgst" : 86.95,
  "total" : 1139.0,
  "totalvbt" : 966.09,
  "totalNop" : 1.0,
  "totqty" : 4.0,
  "paymentMode" : "Cash"
}