{
  "invoiceNo" : "000240",
  "date" : "21/04/2022",
  "cname" : "A B GROUP",
  "caddress" : "1/1 A BHOLA NATH PAUL ROAD KOL 700006",
  "cgstno" : null,
  "items" : [ {
    "serialNo" : "1",
    "pname" : "P0 SLK B EASY Xp Slk Breathe Easy",
    "hsn" : "320910",
    "pack" : "1.0 LTR",
    "nop" : 1,
    "qty" : 1.0,
    "rate" : 565.25,
    "taxRt" : 18.0,
    "cgst" : 50.87,
    "sgst" : 50.87,
    "total" : 666.0,
    "valBefTax" : 565.25
  } ],
  "totalCgst" : 50.87,
  "totalSgst" : 50.87,
  "total" : 666.0,
  "totalvbt" : 565.25,
  "totalNop" : 1.0,
  "totqty" : 1.0,
  "paymentMode" : "Credit"
}