{
  "invoiceNo" : "000174",
  "date" : "18/04/2022",
  "cname" : "CASH A/C",
  "caddress" : null,
  "cgstno" : null,
  "items" : [ {
    "serialNo" : "1",
    "pname" : "BISON EXT PUTTY Putty",
    "hsn" : "321410",
    "pack" : "40.0 KG",
    "nop" : 3,
    "qty" : 120.0,
    "rate" : 610.16,
    "taxRt" : 18.0,
    "cgst" : 164.73,
    "sgst" : 164.73,
    "total" : 2159.0,
    "valBefTax" : 1830.48
  } ],
  "totalCgst" : 164.73,
  "totalSgst" : 164.73,
  "total" : 2159.0,
  "totalvbt" : 1830.48,
  "totalNop" : 3.0,
  "totqty" : 120.0,
  "paymentMode" : "Cash"
}