{
  "invoiceNo" : "000220",
  "date" : "21/04/2022",
  "cname" : "SANAKA ENTERPRISE",
  "caddress" : "RR 49,JHEEL PAR RD. TARULIA R R SITE KOL 156",
  "cgstno" : null,
  "items" : [ {
    "serialNo" : "1",
    "pname" : "W1 RTC C B Rangoli Total Ca",
    "hsn" : "320910",
    "pack" : "9.0 LT",
    "nop" : 1,
    "qty" : 9.0,
    "rate" : 2389.8,
    "taxRt" : 18.0,
    "cgst" : 215.08,
    "sgst" : 215.08,
    "total" : 2819.0,
    "valBefTax" : 2389.8
  } ],
  "totalCgst" : 215.08,
  "totalSgst" : 215.08,
  "total" : 2819.0,
  "totalvbt" : 2389.8,
  "totalNop" : 1.0,
  "totqty" : 9.0,
  "paymentMode" : "Cash"
}