{
  "invoiceNo" : "000151",
  "date" : "16/04/2022",
  "cname" : "M RAJU BISWAS",
  "caddress" : null,
  "cgstno" : null,
  "items" : [ {
    "serialNo" : "1",
    "pname" : "SEAL O PRIME Xp Hs Seal O Prime",
    "hsn" : "320910",
    "pack" : "20.0 LT",
    "nop" : 1,
    "qty" : 20.0,
    "rate" : 3008.5,
    "taxRt" : 18.0,
    "cgst" : 270.76,
    "sgst" : 270.76,
    "total" : 3549.0,
    "valBefTax" : 3008.5
  } ],
  "totalCgst" : 270.76,
  "totalSgst" : 270.76,
  "total" : 3549.0,
  "totalvbt" : 3008.5,
  "totalNop" : 1.0,
  "totqty" : 20.0,
  "paymentMode" : "Credit"
}