{
  "invoiceNo" : "000198",
  "date" : "19/04/2022",
  "cname" : "CASH A/C",
  "caddress" : null,
  "cgstno" : null,
  "items" : [ {
    "serialNo" : "1",
    "pname" : "WCOAT EXT PRIMER Exterior Wall Primer",
    "hsn" : "320910",
    "pack" : "4.0 LT",
    "nop" : 1,
    "qty" : 4.0,
    "rate" : 610.16,
    "taxRt" : 18.0,
    "cgst" : 54.91,
    "sgst" : 54.91,
    "total" : 719.0,
    "valBefTax" : 610.16
  }, {
    "serialNo" : "2",
    "pname" : "OR C B Machine Colouran",
    "hsn" : "321390",
    "pack" : "1.0 LTR",
    "nop" : 1,
    "qty" : 1.0,
    "rate" : 0.85,
    "taxRt" : 18.0,
    "cgst" : 0.08,
    "sgst" : 0.08,
    "total" : 1.0,
    "valBefTax" : 0.85
  }, {
    "serialNo" : "3",
    "pname" : "OC C B Machine Colouran",
    "hsn" : "321390",
    "pack" : "1.0 LTR",
    "nop" : 1,
    "qty" : 1.0,
    "rate" : 0.85,
    "taxRt" : 18.0,
    "cgst" : 0.08,
    "sgst" : 0.08,
    "total" : 1.0,
    "valBefTax" : 0.85
  }, {
    "serialNo" : "4",
    "pname" : "WT C B Machine Colouran",
    "hsn" : "321390",
    "pack" : "1.0 LTR",
    "nop" : 1,
    "qty" : 1.0,
    "rate" : 0.85,
    "taxRt" : 18.0,
    "cgst" : 0.08,
    "sgst" : 0.08,
    "total" : 1.0,
    "valBefTax" : 0.85
  }, {
    "serialNo" : "5",
    "pname" : "FFR Tinters",
    "hsn" : "32130000",
    "pack" : "1.0 LTR",
    "nop" : 1,
    "qty" : 1.0,
    "rate" : 0.85,
    "taxRt" : 18.0,
    "cgst" : 0.08,
    "sgst" : 0.08,
    "total" : 1.0,
    "valBefTax" : 0.85
  } ],
  "totalCgst" : 55.23,
  "totalSgst" : 55.23,
  "total" : 723.0,
  "totalvbt" : 613.56,
  "totalNop" : 5.0,
  "totqty" : 8.0,
  "paymentMode" : "Cash"
}