{
  "invoiceNo" : "000052",
  "date" : "08/04/2022",
  "cname" : "CASH A/C",
  "caddress" : null,
  "cgstno" : null,
  "items" : [ {
    "serialNo" : "1",
    "pname" : "P0 ANTI DUST C B Xp Wcoat Anti Du",
    "hsn" : "320910",
    "pack" : "1.0 LTR",
    "nop" : 1,
    "qty" : 1.0,
    "rate" : 330.51,
    "taxRt" : 18.0,
    "cgst" : 29.75,
    "sgst" : 29.75,
    "total" : 390.0,
    "valBefTax" : 330.51
  }, {
    "serialNo" : "2",
    "pname" : "PHIROZA BLUE LHG Luxol High Gloss Ena",
    "hsn" : "320890",
    "pack" : "0.5 LT",
    "nop" : 1,
    "qty" : 0.5,
    "rate" : 127.12,
    "taxRt" : 18.0,
    "cgst" : 11.44,
    "sgst" : 11.44,
    "total" : 150.0,
    "valBefTax" : 127.12
  }, {
    "serialNo" : "3",
    "pname" : "PHIROZA BLUE LHG Luxol High Gloss Ena",
    "hsn" : "320890",
    "pack" : "1.0 LT",
    "nop" : 1,
    "qty" : 1.0,
    "rate" : 220.34,
    "taxRt" : 18.0,
    "cgst" : 19.83,
    "sgst" : 19.83,
    "total" : 260.0,
    "valBefTax" : 220.34
  } ],
  "totalCgst" : 61.02,
  "totalSgst" : 61.02,
  "total" : 800.0,
  "totalvbt" : 677.97,
  "totalNop" : 3.0,
  "totqty" : 2.5,
  "paymentMode" : "Cash"
}