{
  "invoiceNo" : "000366",
  "date" : "02/05/2022",
  "cname" : "CASH A/C",
  "caddress" : null,
  "cgstno" : null,
  "items" : [ {
    "serialNo" : "1",
    "pname" : "SEAL O PRIME PRO Wt Primer Pro",
    "hsn" : "320890",
    "pack" : "20.0 LTR",
    "nop" : 1,
    "qty" : 20.0,
    "rate" : 2881.3,
    "taxRt" : 18.0,
    "cgst" : 259.32,
    "sgst" : 259.32,
    "total" : 3399.0,
    "valBefTax" : 2881.3
  } ],
  "totalCgst" : 259.32,
  "totalSgst" : 259.32,
  "total" : 3399.0,
  "totalvbt" : 2881.3,
  "totalNop" : 1.0,
  "totqty" : 20.0,
  "paymentMode" : "Cash"
}