{
  "invoiceNo" : "000137",
  "date" : "14/04/2022",
  "cname" : "CASH A/C",
  "caddress" : null,
  "cgstno" : null,
  "items" : [ {
    "serialNo" : "1",
    "pname" : "BPCPWT Interior Wall Primer",
    "hsn" : "320910",
    "pack" : "20.0 LT",
    "nop" : 1,
    "qty" : 20.0,
    "rate" : 2118.6,
    "taxRt" : 18.0,
    "cgst" : 190.68,
    "sgst" : 190.68,
    "total" : 2499.0,
    "valBefTax" : 2118.6
  }, {
    "serialNo" : "2",
    "pname" : "HAPPY WALL PUTTY Putty",
    "hsn" : "321410",
    "pack" : "1.0 KG",
    "nop" : 4,
    "qty" : 4.0,
    "rate" : 67.8,
    "taxRt" : 18.0,
    "cgst" : 24.4,
    "sgst" : 24.4,
    "total" : 320.0,
    "valBefTax" : 271.2
  }, {
    "serialNo" : "3",
    "pname" : "180 NO Wet & Dry Sandpaper",
    "hsn" : "680510",
    "pack" : "1.0 PCS",
    "nop" : 6,
    "qty" : 6.0,
    "rate" : 14.41,
    "taxRt" : 18.0,
    "cgst" : 7.8,
    "sgst" : 7.8,
    "total" : 102.0,
    "valBefTax" : 86.46
  } ],
  "totalCgst" : 222.88,
  "totalSgst" : 222.88,
  "total" : 2921.0,
  "totalvbt" : 2476.26,
  "totalNop" : 11.0,
  "totqty" : 30.0,
  "paymentMode" : "Cash"
}