{
  "invoiceNo" : "000242",
  "date" : "21/04/2022",
  "cname" : "M SABHYASCHI",
  "caddress" : null,
  "cgstno" : null,
  "items" : [ {
    "serialNo" : "1",
    "pname" : "WHITE Luxol-7-in-1 White",
    "hsn" : "320890",
    "pack" : "4.0 LTR",
    "nop" : 1,
    "qty" : 4.0,
    "rate" : 1135.6,
    "taxRt" : 18.0,
    "cgst" : 102.2,
    "sgst" : 102.2,
    "total" : 1339.0,
    "valBefTax" : 1135.6
  }, {
    "serialNo" : "2",
    "pname" : "PRO P0 WLL10 Long Life 10 Profess",
    "hsn" : "32091010",
    "pack" : "20.0 LTR",
    "nop" : 1,
    "qty" : 20.0,
    "rate" : 7733.0,
    "taxRt" : 18.0,
    "cgst" : 695.97,
    "sgst" : 695.97,
    "total" : 9124.0,
    "valBefTax" : 7733.0
  } ],
  "totalCgst" : 798.17,
  "totalSgst" : 798.17,
  "total" : 10463.0,
  "totalvbt" : 8868.6,
  "totalNop" : 2.0,
  "totqty" : 24.0,
  "paymentMode" : "Credit"
}