{
  "invoiceNo" : "000415",
  "date" : "06/05/2022",
  "cname" : "CASH A/C",
  "caddress" : null,
  "cgstno" : null,
  "items" : [ {
    "serialNo" : "1",
    "pname" : "P0 WCS C B Weathercoat Smoo",
    "hsn" : "320910",
    "pack" : "1.0 LTR",
    "nop" : 1,
    "qty" : 1.0,
    "rate" : 318.64,
    "taxRt" : 18.0,
    "cgst" : 28.68,
    "sgst" : 28.68,
    "total" : 376.0,
    "valBefTax" : 318.64
  }, {
    "serialNo" : "2",
    "pname" : "P0 BISON C B Bison Emulsion",
    "hsn" : "320910",
    "pack" : "1.0 LT",
    "nop" : 2,
    "qty" : 2.0,
    "rate" : 167.8,
    "taxRt" : 18.0,
    "cgst" : 30.2,
    "sgst" : 30.2,
    "total" : 395.0,
    "valBefTax" : 335.6
  }, {
    "serialNo" : "3",
    "pname" : "FFR Tinters",
    "hsn" : "32130000",
    "pack" : "1.0 LTR",
    "nop" : 1,
    "qty" : 1.0,
    "rate" : 0.85,
    "taxRt" : 18.0,
    "cgst" : 0.08,
    "sgst" : 0.08,
    "total" : 1.0,
    "valBefTax" : 0.85
  }, {
    "serialNo" : "4",
    "pname" : "YLW BISON C B Bison Emulsion",
    "hsn" : "320910",
    "pack" : "0.9 LT",
    "nop" : 1,
    "qty" : 0.9,
    "rate" : 207.63,
    "taxRt" : 18.0,
    "cgst" : 18.69,
    "sgst" : 18.69,
    "total" : 245.0,
    "valBefTax" : 207.63
  }, {
    "serialNo" : "5",
    "pname" : "P0 BISON C B Bison Emulsion",
    "hsn" : "320910",
    "pack" : "1.0 LT",
    "nop" : 1,
    "qty" : 1.0,
    "rate" : 152.54,
    "taxRt" : 18.0,
    "cgst" : 13.73,
    "sgst" : 13.73,
    "total" : 180.0,
    "valBefTax" : 152.54
  }, {
    "serialNo" : "6",
    "pname" : "YLW BISON C B Bison Emulsion",
    "hsn" : "320910",
    "pack" : "0.9 LT",
    "nop" : 1,
    "qty" : 0.9,
    "rate" : 211.86,
    "taxRt" : 18.0,
    "cgst" : 19.07,
    "sgst" : 19.07,
    "total" : 250.0,
    "valBefTax" : 211.86
  }, {
    "serialNo" : "7",
    "pname" : "YLW BISON C B Bison Emulsion",
    "hsn" : "320910",
    "pack" : "0.9 LT",
    "nop" : 1,
    "qty" : 0.9,
    "rate" : 264.4,
    "taxRt" : 18.0,
    "cgst" : 23.8,
    "sgst" : 23.8,
    "total" : 312.0,
    "valBefTax" : 264.4
  }, {
    "serialNo" : "8",
    "pname" : "100 NO Wet & Dry Sandpaper",
    "hsn" : "680510",
    "pack" : "1.0 PCS",
    "nop" : 24,
    "qty" : 24.0,
    "rate" : 14.41,
    "taxRt" : 18.0,
    "cgst" : 31.2,
    "sgst" : 31.2,
    "total" : 408.0,
    "valBefTax" : 345.84
  }, {
    "serialNo" : "9",
    "pname" : "120 Mk Eco Wet Paper",
    "hsn" : "68052090",
    "pack" : "1.0 PCS",
    "nop" : 5,
    "qty" : 5.0,
    "rate" : 14.41,
    "taxRt" : 18.0,
    "cgst" : 6.5,
    "sgst" : 6.5,
    "total" : 84.0,
    "valBefTax" : 72.05
  }, {
    "serialNo" : "10",
    "pname" : "150 NO Wet & Dry Sandpaper",
    "hsn" : "680510",
    "pack" : "1.0 PCS",
    "nop" : 6,
    "qty" : 6.0,
    "rate" : 14.41,
    "taxRt" : 18.0,
    "cgst" : 7.8,
    "sgst" : 7.8,
    "total" : 102.0,
    "valBefTax" : 86.46
  }, {
    "serialNo" : "11",
    "pname" : "1\" MASKING TAPE BERG Painting Tools Rolle",
    "hsn" : "391910",
    "pack" : "1.0 LTR",
    "nop" : 6,
    "qty" : 6.0,
    "rate" : 24.58,
    "taxRt" : 18.0,
    "cgst" : 13.26,
    "sgst" : 13.26,
    "total" : 174.0,
    "valBefTax" : 147.48
  }, {
    "serialNo" : "12",
    "pname" : "100 Mk Eco Wet Paper",
    "hsn" : "68052090",
    "pack" : "1.0 PCS",
    "nop" : 5,
    "qty" : 5.0,
    "rate" : 14.41,
    "taxRt" : 18.0,
    "cgst" : 6.5,
    "sgst" : 6.5,
    "total" : 84.0,
    "valBefTax" : 72.05
  } ],
  "totalCgst" : 199.51,
  "totalSgst" : 199.51,
  "total" : 2611.0,
  "totalvbt" : 2215.4,
  "totalNop" : 54.0,
  "totqty" : 53.7,
  "paymentMode" : "Cash"
}