{
  "invoiceNo" : "000290",
  "date" : "25/04/2022",
  "cname" : "M SABHYASCHI",
  "caddress" : null,
  "cgstno" : null,
  "items" : [ {
    "serialNo" : "1",
    "pname" : "BISON PRO Putty Pro",
    "hsn" : "321410",
    "pack" : "40.0 LTR",
    "nop" : 10,
    "qty" : 400.0,
    "rate" : 593.22,
    "taxRt" : 18.0,
    "cgst" : 533.9,
    "sgst" : 533.9,
    "total" : 6999.0,
    "valBefTax" : 5932.2
  } ],
  "totalCgst" : 533.9,
  "totalSgst" : 533.9,
  "total" : 6999.0,
  "totalvbt" : 5932.2,
  "totalNop" : 10.0,
  "totqty" : 400.0,
  "paymentMode" : "Credit"
}