{
  "invoiceNo" : "000111",
  "date" : "12/04/2022",
  "cname" : "DAS CONSTRUCTION CO",
  "caddress" : "CD276/A NARAYANTALA EAST KOL 159",
  "cgstno" : null,
  "items" : [ {
    "serialNo" : "1",
    "pname" : "TRUCK BROWN Luxol High Gloss Ena",
    "hsn" : "320890",
    "pack" : "1.0 LT",
    "nop" : 1,
    "qty" : 1.0,
    "rate" : 220.34,
    "taxRt" : 18.0,
    "cgst" : 19.83,
    "sgst" : 19.83,
    "total" : 260.0,
    "valBefTax" : 220.34
  } ],
  "totalCgst" : 19.83,
  "totalSgst" : 19.83,
  "total" : 260.0,
  "totalvbt" : 220.34,
  "totalNop" : 1.0,
  "totqty" : 1.0,
  "paymentMode" : "Cash"
}