{
  "invoiceNo" : "000440",
  "date" : "08/05/2022",
  "cname" : "SUVANKAR MANDOL",
  "caddress" : "7 NO UDAYAN PALLY KOL 159",
  "cgstno" : null,
  "items" : [ {
    "serialNo" : "1",
    "pname" : "SNOW WHITE Luxol High Gloss Ena",
    "hsn" : "320890",
    "pack" : "0.5 LT",
    "nop" : 2,
    "qty" : 1.0,
    "rate" : 114.41,
    "taxRt" : 18.0,
    "cgst" : 20.6,
    "sgst" : 20.6,
    "total" : 269.0,
    "valBefTax" : 228.82
  }, {
    "serialNo" : "2",
    "pname" : "BLACK LHG Luxol High Gloss Ena",
    "hsn" : "320890",
    "pack" : "0.5 LT",
    "nop" : 2,
    "qty" : 1.0,
    "rate" : 104.24,
    "taxRt" : 18.0,
    "cgst" : 18.76,
    "sgst" : 18.76,
    "total" : 245.0,
    "valBefTax" : 208.48
  }, {
    "serialNo" : "3",
    "pname" : "MOTI Ddl",
    "hsn" : "320910",
    "pack" : "1.0 KGS",
    "nop" : 4,
    "qty" : 4.0,
    "rate" : 42.37,
    "taxRt" : 18.0,
    "cgst" : 15.24,
    "sgst" : 15.24,
    "total" : 199.0,
    "valBefTax" : 169.48
  } ],
  "totalCgst" : 54.6,
  "totalSgst" : 54.6,
  "total" : 713.0,
  "totalvbt" : 606.78,
  "totalNop" : 8.0,
  "totqty" : 6.0,
  "paymentMode" : "Cash"
}