{
  "invoiceNo" : "000326",
  "date" : "28/04/2022",
  "cname" : "M RAJU BISWAS",
  "caddress" : null,
  "cgstno" : null,
  "items" : [ {
    "serialNo" : "1",
    "pname" : "W1 BE SLK SHEEN Xp Slk Breathe Easy",
    "hsn" : "320910",
    "pack" : "3.6 LTR",
    "nop" : 1,
    "qty" : 3.6,
    "rate" : 2308.5,
    "taxRt" : 18.0,
    "cgst" : 207.76,
    "sgst" : 207.76,
    "total" : 2723.0,
    "valBefTax" : 2308.5
  } ],
  "totalCgst" : 207.76,
  "totalSgst" : 207.76,
  "total" : 2723.0,
  "totalvbt" : 2308.5,
  "totalNop" : 1.0,
  "totqty" : 3.6,
  "paymentMode" : "Credit"
}