{
  "invoiceNo" : "000438",
  "date" : "07/05/2022",
  "cname" : "CASH A/C",
  "caddress" : null,
  "cgstno" : null,
  "items" : [ {
    "serialNo" : "1",
    "pname" : "MOTI Ddl",
    "hsn" : "320910",
    "pack" : "1.0 KGS",
    "nop" : 2,
    "qty" : 2.0,
    "rate" : 50.85,
    "taxRt" : 18.0,
    "cgst" : 9.16,
    "sgst" : 9.16,
    "total" : 119.0,
    "valBefTax" : 101.7
  } ],
  "totalCgst" : 9.16,
  "totalSgst" : 9.16,
  "total" : 119.0,
  "totalvbt" : 101.7,
  "totalNop" : 2.0,
  "totqty" : 2.0,
  "paymentMode" : "Cash"
}