{
  "invoiceNo" : "000296",
  "date" : "26/04/2022",
  "cname" : "M SABHYASCHI",
  "caddress" : null,
  "cgstno" : null,
  "items" : [ {
    "serialNo" : "1",
    "pname" : "DAMPSTOP Construction Chemica",
    "hsn" : "400211",
    "pack" : "2.0 KG",
    "nop" : 1,
    "qty" : 2.0,
    "rate" : 381.35,
    "taxRt" : 18.0,
    "cgst" : 34.32,
    "sgst" : 34.32,
    "total" : 449.0,
    "valBefTax" : 381.35
  }, {
    "serialNo" : "2",
    "pname" : "BLACK Luxol Pu Enamel",
    "hsn" : "320890",
    "pack" : "1.0 LTR",
    "nop" : 2,
    "qty" : 2.0,
    "rate" : 233.05,
    "taxRt" : 18.0,
    "cgst" : 41.94,
    "sgst" : 41.94,
    "total" : 550.0,
    "valBefTax" : 466.1
  }, {
    "serialNo" : "3",
    "pname" : "N2 LONG LIFE Xp Wcoat Long Life",
    "hsn" : "320910",
    "pack" : "0.9 LTR",
    "nop" : 1,
    "qty" : 0.9,
    "rate" : 597.45,
    "taxRt" : 18.0,
    "cgst" : 53.77,
    "sgst" : 53.77,
    "total" : 704.0,
    "valBefTax" : 597.45
  }, {
    "serialNo" : "4",
    "pname" : "2\" 65 MTR CLEAR TAPE Wonder Tape",
    "hsn" : "391910",
    "pack" : "1.0 PCS",
    "nop" : 1,
    "qty" : 1.0,
    "rate" : 38.14,
    "taxRt" : 18.0,
    "cgst" : 3.43,
    "sgst" : 3.43,
    "total" : 45.0,
    "valBefTax" : 38.14
  }, {
    "serialNo" : "5",
    "pname" : "TILEGROUT WHITE Construction Chemica",
    "hsn" : "382410",
    "pack" : "1.0 KG",
    "nop" : 1,
    "qty" : 1.0,
    "rate" : 63.56,
    "taxRt" : 18.0,
    "cgst" : 5.72,
    "sgst" : 5.72,
    "total" : 75.0,
    "valBefTax" : 63.56
  } ],
  "totalCgst" : 139.18,
  "totalSgst" : 139.18,
  "total" : 1823.0,
  "totalvbt" : 1546.6,
  "totalNop" : 6.0,
  "totqty" : 6.9,
  "paymentMode" : "Credit"
}