{
  "invoiceNo" : "000192",
  "date" : "19/04/2022",
  "cname" : "CASH A/C",
  "caddress" : null,
  "cgstno" : null,
  "items" : [ {
    "serialNo" : "1",
    "pname" : "ELASTO Hs Damp Shield",
    "hsn" : "320910",
    "pack" : "20.0 LTR",
    "nop" : 1,
    "qty" : 20.0,
    "rate" : 4194.9,
    "taxRt" : 18.0,
    "cgst" : 377.54,
    "sgst" : 377.54,
    "total" : 4949.0,
    "valBefTax" : 4194.9
  } ],
  "totalCgst" : 377.54,
  "totalSgst" : 377.54,
  "total" : 4949.0,
  "totalvbt" : 4194.9,
  "totalNop" : 1.0,
  "totqty" : 20.0,
  "paymentMode" : "Cash"
}