{
  "invoiceNo" : "000239",
  "date" : "21/04/2022",
  "cname" : "M RAJU BISWAS",
  "caddress" : null,
  "cgstno" : null,
  "items" : [ {
    "serialNo" : "1",
    "pname" : "PARROT WOOD PRIMER Wood  Primer Solvent",
    "hsn" : "320890",
    "pack" : "1.0 LT",
    "nop" : 1,
    "qty" : 1.0,
    "rate" : 186.44,
    "taxRt" : 18.0,
    "cgst" : 16.78,
    "sgst" : 16.78,
    "total" : 220.0,
    "valBefTax" : 186.44
  }, {
    "serialNo" : "2",
    "pname" : "SALVALINE ALUMINIUM Aliminium Paint",
    "hsn" : "320890",
    "pack" : "0.5 LTR",
    "nop" : 1,
    "qty" : 0.5,
    "rate" : 165.25,
    "taxRt" : 18.0,
    "cgst" : 14.87,
    "sgst" : 14.87,
    "total" : 194.0,
    "valBefTax" : 165.25
  }, {
    "serialNo" : "3",
    "pname" : "100 Mk Eco Wet Paper",
    "hsn" : "68052090",
    "pack" : "1.0 PCS",
    "nop" : 3,
    "qty" : 3.0,
    "rate" : 14.41,
    "taxRt" : 18.0,
    "cgst" : 3.9,
    "sgst" : 3.9,
    "total" : 51.0,
    "valBefTax" : 43.23
  }, {
    "serialNo" : "4",
    "pname" : "HAPPY WALL PUTTY Putty",
    "hsn" : "321410",
    "pack" : "1.0 KG",
    "nop" : 4,
    "qty" : 4.0,
    "rate" : 67.8,
    "taxRt" : 18.0,
    "cgst" : 24.4,
    "sgst" : 24.4,
    "total" : 320.0,
    "valBefTax" : 271.2
  }, {
    "serialNo" : "5",
    "pname" : "1\" MASKING TAPE BERG Painting Tools Rolle",
    "hsn" : "391910",
    "pack" : "1.0 LTR",
    "nop" : 1,
    "qty" : 1.0,
    "rate" : 25.42,
    "taxRt" : 18.0,
    "cgst" : 2.29,
    "sgst" : 2.29,
    "total" : 30.0,
    "valBefTax" : 25.42
  }, {
    "serialNo" : "6",
    "pname" : "BP WHT PRIMER WT Interior Wall Primer",
    "hsn" : "320910",
    "pack" : "1.0 LTR",
    "nop" : 2,
    "qty" : 2.0,
    "rate" : 118.64,
    "taxRt" : 18.0,
    "cgst" : 21.36,
    "sgst" : 21.36,
    "total" : 280.0,
    "valBefTax" : 237.28
  }, {
    "serialNo" : "7",
    "pname" : "BLACK LHG Luxol High Gloss Ena",
    "hsn" : "320890",
    "pack" : "0.5 LT",
    "nop" : 1,
    "qty" : 0.5,
    "rate" : 118.64,
    "taxRt" : 18.0,
    "cgst" : 10.68,
    "sgst" : 10.68,
    "total" : 140.0,
    "valBefTax" : 118.64
  }, {
    "serialNo" : "8",
    "pname" : "4\" WALLMAST Brushes",
    "hsn" : "96034010",
    "pack" : "1.0 PCS",
    "nop" : 1,
    "qty" : 1.0,
    "rate" : 190.68,
    "taxRt" : 18.0,
    "cgst" : 17.16,
    "sgst" : 17.16,
    "total" : 225.0,
    "valBefTax" : 190.68
  }, {
    "serialNo" : "9",
    "pname" : "95 VT PG Vt Pearl Glo",
    "hsn" : "32091010",
    "pack" : "1.0 LTR",
    "nop" : 2,
    "qty" : 2.0,
    "rate" : 535.59,
    "taxRt" : 18.0,
    "cgst" : 96.4,
    "sgst" : 96.4,
    "total" : 1264.0,
    "valBefTax" : 1071.18
  }, {
    "serialNo" : "10",
    "pname" : "6\" SLEEVE Roller",
    "hsn" : "960310",
    "pack" : "1.0 LTR",
    "nop" : 2,
    "qty" : 2.0,
    "rate" : 42.37,
    "taxRt" : 18.0,
    "cgst" : 7.62,
    "sgst" : 7.62,
    "total" : 100.0,
    "valBefTax" : 84.74
  }, {
    "serialNo" : "11",
    "pname" : "P0 EC C B Easy Clean Luxur",
    "hsn" : "320910",
    "pack" : "1.0 LT",
    "nop" : 2,
    "qty" : 2.0,
    "rate" : 381.35,
    "taxRt" : 18.0,
    "cgst" : 68.64,
    "sgst" : 68.64,
    "total" : 899.0,
    "valBefTax" : 762.7
  }, {
    "serialNo" : "12",
    "pname" : "P0 EC C B Easy Clean Luxur",
    "hsn" : "320910",
    "pack" : "1.0 LT",
    "nop" : 1,
    "qty" : 1.0,
    "rate" : 377.96,
    "taxRt" : 18.0,
    "cgst" : 34.02,
    "sgst" : 34.02,
    "total" : 446.0,
    "valBefTax" : 377.96
  } ],
  "totalCgst" : 318.12,
  "totalSgst" : 318.12,
  "total" : 4169.0,
  "totalvbt" : 3534.72,
  "totalNop" : 21.0,
  "totqty" : 20.0,
  "paymentMode" : "Credit"
}