{
  "invoiceNo" : "000464",
  "date" : "10/05/2022",
  "cname" : "M RAJU BISWAS",
  "caddress" : null,
  "cgstno" : null,
  "items" : [ {
    "serialNo" : "1",
    "pname" : "P0 EC C B Easy Clean Luxur",
    "hsn" : "320910",
    "pack" : "4.0 LT",
    "nop" : 1,
    "qty" : 4.0,
    "rate" : 1516.9,
    "taxRt" : 18.0,
    "cgst" : 136.52,
    "sgst" : 136.52,
    "total" : 1789.0,
    "valBefTax" : 1516.9
  }, {
    "serialNo" : "2",
    "pname" : "W1 EC C B Easy Clean Luxur",
    "hsn" : "320910",
    "pack" : "0.9 LT",
    "nop" : 1,
    "qty" : 0.9,
    "rate" : 399.15,
    "taxRt" : 18.0,
    "cgst" : 35.92,
    "sgst" : 35.92,
    "total" : 470.0,
    "valBefTax" : 399.15
  }, {
    "serialNo" : "3",
    "pname" : "P0 EC C B Easy Clean Luxur",
    "hsn" : "320910",
    "pack" : "1.0 LT",
    "nop" : 2,
    "qty" : 2.0,
    "rate" : 371.18,
    "taxRt" : 18.0,
    "cgst" : 66.82,
    "sgst" : 66.82,
    "total" : 875.0,
    "valBefTax" : 742.36
  }, {
    "serialNo" : "4",
    "pname" : "N2 EC C B Easy Clean Luxur",
    "hsn" : "320910",
    "pack" : "0.9 LT",
    "nop" : 1,
    "qty" : 0.9,
    "rate" : 381.35,
    "taxRt" : 18.0,
    "cgst" : 34.32,
    "sgst" : 34.32,
    "total" : 449.0,
    "valBefTax" : 381.35
  }, {
    "serialNo" : "5",
    "pname" : "N2 EC C B Easy Clean Luxur",
    "hsn" : "320910",
    "pack" : "0.9 LT",
    "nop" : 1,
    "qty" : 0.9,
    "rate" : 383.89,
    "taxRt" : 18.0,
    "cgst" : 34.55,
    "sgst" : 34.55,
    "total" : 452.0,
    "valBefTax" : 383.89
  }, {
    "serialNo" : "6",
    "pname" : "P0 EC C B Easy Clean Luxur",
    "hsn" : "320910",
    "pack" : "1.0 LT",
    "nop" : 3,
    "qty" : 3.0,
    "rate" : 368.64,
    "taxRt" : 18.0,
    "cgst" : 99.54,
    "sgst" : 99.54,
    "total" : 1304.0,
    "valBefTax" : 1105.92
  }, {
    "serialNo" : "7",
    "pname" : "P0 ANTI DUST C B Xp Wcoat Anti Du",
    "hsn" : "320910",
    "pack" : "1.0 LTR",
    "nop" : 1,
    "qty" : 1.0,
    "rate" : 354.23,
    "taxRt" : 18.0,
    "cgst" : 31.88,
    "sgst" : 31.88,
    "total" : 417.0,
    "valBefTax" : 354.23
  } ],
  "totalCgst" : 439.55,
  "totalSgst" : 439.55,
  "total" : 5756.0,
  "totalvbt" : 4883.8,
  "totalNop" : 10.0,
  "totqty" : 12.7,
  "paymentMode" : "Credit"
}