{
  "invoiceNo" : "000229",
  "date" : "21/04/2022",
  "cname" : "BHUSHAN BHAWAN",
  "caddress" : "ASWININAGAR SPRING DALE SCHOOL KOLKATA 700159",
  "cgstno" : null,
  "items" : [ {
    "serialNo" : "1",
    "pname" : "BASE COAT Silk B E Base Coat",
    "hsn" : "320910",
    "pack" : "1.0 LTR",
    "nop" : 2,
    "qty" : 2.0,
    "rate" : 211.86,
    "taxRt" : 18.0,
    "cgst" : 38.14,
    "sgst" : 38.14,
    "total" : 500.0,
    "valBefTax" : 423.72
  } ],
  "totalCgst" : 38.14,
  "totalSgst" : 38.14,
  "total" : 500.0,
  "totalvbt" : 423.72,
  "totalNop" : 2.0,
  "totqty" : 2.0,
  "paymentMode" : "Credit"
}