{
  "invoiceNo" : "000250",
  "date" : "22/04/2022",
  "cname" : "CASH A/C",
  "caddress" : null,
  "cgstno" : null,
  "items" : [ {
    "serialNo" : "1",
    "pname" : "N2 EC C B Easy Clean Luxur",
    "hsn" : "320910",
    "pack" : "0.9 LT",
    "nop" : 2,
    "qty" : 1.8,
    "rate" : 418.64,
    "taxRt" : 18.0,
    "cgst" : 75.36,
    "sgst" : 75.36,
    "total" : 988.0,
    "valBefTax" : 837.28
  }, {
    "serialNo" : "2",
    "pname" : "W1 EC C B Easy Clean Luxur",
    "hsn" : "320910",
    "pack" : "0.9 LT",
    "nop" : 2,
    "qty" : 1.8,
    "rate" : 386.44,
    "taxRt" : 18.0,
    "cgst" : 69.56,
    "sgst" : 69.56,
    "total" : 911.0,
    "valBefTax" : 772.88
  }, {
    "serialNo" : "3",
    "pname" : "P0 BISON XP C B Xp Bison Emulsio",
    "hsn" : "320910",
    "pack" : "4.0 LT",
    "nop" : 2,
    "qty" : 8.0,
    "rate" : 165.25,
    "taxRt" : 18.0,
    "cgst" : 29.74,
    "sgst" : 29.74,
    "total" : 390.0,
    "valBefTax" : 330.5
  }, {
    "serialNo" : "4",
    "pname" : "EXTERIOR ACRY PRIMER Wb Primers",
    "hsn" : "32091090",
    "pack" : "1.0 LT",
    "nop" : 1,
    "qty" : 1.0,
    "rate" : 135.59,
    "taxRt" : 18.0,
    "cgst" : 12.2,
    "sgst" : 12.2,
    "total" : 159.0,
    "valBefTax" : 135.59
  } ],
  "totalCgst" : 186.86,
  "totalSgst" : 186.86,
  "total" : 2448.0,
  "totalvbt" : 2076.25,
  "totalNop" : 7.0,
  "totqty" : 12.6,
  "paymentMode" : "Cash"
}