{
  "invoiceNo" : "000442",
  "date" : "08/05/2022",
  "cname" : "CASH A/C",
  "caddress" : null,
  "cgstno" : null,
  "items" : [ {
    "serialNo" : "1",
    "pname" : "P0 EC C B Easy Clean Luxur",
    "hsn" : "320910",
    "pack" : "4.0 LT",
    "nop" : 1,
    "qty" : 4.0,
    "rate" : 1544.1,
    "taxRt" : 18.0,
    "cgst" : 138.96,
    "sgst" : 138.96,
    "total" : 1821.0,
    "valBefTax" : 1544.1
  }, {
    "serialNo" : "2",
    "pname" : "P0 EC C B Easy Clean Luxur",
    "hsn" : "320910",
    "pack" : "1.0 LT",
    "nop" : 2,
    "qty" : 2.0,
    "rate" : 389.83,
    "taxRt" : 18.0,
    "cgst" : 70.16,
    "sgst" : 70.16,
    "total" : 919.0,
    "valBefTax" : 779.66
  }, {
    "serialNo" : "3",
    "pname" : "GLDN BROWN Luxol High Gloss Ena",
    "hsn" : "320890",
    "pack" : "1.0 LT",
    "nop" : 2,
    "qty" : 2.0,
    "rate" : 220.34,
    "taxRt" : 18.0,
    "cgst" : 39.66,
    "sgst" : 39.66,
    "total" : 519.0,
    "valBefTax" : 440.68
  } ],
  "totalCgst" : 248.78,
  "totalSgst" : 248.78,
  "total" : 3259.0,
  "totalvbt" : 2764.44,
  "totalNop" : 5.0,
  "totqty" : 8.0,
  "paymentMode" : "Cash"
}