{
  "invoiceNo" : "000428",
  "date" : "07/05/2022",
  "cname" : "SRIKANTA BRAMHA",
  "caddress" : "JAGATPUR",
  "cgstno" : null,
  "items" : [ {
    "serialNo" : "1",
    "pname" : "BISON EXT PUTTY Putty",
    "hsn" : "321410",
    "pack" : "30.0 KG",
    "nop" : 1,
    "qty" : 30.0,
    "rate" : 525.42,
    "taxRt" : 18.0,
    "cgst" : 47.29,
    "sgst" : 47.29,
    "total" : 620.0,
    "valBefTax" : 525.42
  } ],
  "totalCgst" : 47.29,
  "totalSgst" : 47.29,
  "total" : 620.0,
  "totalvbt" : 525.42,
  "totalNop" : 1.0,
  "totqty" : 30.0,
  "paymentMode" : "Credit"
}