{
  "invoiceNo" : "000377",
  "date" : "04/05/2022",
  "cname" : "CASH A/C",
  "caddress" : null,
  "cgstno" : null,
  "items" : [ {
    "serialNo" : "1",
    "pname" : "BASE COAT Silk B E Base Coat",
    "hsn" : "320910",
    "pack" : "10.0 LTR",
    "nop" : 1,
    "qty" : 10.0,
    "rate" : 1779.7,
    "taxRt" : 18.0,
    "cgst" : 160.17,
    "sgst" : 160.17,
    "total" : 2099.0,
    "valBefTax" : 1779.7
  } ],
  "totalCgst" : 160.17,
  "totalSgst" : 160.17,
  "total" : 2099.0,
  "totalvbt" : 1779.7,
  "totalNop" : 1.0,
  "totqty" : 10.0,
  "paymentMode" : "Cash"
}