{
  "invoiceNo" : "000110",
  "date" : "12/04/2022",
  "cname" : "CASH A/C",
  "caddress" : null,
  "cgstno" : null,
  "items" : [ {
    "serialNo" : "1",
    "pname" : "P0 BISON C B Bison Emulsion",
    "hsn" : "320910",
    "pack" : "1.0 LT",
    "nop" : 1,
    "qty" : 1.0,
    "rate" : 154.24,
    "taxRt" : 18.0,
    "cgst" : 13.88,
    "sgst" : 13.88,
    "total" : 182.0,
    "valBefTax" : 154.24
  }, {
    "serialNo" : "2",
    "pname" : "N2 BISON C B Bison Emulsion",
    "hsn" : "320910",
    "pack" : "0.9 LT",
    "nop" : 1,
    "qty" : 0.9,
    "rate" : 163.56,
    "taxRt" : 18.0,
    "cgst" : 14.72,
    "sgst" : 14.72,
    "total" : 193.0,
    "valBefTax" : 163.56
  }, {
    "serialNo" : "3",
    "pname" : "SMOKE GREY LHG Luxol High Gloss Ena",
    "hsn" : "320890",
    "pack" : "1.0 LT",
    "nop" : 3,
    "qty" : 3.0,
    "rate" : 220.34,
    "taxRt" : 18.0,
    "cgst" : 59.49,
    "sgst" : 59.49,
    "total" : 779.0,
    "valBefTax" : 661.02
  }, {
    "serialNo" : "4",
    "pname" : "F Y GREEN Unitint",
    "hsn" : "32139000",
    "pack" : "0.05 LTR",
    "nop" : 1,
    "qty" : 0.05,
    "rate" : 32.2,
    "taxRt" : 18.0,
    "cgst" : 2.9,
    "sgst" : 2.9,
    "total" : 38.0,
    "valBefTax" : 32.2
  } ],
  "totalCgst" : 90.99,
  "totalSgst" : 90.99,
  "total" : 1192.0,
  "totalvbt" : 1011.02,
  "totalNop" : 6.0,
  "totqty" : 4.95,
  "paymentMode" : "Cash"
}