{
  "invoiceNo" : "000157",
  "date" : "16/04/2022",
  "cname" : "CASH A/C",
  "caddress" : null,
  "cgstno" : null,
  "items" : [ {
    "serialNo" : "1",
    "pname" : "F YLW Unitint",
    "hsn" : "32139000",
    "pack" : "0.2 LTR",
    "nop" : 2,
    "qty" : 0.4,
    "rate" : 110.17,
    "taxRt" : 18.0,
    "cgst" : 19.84,
    "sgst" : 19.84,
    "total" : 260.0,
    "valBefTax" : 220.34
  }, {
    "serialNo" : "2",
    "pname" : "FIRE RED Unitint",
    "hsn" : "321390",
    "pack" : "0.1 LTR",
    "nop" : 1,
    "qty" : 0.1,
    "rate" : 76.27,
    "taxRt" : 18.0,
    "cgst" : 6.86,
    "sgst" : 6.86,
    "total" : 89.0,
    "valBefTax" : 76.27
  } ],
  "totalCgst" : 26.7,
  "totalSgst" : 26.7,
  "total" : 349.0,
  "totalvbt" : 296.61,
  "totalNop" : 3.0,
  "totqty" : 0.5,
  "paymentMode" : "Cash"
}