{
  "invoiceNo" : "000171",
  "date" : "18/04/2022",
  "cname" : "RUBINA  PAINTS",
  "caddress" : null,
  "cgstno" : null,
  "items" : [ {
    "serialNo" : "1",
    "pname" : "P0 SLK GLOW Silk Glow",
    "hsn" : "320910",
    "pack" : "4.0 LTR",
    "nop" : 1,
    "qty" : 4.0,
    "rate" : 1783.9,
    "taxRt" : 18.0,
    "cgst" : 160.55,
    "sgst" : 160.55,
    "total" : 2104.0,
    "valBefTax" : 1783.9
  }, {
    "serialNo" : "2",
    "pname" : "YLW LUXOL XTRA C B Luxol Xtra Ename",
    "hsn" : "320890",
    "pack" : "0.95 LTR",
    "nop" : 2,
    "qty" : 1.9,
    "rate" : 173.73,
    "taxRt" : 18.0,
    "cgst" : 31.28,
    "sgst" : 31.28,
    "total" : 409.0,
    "valBefTax" : 347.46
  } ],
  "totalCgst" : 191.83,
  "totalSgst" : 191.83,
  "total" : 2513.0,
  "totalvbt" : 2131.36,
  "totalNop" : 3.0,
  "totqty" : 5.9,
  "paymentMode" : "Credit"
}