{
  "invoiceNo" : "000311",
  "date" : "27/04/2022",
  "cname" : "CASH A/C",
  "caddress" : null,
  "cgstno" : null,
  "items" : [ {
    "serialNo" : "1",
    "pname" : "BRN ANTI DUST C B Xp Wcoat Anti Du",
    "hsn" : "320910",
    "pack" : "0.9 LTR",
    "nop" : 1,
    "qty" : 0.9,
    "rate" : 338.98,
    "taxRt" : 18.0,
    "cgst" : 30.51,
    "sgst" : 30.51,
    "total" : 400.0,
    "valBefTax" : 338.98
  }, {
    "serialNo" : "2",
    "pname" : "WCOAT EXT PRIMER Exterior Wall Primer",
    "hsn" : "320910",
    "pack" : "10.0 LT",
    "nop" : 1,
    "qty" : 10.0,
    "rate" : 1254.2,
    "taxRt" : 18.0,
    "cgst" : 112.88,
    "sgst" : 112.88,
    "total" : 1479.0,
    "valBefTax" : 1254.2
  } ],
  "totalCgst" : 143.39,
  "totalSgst" : 143.39,
  "total" : 1879.0,
  "totalvbt" : 1593.18,
  "totalNop" : 2.0,
  "totqty" : 10.9,
  "paymentMode" : "Cash"
}