{
  "invoiceNo" : "000340",
  "date" : "29/04/2022",
  "cname" : "CASH A/C",
  "caddress" : null,
  "cgstno" : null,
  "items" : [ {
    "serialNo" : "1",
    "pname" : "BR WHITE SHEEN PROMI Sheen Promise Exteri",
    "hsn" : "32091010",
    "pack" : "1.0 LTR",
    "nop" : 3,
    "qty" : 3.0,
    "rate" : 177.96,
    "taxRt" : 18.0,
    "cgst" : 48.06,
    "sgst" : 48.06,
    "total" : 629.0,
    "valBefTax" : 533.88
  }, {
    "serialNo" : "2",
    "pname" : "80 NO Wet & Dry Sandpaper",
    "hsn" : "68051010",
    "pack" : "1.0 PCS",
    "nop" : 1,
    "qty" : 1.0,
    "rate" : 14.41,
    "taxRt" : 18.0,
    "cgst" : 1.3,
    "sgst" : 1.3,
    "total" : 17.0,
    "valBefTax" : 14.41
  }, {
    "serialNo" : "3",
    "pname" : "100 Mk Eco Wet Paper",
    "hsn" : "68052090",
    "pack" : "1.0 PCS",
    "nop" : 1,
    "qty" : 1.0,
    "rate" : 14.41,
    "taxRt" : 18.0,
    "cgst" : 1.3,
    "sgst" : 1.3,
    "total" : 17.0,
    "valBefTax" : 14.41
  }, {
    "serialNo" : "4",
    "pname" : "BR WHITE SHEEN PROMI Sheen Promise Interi",
    "hsn" : "32091010",
    "pack" : "1.0 LTR",
    "nop" : 1,
    "qty" : 1.0,
    "rate" : 177.96,
    "taxRt" : 18.0,
    "cgst" : 16.02,
    "sgst" : 16.02,
    "total" : 210.0,
    "valBefTax" : 177.96
  }, {
    "serialNo" : "5",
    "pname" : "F YLW Unitint",
    "hsn" : "32139000",
    "pack" : "0.1 LTR",
    "nop" : 1,
    "qty" : 0.1,
    "rate" : 59.32,
    "taxRt" : 18.0,
    "cgst" : 5.34,
    "sgst" : 5.34,
    "total" : 70.0,
    "valBefTax" : 59.32
  }, {
    "serialNo" : "6",
    "pname" : "PO RED LHG Luxol High Gloss Ena",
    "hsn" : "320890",
    "pack" : "0.5 LT",
    "nop" : 1,
    "qty" : 0.5,
    "rate" : 157.63,
    "taxRt" : 18.0,
    "cgst" : 14.19,
    "sgst" : 14.19,
    "total" : 186.0,
    "valBefTax" : 157.63
  } ],
  "totalCgst" : 86.21,
  "totalSgst" : 86.21,
  "total" : 1129.0,
  "totalvbt" : 957.61,
  "totalNop" : 8.0,
  "totqty" : 6.6,
  "paymentMode" : "Cash"
}