{
  "invoiceNo" : "000449",
  "date" : "08/05/2022",
  "cname" : "M RAJU BISWAS",
  "caddress" : null,
  "cgstno" : null,
  "items" : [ {
    "serialNo" : "1",
    "pname" : "N2 WCS C B Weathercoat Smoo",
    "hsn" : "320910",
    "pack" : "0.9 LTR",
    "nop" : 2,
    "qty" : 1.8,
    "rate" : 308.47,
    "taxRt" : 18.0,
    "cgst" : 55.52,
    "sgst" : 55.52,
    "total" : 727.0,
    "valBefTax" : 616.94
  }, {
    "serialNo" : "2",
    "pname" : "N2 WCS C B Weathercoat Smoo",
    "hsn" : "320910",
    "pack" : "0.9 LTR",
    "nop" : 1,
    "qty" : 0.9,
    "rate" : 312.71,
    "taxRt" : 18.0,
    "cgst" : 28.14,
    "sgst" : 28.14,
    "total" : 368.0,
    "valBefTax" : 312.71
  }, {
    "serialNo" : "3",
    "pname" : "W1 BE SLK SHEEN Xp Slk Breathe Easy",
    "hsn" : "320910",
    "pack" : "0.9 LTR",
    "nop" : 2,
    "qty" : 1.8,
    "rate" : 591.52,
    "taxRt" : 18.0,
    "cgst" : 106.48,
    "sgst" : 106.48,
    "total" : 1395.0,
    "valBefTax" : 1183.04
  } ],
  "totalCgst" : 190.14,
  "totalSgst" : 190.14,
  "total" : 2490.0,
  "totalvbt" : 2112.69,
  "totalNop" : 5.0,
  "totqty" : 4.5,
  "paymentMode" : "Credit"
}