{
  "invoiceNo" : "000432",
  "date" : "07/05/2022",
  "cname" : "SRIKANTA BRAMHA",
  "caddress" : "JAGATPUR",
  "cgstno" : null,
  "items" : [ {
    "serialNo" : "1",
    "pname" : "BPCPWT Interior Wall Primer",
    "hsn" : "320910",
    "pack" : "4.0 LT",
    "nop" : 1,
    "qty" : 4.0,
    "rate" : 542.37,
    "taxRt" : 18.0,
    "cgst" : 48.81,
    "sgst" : 48.81,
    "total" : 639.0,
    "valBefTax" : 542.37
  }, {
    "serialNo" : "2",
    "pname" : "HAPPY WALL PUTTY Putty",
    "hsn" : "321410",
    "pack" : "1.0 KG",
    "nop" : 1,
    "qty" : 1.0,
    "rate" : 67.8,
    "taxRt" : 18.0,
    "cgst" : 6.1,
    "sgst" : 6.1,
    "total" : 80.0,
    "valBefTax" : 67.8
  }, {
    "serialNo" : "3",
    "pname" : "N2 WCS C B Weathercoat Smoo",
    "hsn" : "320910",
    "pack" : "0.9 LTR",
    "nop" : 1,
    "qty" : 0.9,
    "rate" : 311.86,
    "taxRt" : 18.0,
    "cgst" : 28.07,
    "sgst" : 28.07,
    "total" : 368.0,
    "valBefTax" : 311.86
  }, {
    "serialNo" : "4",
    "pname" : "PRO P0 EC Pro Easy Clean",
    "hsn" : "320910",
    "pack" : "10.0 LTR",
    "nop" : 1,
    "qty" : 10.0,
    "rate" : 3601.7,
    "taxRt" : 18.0,
    "cgst" : 324.15,
    "sgst" : 324.15,
    "total" : 4249.0,
    "valBefTax" : 3601.7
  } ],
  "totalCgst" : 407.13,
  "totalSgst" : 407.13,
  "total" : 5336.0,
  "totalvbt" : 4523.73,
  "totalNop" : 4.0,
  "totqty" : 15.9,
  "paymentMode" : "Cash"
}