{
  "invoiceNo" : "000031",
  "date" : "06/04/2022",
  "cname" : "KALIM ENTERPRISE",
  "caddress" : "VIL&PO GHUNI KOL 157",
  "cgstno" : null,
  "items" : [ {
    "serialNo" : "1",
    "pname" : "W1 EC C B Easy Clean Luxur",
    "hsn" : "320910",
    "pack" : "0.9 LT",
    "nop" : 1,
    "qty" : 0.9,
    "rate" : 383.89,
    "taxRt" : 18.0,
    "cgst" : 34.55,
    "sgst" : 34.55,
    "total" : 452.0,
    "valBefTax" : 383.89
  }, {
    "serialNo" : "2",
    "pname" : "P0 EC C B Easy Clean Luxur",
    "hsn" : "320910",
    "pack" : "1.0 LT",
    "nop" : 2,
    "qty" : 2.0,
    "rate" : 376.27,
    "taxRt" : 18.0,
    "cgst" : 67.72,
    "sgst" : 67.72,
    "total" : 888.0,
    "valBefTax" : 752.54
  }, {
    "serialNo" : "3",
    "pname" : "N2 EC C B Easy Clean Luxur",
    "hsn" : "320910",
    "pack" : "0.9 LT",
    "nop" : 1,
    "qty" : 0.9,
    "rate" : 394.06,
    "taxRt" : 18.0,
    "cgst" : 35.47,
    "sgst" : 35.47,
    "total" : 465.0,
    "valBefTax" : 394.06
  }, {
    "serialNo" : "4",
    "pname" : "P0 EC C B Easy Clean Luxur",
    "hsn" : "320910",
    "pack" : "1.0 LT",
    "nop" : 2,
    "qty" : 2.0,
    "rate" : 377.12,
    "taxRt" : 18.0,
    "cgst" : 67.88,
    "sgst" : 67.88,
    "total" : 889.0,
    "valBefTax" : 754.24
  } ],
  "totalCgst" : 205.62,
  "totalSgst" : 205.62,
  "total" : 2694.0,
  "totalvbt" : 2284.73,
  "totalNop" : 6.0,
  "totqty" : 5.8,
  "paymentMode" : "Credit"
}