{
  "invoiceNo" : "000392",
  "date" : "05/05/2022",
  "cname" : "CASH A/C",
  "caddress" : null,
  "cgstno" : null,
  "items" : [ {
    "serialNo" : "1",
    "pname" : "BLACK LHG Luxol High Gloss Ena",
    "hsn" : "320890",
    "pack" : "4.0 LT",
    "nop" : 1,
    "qty" : 4.0,
    "rate" : 830.5,
    "taxRt" : 18.0,
    "cgst" : 74.75,
    "sgst" : 74.75,
    "total" : 980.0,
    "valBefTax" : 830.5
  } ],
  "totalCgst" : 74.75,
  "totalSgst" : 74.75,
  "total" : 980.0,
  "totalvbt" : 830.5,
  "totalNop" : 1.0,
  "totqty" : 4.0,
  "paymentMode" : "Cash"
}