{
  "invoiceNo" : "000278",
  "date" : "25/04/2022",
  "cname" : "CASH A/C",
  "caddress" : null,
  "cgstno" : null,
  "items" : [ {
    "serialNo" : "1",
    "pname" : "L BRN SATIN C B Luxol Xtra Satin",
    "hsn" : "320810",
    "pack" : "0.95 LTR",
    "nop" : 2,
    "qty" : 1.9,
    "rate" : 281.35,
    "taxRt" : 18.0,
    "cgst" : 50.64,
    "sgst" : 50.64,
    "total" : 663.0,
    "valBefTax" : 562.7
  }, {
    "serialNo" : "2",
    "pname" : "N2 BISON XP C B Xp Bison Emulsio",
    "hsn" : "320910",
    "pack" : "0.9 LT",
    "nop" : 1,
    "qty" : 0.9,
    "rate" : 208.47,
    "taxRt" : 18.0,
    "cgst" : 18.76,
    "sgst" : 18.76,
    "total" : 245.0,
    "valBefTax" : 208.47
  } ],
  "totalCgst" : 69.4,
  "totalSgst" : 69.4,
  "total" : 908.0,
  "totalvbt" : 771.17,
  "totalNop" : 3.0,
  "totqty" : 2.8,
  "paymentMode" : "Cash"
}