{
  "invoiceNo" : "000024",
  "date" : "06/04/2022",
  "cname" : "CASH A/C",
  "caddress" : null,
  "cgstno" : null,
  "items" : [ {
    "serialNo" : "1",
    "pname" : "BISON EXT PUTTY Putty",
    "hsn" : "321410",
    "pack" : "40.0 KG",
    "nop" : 10,
    "qty" : 400.0,
    "rate" : 618.64,
    "taxRt" : 18.0,
    "cgst" : 556.8,
    "sgst" : 556.8,
    "total" : 7299.0,
    "valBefTax" : 6186.4
  } ],
  "totalCgst" : 556.8,
  "totalSgst" : 556.8,
  "total" : 7299.0,
  "totalvbt" : 6186.4,
  "totalNop" : 10.0,
  "totqty" : 400.0,
  "paymentMode" : "Cash"
}