{
  "invoiceNo" : "000226",
  "date" : "21/04/2022",
  "cname" : "CASH A/C",
  "caddress" : null,
  "cgstno" : null,
  "items" : [ {
    "serialNo" : "1",
    "pname" : "BISON EXT PUTTY Putty",
    "hsn" : "321410",
    "pack" : "40.0 KG",
    "nop" : 2,
    "qty" : 80.0,
    "rate" : 610.16,
    "taxRt" : 18.0,
    "cgst" : 109.82,
    "sgst" : 109.82,
    "total" : 1439.0,
    "valBefTax" : 1220.32
  } ],
  "totalCgst" : 109.82,
  "totalSgst" : 109.82,
  "total" : 1439.0,
  "totalvbt" : 1220.32,
  "totalNop" : 2.0,
  "totqty" : 80.0,
  "paymentMode" : "Cash"
}