{
  "invoiceNo" : "000009",
  "date" : "05/04/2022",
  "cname" : "M RAJU BISWAS",
  "caddress" : null,
  "cgstno" : null,
  "items" : [ {
    "serialNo" : "1",
    "pname" : "P0 BE Xp Slk Breathe Easy",
    "hsn" : "320910",
    "pack" : "4.0 LTR",
    "nop" : 2,
    "qty" : 8.0,
    "rate" : 2216.1,
    "taxRt" : 18.0,
    "cgst" : 398.9,
    "sgst" : 398.9,
    "total" : 5229.0,
    "valBefTax" : 4432.2
  }, {
    "serialNo" : "2",
    "pname" : "N2 BE SLK SHEEN Xp Slk Breathe Easy",
    "hsn" : "320910",
    "pack" : "0.9 LTR",
    "nop" : 1,
    "qty" : 0.9,
    "rate" : 654.23,
    "taxRt" : 18.0,
    "cgst" : 58.88,
    "sgst" : 58.88,
    "total" : 771.0,
    "valBefTax" : 654.23
  }, {
    "serialNo" : "3",
    "pname" : "YLW BE SLK SHEEN Xp Slk Breathe Easy",
    "hsn" : "320910",
    "pack" : "0.9 LTR",
    "nop" : 1,
    "qty" : 0.9,
    "rate" : 644.06,
    "taxRt" : 18.0,
    "cgst" : 57.97,
    "sgst" : 57.97,
    "total" : 760.0,
    "valBefTax" : 644.06
  }, {
    "serialNo" : "4",
    "pname" : "P0 BE Xp Slk Breathe Easy",
    "hsn" : "320910",
    "pack" : "4.0 LTR",
    "nop" : 1,
    "qty" : 4.0,
    "rate" : 2152.5,
    "taxRt" : 18.0,
    "cgst" : 193.73,
    "sgst" : 193.73,
    "total" : 2539.0,
    "valBefTax" : 2152.5
  }, {
    "serialNo" : "5",
    "pname" : "1\" MASKING TAPE BERG Painting Tools Rolle",
    "hsn" : "391910",
    "pack" : "1.0 LTR",
    "nop" : 2,
    "qty" : 2.0,
    "rate" : 25.42,
    "taxRt" : 18.0,
    "cgst" : 4.58,
    "sgst" : 4.58,
    "total" : 60.0,
    "valBefTax" : 50.84
  }, {
    "serialNo" : "6",
    "pname" : "N2 BE SLK SHEEN Xp Slk Breathe Easy",
    "hsn" : "320910",
    "pack" : "0.9 LTR",
    "nop" : 1,
    "qty" : 0.9,
    "rate" : 611.01,
    "taxRt" : 18.0,
    "cgst" : 54.99,
    "sgst" : 54.99,
    "total" : 720.0,
    "valBefTax" : 611.01
  }, {
    "serialNo" : "7",
    "pname" : "220 NO Wet & Dry Sandpaper",
    "hsn" : "680510",
    "pack" : "1.0 PCS",
    "nop" : 4,
    "qty" : 4.0,
    "rate" : 14.41,
    "taxRt" : 18.0,
    "cgst" : 5.2,
    "sgst" : 5.2,
    "total" : 68.0,
    "valBefTax" : 57.64
  } ],
  "totalCgst" : 774.25,
  "totalSgst" : 774.25,
  "total" : 10147.0,
  "totalvbt" : 8602.48,
  "totalNop" : 12.0,
  "totqty" : 20.7,
  "paymentMode" : "Credit"
}