{
  "invoiceNo" : "000306",
  "date" : "27/04/2022",
  "cname" : "CASH A/C",
  "caddress" : null,
  "cgstno" : null,
  "items" : [ {
    "serialNo" : "1",
    "pname" : "100 Mk Eco Wet Paper",
    "hsn" : "68052090",
    "pack" : "1.0 PCS",
    "nop" : 12,
    "qty" : 12.0,
    "rate" : 14.41,
    "taxRt" : 18.0,
    "cgst" : 15.6,
    "sgst" : 15.6,
    "total" : 204.0,
    "valBefTax" : 172.92
  }, {
    "serialNo" : "2",
    "pname" : "150 NO Wet & Dry Sandpaper",
    "hsn" : "680510",
    "pack" : "1.0 PCS",
    "nop" : 6,
    "qty" : 6.0,
    "rate" : 14.41,
    "taxRt" : 18.0,
    "cgst" : 7.8,
    "sgst" : 7.8,
    "total" : 102.0,
    "valBefTax" : 86.46
  }, {
    "serialNo" : "3",
    "pname" : "180 BLACK LION WPP Water Paper",
    "hsn" : "68052010",
    "pack" : "1.0 PCS",
    "nop" : 1,
    "qty" : 1.0,
    "rate" : 14.41,
    "taxRt" : 18.0,
    "cgst" : 1.3,
    "sgst" : 1.3,
    "total" : 17.0,
    "valBefTax" : 14.41
  }, {
    "serialNo" : "4",
    "pname" : "220 NO Wet & Dry Sandpaper",
    "hsn" : "680510",
    "pack" : "1.0 PCS",
    "nop" : 1,
    "qty" : 1.0,
    "rate" : 14.41,
    "taxRt" : 18.0,
    "cgst" : 1.3,
    "sgst" : 1.3,
    "total" : 17.0,
    "valBefTax" : 14.41
  }, {
    "serialNo" : "5",
    "pname" : "WT C B Machine Colouran",
    "hsn" : "321390",
    "pack" : "1.0 LTR",
    "nop" : 1,
    "qty" : 1.0,
    "rate" : 0.85,
    "taxRt" : 18.0,
    "cgst" : 0.08,
    "sgst" : 0.08,
    "total" : 1.0,
    "valBefTax" : 0.85
  }, {
    "serialNo" : "6",
    "pname" : "VB C B Machine Colouran",
    "hsn" : "321390",
    "pack" : "1.0 LTR",
    "nop" : 1,
    "qty" : 1.0,
    "rate" : 0.85,
    "taxRt" : 18.0,
    "cgst" : 0.08,
    "sgst" : 0.08,
    "total" : 1.0,
    "valBefTax" : 0.85
  }, {
    "serialNo" : "7",
    "pname" : "BC C B Machine Colouran",
    "hsn" : "321390",
    "pack" : "1.0 LTR",
    "nop" : 1,
    "qty" : 1.0,
    "rate" : 0.85,
    "taxRt" : 18.0,
    "cgst" : 0.08,
    "sgst" : 0.08,
    "total" : 1.0,
    "valBefTax" : 0.85
  }, {
    "serialNo" : "8",
    "pname" : "LFY Tinters",
    "hsn" : "32139000",
    "pack" : "1.0 LTR",
    "nop" : 1,
    "qty" : 1.0,
    "rate" : 0.85,
    "taxRt" : 18.0,
    "cgst" : 0.08,
    "sgst" : 0.08,
    "total" : 1.0,
    "valBefTax" : 0.85
  } ],
  "totalCgst" : 26.32,
  "totalSgst" : 26.32,
  "total" : 344.0,
  "totalvbt" : 291.6,
  "totalNop" : 24.0,
  "totqty" : 24.0,
  "paymentMode" : "Cash"
}