{
  "invoiceNo" : "000142",
  "date" : "14/04/2022",
  "cname" : "M RAJU BISWAS",
  "caddress" : null,
  "cgstno" : null,
  "items" : [ {
    "serialNo" : "1",
    "pname" : "BISON PRO Putty Pro",
    "hsn" : "321410",
    "pack" : "40.0 LTR",
    "nop" : 1,
    "qty" : 40.0,
    "rate" : 618.64,
    "taxRt" : 18.0,
    "cgst" : 55.68,
    "sgst" : 55.68,
    "total" : 730.0,
    "valBefTax" : 618.64
  }, {
    "serialNo" : "2",
    "pname" : "SEAL O PRIME Xp Hs Seal O Prime",
    "hsn" : "320910",
    "pack" : "20.0 LT",
    "nop" : 2,
    "qty" : 40.0,
    "rate" : 3008.5,
    "taxRt" : 18.0,
    "cgst" : 541.52,
    "sgst" : 541.52,
    "total" : 7099.0,
    "valBefTax" : 6017.0
  } ],
  "totalCgst" : 597.2,
  "totalSgst" : 597.2,
  "total" : 7829.0,
  "totalvbt" : 6635.64,
  "totalNop" : 3.0,
  "totqty" : 80.0,
  "paymentMode" : "Credit"
}