{
  "invoiceNo" : "000357",
  "date" : "30/04/2022",
  "cname" : "SRIKANTA BRAMHA",
  "caddress" : "JAGATPUR",
  "cgstno" : null,
  "items" : [ {
    "serialNo" : "1",
    "pname" : "W1 ANTI DUST XP C B Xp Wcoat Anti Du",
    "hsn" : "320910",
    "pack" : "9.0 LTR",
    "nop" : 1,
    "qty" : 9.0,
    "rate" : 3347.4,
    "taxRt" : 18.0,
    "cgst" : 301.27,
    "sgst" : 301.27,
    "total" : 3949.0,
    "valBefTax" : 3347.4
  }, {
    "serialNo" : "2",
    "pname" : "SALVALINE ALUMINIUM Aliminium Paint",
    "hsn" : "320890",
    "pack" : "0.5 LTR",
    "nop" : 2,
    "qty" : 1.0,
    "rate" : 165.25,
    "taxRt" : 18.0,
    "cgst" : 29.74,
    "sgst" : 29.74,
    "total" : 390.0,
    "valBefTax" : 330.5
  }, {
    "serialNo" : "3",
    "pname" : "N2 WCS C B Weathercoat Smoo",
    "hsn" : "320910",
    "pack" : "0.9 LTR",
    "nop" : 1,
    "qty" : 0.9,
    "rate" : 311.86,
    "taxRt" : 18.0,
    "cgst" : 28.07,
    "sgst" : 28.07,
    "total" : 368.0,
    "valBefTax" : 311.86
  }, {
    "serialNo" : "4",
    "pname" : "P0 SLK GLOW Silk Glow",
    "hsn" : "320910",
    "pack" : "1.0 LTR",
    "nop" : 1,
    "qty" : 1.0,
    "rate" : 496.61,
    "taxRt" : 18.0,
    "cgst" : 44.69,
    "sgst" : 44.69,
    "total" : 585.0,
    "valBefTax" : 496.61
  }, {
    "serialNo" : "5",
    "pname" : "P0 EC C B Easy Clean Luxur",
    "hsn" : "320910",
    "pack" : "1.0 LT",
    "nop" : 1,
    "qty" : 1.0,
    "rate" : 381.35,
    "taxRt" : 18.0,
    "cgst" : 34.32,
    "sgst" : 34.32,
    "total" : 449.0,
    "valBefTax" : 381.35
  } ],
  "totalCgst" : 438.09,
  "totalSgst" : 438.09,
  "total" : 5741.0,
  "totalvbt" : 4867.72,
  "totalNop" : 6.0,
  "totqty" : 12.9,
  "paymentMode" : "Cash"
}