{
  "invoiceNo" : "000388",
  "date" : "04/05/2022",
  "cname" : "CASH A/C",
  "caddress" : null,
  "cgstno" : null,
  "items" : [ {
    "serialNo" : "1",
    "pname" : "WHT ACRYLIC DISTEMPE Duwel Acrylic Distem",
    "hsn" : "32099090",
    "pack" : "10.0 KG",
    "nop" : 1,
    "qty" : 10.0,
    "rate" : 525.42,
    "taxRt" : 18.0,
    "cgst" : 47.29,
    "sgst" : 47.29,
    "total" : 620.0,
    "valBefTax" : 525.42
  }, {
    "serialNo" : "2",
    "pname" : "BR GREEN Unitint",
    "hsn" : "321390",
    "pack" : "0.1 LTR",
    "nop" : 5,
    "qty" : 0.5,
    "rate" : 59.32,
    "taxRt" : 18.0,
    "cgst" : 26.7,
    "sgst" : 26.7,
    "total" : 349.0,
    "valBefTax" : 296.6
  }, {
    "serialNo" : "3",
    "pname" : "PHIROZA BLUE Luxol Pu Enamel",
    "hsn" : "320890",
    "pack" : "1.0 LTR",
    "nop" : 3,
    "qty" : 3.0,
    "rate" : 220.34,
    "taxRt" : 18.0,
    "cgst" : 59.49,
    "sgst" : 59.49,
    "total" : 779.0,
    "valBefTax" : 661.02
  }, {
    "serialNo" : "4",
    "pname" : "WHITE Luxol Pu Enamel",
    "hsn" : "320890",
    "pack" : "0.5 LTR",
    "nop" : 1,
    "qty" : 0.5,
    "rate" : 144.07,
    "taxRt" : 18.0,
    "cgst" : 12.97,
    "sgst" : 12.97,
    "total" : 170.0,
    "valBefTax" : 144.07
  }, {
    "serialNo" : "5",
    "pname" : "WHITE Luxol Pu Enamel",
    "hsn" : "320890",
    "pack" : "1.0 LTR",
    "nop" : 1,
    "qty" : 1.0,
    "rate" : 258.47,
    "taxRt" : 18.0,
    "cgst" : 23.26,
    "sgst" : 23.26,
    "total" : 304.0,
    "valBefTax" : 258.47
  }, {
    "serialNo" : "6",
    "pname" : "BROWN Luxol High Gloss Ena",
    "hsn" : "320890",
    "pack" : "0.2 LTR",
    "nop" : 1,
    "qty" : 0.2,
    "rate" : 74.58,
    "taxRt" : 18.0,
    "cgst" : 6.71,
    "sgst" : 6.71,
    "total" : 88.0,
    "valBefTax" : 74.58
  }, {
    "serialNo" : "7",
    "pname" : "80 NO Wet & Dry Sandpaper",
    "hsn" : "68051010",
    "pack" : "1.0 PCS",
    "nop" : 4,
    "qty" : 4.0,
    "rate" : 14.41,
    "taxRt" : 18.0,
    "cgst" : 5.2,
    "sgst" : 5.2,
    "total" : 68.0,
    "valBefTax" : 57.64
  } ],
  "totalCgst" : 181.62,
  "totalSgst" : 181.62,
  "total" : 2378.0,
  "totalvbt" : 2017.8,
  "totalNop" : 16.0,
  "totqty" : 19.2,
  "paymentMode" : "Cash"
}