{
  "invoiceNo" : "000405",
  "date" : "05/05/2022",
  "cname" : "CASH A/C",
  "caddress" : null,
  "cgstno" : null,
  "items" : [ {
    "serialNo" : "1",
    "pname" : "BPCPWT Interior Wall Primer",
    "hsn" : "320910",
    "pack" : "20.0 LT",
    "nop" : 1,
    "qty" : 20.0,
    "rate" : 2161.0,
    "taxRt" : 18.0,
    "cgst" : 194.49,
    "sgst" : 194.49,
    "total" : 2549.0,
    "valBefTax" : 2161.0
  }, {
    "serialNo" : "2",
    "pname" : "GLDN BROWN Luxol High Gloss Ena",
    "hsn" : "320890",
    "pack" : "4.0 LT",
    "nop" : 1,
    "qty" : 4.0,
    "rate" : 830.5,
    "taxRt" : 18.0,
    "cgst" : 74.75,
    "sgst" : 74.75,
    "total" : 980.0,
    "valBefTax" : 830.5
  }, {
    "serialNo" : "3",
    "pname" : "R BLUE Robin Blue",
    "hsn" : "32064100",
    "pack" : "0.05 KG",
    "nop" : 1,
    "qty" : 0.05,
    "rate" : 22.03,
    "taxRt" : 18.0,
    "cgst" : 1.98,
    "sgst" : 1.98,
    "total" : 25.0,
    "valBefTax" : 22.03
  }, {
    "serialNo" : "4",
    "pname" : "F YLW Unitint",
    "hsn" : "32139000",
    "pack" : "0.1 LTR",
    "nop" : 3,
    "qty" : 0.30000000000000004,
    "rate" : 59.32,
    "taxRt" : 18.0,
    "cgst" : 16.02,
    "sgst" : 16.02,
    "total" : 210.0,
    "valBefTax" : 177.96
  } ],
  "totalCgst" : 287.24,
  "totalSgst" : 287.24,
  "total" : 3764.0,
  "totalvbt" : 3191.49,
  "totalNop" : 6.0,
  "totqty" : 24.35,
  "paymentMode" : "Cash"
}