{
  "invoiceNo" : "000034",
  "date" : "06/04/2022",
  "cname" : "CASH A/C",
  "caddress" : null,
  "cgstno" : null,
  "items" : [ {
    "serialNo" : "1",
    "pname" : "WT C B Machine Colouran",
    "hsn" : "321390",
    "pack" : "1.0 LTR",
    "nop" : 1,
    "qty" : 1.0,
    "rate" : 0.85,
    "taxRt" : 18.0,
    "cgst" : 0.08,
    "sgst" : 0.08,
    "total" : 1.0,
    "valBefTax" : 0.85
  }, {
    "serialNo" : "2",
    "pname" : "N2 WCS C B Weathercoat Smoo",
    "hsn" : "320910",
    "pack" : "0.9 LTR",
    "nop" : 1,
    "qty" : 0.9,
    "rate" : 271.18,
    "taxRt" : 18.0,
    "cgst" : 24.41,
    "sgst" : 24.41,
    "total" : 320.0,
    "valBefTax" : 271.18
  } ],
  "totalCgst" : 24.49,
  "totalSgst" : 24.49,
  "total" : 321.0,
  "totalvbt" : 272.03,
  "totalNop" : 2.0,
  "totqty" : 1.9,
  "paymentMode" : "Cash"
}