{
  "invoiceNo" : "000414",
  "date" : "06/05/2022",
  "cname" : "MAA CONSTRUCTION",
  "caddress" : "SUKANTA PALLY JYANGRA BAGUIATI",
  "cgstno" : null,
  "items" : [ {
    "serialNo" : "1",
    "pname" : "BISON PRO Putty Pro",
    "hsn" : "321410",
    "pack" : "40.0 LTR",
    "nop" : 20,
    "qty" : 800.0,
    "rate" : 614.4,
    "taxRt" : 18.0,
    "cgst" : 1106.0,
    "sgst" : 1106.0,
    "total" : 14499.0,
    "valBefTax" : 12288.0
  } ],
  "totalCgst" : 1106.0,
  "totalSgst" : 1106.0,
  "total" : 14499.0,
  "totalvbt" : 12288.0,
  "totalNop" : 20.0,
  "totqty" : 800.0,
  "paymentMode" : "Credit"
}