{
  "invoiceNo" : "000443",
  "date" : "08/05/2022",
  "cname" : "M RAJU BISWAS",
  "caddress" : null,
  "cgstno" : null,
  "items" : [ {
    "serialNo" : "1",
    "pname" : "220 NO Wet & Dry Sandpaper",
    "hsn" : "680510",
    "pack" : "1.0 PCS",
    "nop" : 12,
    "qty" : 12.0,
    "rate" : 13.56,
    "taxRt" : 18.0,
    "cgst" : 14.64,
    "sgst" : 14.64,
    "total" : 191.0,
    "valBefTax" : 162.72
  }, {
    "serialNo" : "2",
    "pname" : "150 NO Wet & Dry Sandpaper",
    "hsn" : "680510",
    "pack" : "1.0 PCS",
    "nop" : 6,
    "qty" : 6.0,
    "rate" : 14.41,
    "taxRt" : 18.0,
    "cgst" : 7.8,
    "sgst" : 7.8,
    "total" : 102.0,
    "valBefTax" : 86.46
  }, {
    "serialNo" : "3",
    "pname" : "2\" ARJUN Brushes",
    "hsn" : "96034010",
    "pack" : "1.0 PCS",
    "nop" : 2,
    "qty" : 2.0,
    "rate" : 42.37,
    "taxRt" : 18.0,
    "cgst" : 7.62,
    "sgst" : 7.62,
    "total" : 100.0,
    "valBefTax" : 84.74
  } ],
  "totalCgst" : 30.06,
  "totalSgst" : 30.06,
  "total" : 393.0,
  "totalvbt" : 333.92,
  "totalNop" : 20.0,
  "totqty" : 20.0,
  "paymentMode" : "Credit"
}