{
  "invoiceNo" : "000297",
  "date" : "26/04/2022",
  "cname" : "M RAJU BISWAS",
  "caddress" : null,
  "cgstno" : null,
  "items" : [ {
    "serialNo" : "1",
    "pname" : "P0 SLK B EASY Xp Slk Breathe Easy",
    "hsn" : "320910",
    "pack" : "1.0 LTR",
    "nop" : 3,
    "qty" : 3.0,
    "rate" : 567.79,
    "taxRt" : 18.0,
    "cgst" : 153.3,
    "sgst" : 153.3,
    "total" : 2009.0,
    "valBefTax" : 1703.37
  }, {
    "serialNo" : "2",
    "pname" : "P0 BE Xp Slk Breathe Easy",
    "hsn" : "320910",
    "pack" : "4.0 LTR",
    "nop" : 2,
    "qty" : 8.0,
    "rate" : 2238.1,
    "taxRt" : 18.0,
    "cgst" : 402.86,
    "sgst" : 402.86,
    "total" : 5281.0,
    "valBefTax" : 4476.2
  }, {
    "serialNo" : "3",
    "pname" : "P0 SLK B EASY Xp Slk Breathe Easy",
    "hsn" : "320910",
    "pack" : "1.0 LTR",
    "nop" : 1,
    "qty" : 1.0,
    "rate" : 575.42,
    "taxRt" : 18.0,
    "cgst" : 51.79,
    "sgst" : 51.79,
    "total" : 679.0,
    "valBefTax" : 575.42
  } ],
  "totalCgst" : 607.95,
  "totalSgst" : 607.95,
  "total" : 7969.0,
  "totalvbt" : 6754.99,
  "totalNop" : 6.0,
  "totqty" : 12.0,
  "paymentMode" : "Credit"
}