{
  "invoiceNo" : "000334",
  "date" : "29/04/2022",
  "cname" : "CASH A/C",
  "caddress" : null,
  "cgstno" : null,
  "items" : [ {
    "serialNo" : "1",
    "pname" : "120 Mk Eco Wet Paper",
    "hsn" : "68052090",
    "pack" : "1.0 PCS",
    "nop" : 10,
    "qty" : 10.0,
    "rate" : 14.41,
    "taxRt" : 18.0,
    "cgst" : 13.0,
    "sgst" : 13.0,
    "total" : 170.0,
    "valBefTax" : 144.1
  } ],
  "totalCgst" : 13.0,
  "totalSgst" : 13.0,
  "total" : 170.0,
  "totalvbt" : 144.1,
  "totalNop" : 10.0,
  "totqty" : 10.0,
  "paymentMode" : "Cash"
}