{
  "invoiceNo" : "000353",
  "date" : "30/04/2022",
  "cname" : "M RAJU BISWAS",
  "caddress" : null,
  "cgstno" : null,
  "items" : [ {
    "serialNo" : "1",
    "pname" : "D BRN LUX XTRA C B Luxol Xtra Ename",
    "hsn" : "320890",
    "pack" : "0.95 LT",
    "nop" : 2,
    "qty" : 1.9,
    "rate" : 254.24,
    "taxRt" : 18.0,
    "cgst" : 45.76,
    "sgst" : 45.76,
    "total" : 599.0,
    "valBefTax" : 508.48
  }, {
    "serialNo" : "2",
    "pname" : "D BRN LUX XTRA C B Luxol Xtra Ename",
    "hsn" : "320890",
    "pack" : "0.95 LT",
    "nop" : 1,
    "qty" : 0.95,
    "rate" : 259.32,
    "taxRt" : 18.0,
    "cgst" : 23.34,
    "sgst" : 23.34,
    "total" : 306.0,
    "valBefTax" : 259.32
  }, {
    "serialNo" : "3",
    "pname" : "LEAF BROWN Luxol High Gloss Ena",
    "hsn" : "320890",
    "pack" : "1.0 LT",
    "nop" : 2,
    "qty" : 2.0,
    "rate" : 220.34,
    "taxRt" : 18.0,
    "cgst" : 39.66,
    "sgst" : 39.66,
    "total" : 519.0,
    "valBefTax" : 440.68
  } ],
  "totalCgst" : 108.76,
  "totalSgst" : 108.76,
  "total" : 1424.0,
  "totalvbt" : 1208.48,
  "totalNop" : 5.0,
  "totqty" : 4.85,
  "paymentMode" : "Credit"
}