{
  "invoiceNo" : "000032",
  "date" : "06/04/2022",
  "cname" : "CASH A/C",
  "caddress" : null,
  "cgstno" : null,
  "items" : [ {
    "serialNo" : "1",
    "pname" : "YLW LONG LIFE Xp Wcoat Long Life",
    "hsn" : "320910",
    "pack" : "0.9 LTR",
    "nop" : 4,
    "qty" : 3.6,
    "rate" : 550.84,
    "taxRt" : 18.0,
    "cgst" : 198.32,
    "sgst" : 198.32,
    "total" : 2599.0,
    "valBefTax" : 2203.36
  } ],
  "totalCgst" : 198.32,
  "totalSgst" : 198.32,
  "total" : 2599.0,
  "totalvbt" : 2203.36,
  "totalNop" : 4.0,
  "totqty" : 3.6,
  "paymentMode" : "Cash"
}