{
  "invoiceNo" : "000230",
  "date" : "21/04/2022",
  "cname" : "CASH A/C",
  "caddress" : null,
  "cgstno" : null,
  "items" : [ {
    "serialNo" : "1",
    "pname" : "WB CP DUWEL Wb Primers",
    "hsn" : "32091090",
    "pack" : "1.0 LT",
    "nop" : 1,
    "qty" : 1.0,
    "rate" : 118.64,
    "taxRt" : 18.0,
    "cgst" : 10.68,
    "sgst" : 10.68,
    "total" : 140.0,
    "valBefTax" : 118.64
  }, {
    "serialNo" : "2",
    "pname" : "BR WHITE SHEEN PROMI Sheen Promise Interi",
    "hsn" : "32091010",
    "pack" : "1.0 LTR",
    "nop" : 2,
    "qty" : 2.0,
    "rate" : 161.02,
    "taxRt" : 18.0,
    "cgst" : 28.98,
    "sgst" : 28.98,
    "total" : 379.0,
    "valBefTax" : 322.04
  } ],
  "totalCgst" : 39.66,
  "totalSgst" : 39.66,
  "total" : 519.0,
  "totalvbt" : 440.68,
  "totalNop" : 3.0,
  "totqty" : 3.0,
  "paymentMode" : "Cash"
}