{
  "invoiceNo" : "000058",
  "date" : "08/04/2022",
  "cname" : "SANAKA ENTERPRISE",
  "caddress" : "RR 49,JHEEL PAR RD. TARULIA R R SITE KOL 156",
  "cgstno" : null,
  "items" : [ {
    "serialNo" : "1",
    "pname" : "PARROT WOOD PRIMER Wood  Primer Solvent",
    "hsn" : "320890",
    "pack" : "4.0 LT",
    "nop" : 2,
    "qty" : 8.0,
    "rate" : 672.03,
    "taxRt" : 18.0,
    "cgst" : 120.96,
    "sgst" : 120.96,
    "total" : 1586.0,
    "valBefTax" : 1344.06
  } ],
  "totalCgst" : 120.96,
  "totalSgst" : 120.96,
  "total" : 1586.0,
  "totalvbt" : 1344.06,
  "totalNop" : 2.0,
  "totqty" : 8.0,
  "paymentMode" : "Cash"
}