{
  "invoiceNo" : "000397",
  "date" : "05/05/2022",
  "cname" : "KALIM ENTERPRISE",
  "caddress" : "VIL&PO GHUNI KOL 157",
  "cgstno" : null,
  "items" : [ {
    "serialNo" : "1",
    "pname" : "P0 RTC C B Rangoli Total Ca",
    "hsn" : "320910",
    "pack" : "1.0 LT",
    "nop" : 1,
    "qty" : 1.0,
    "rate" : 283.9,
    "taxRt" : 18.0,
    "cgst" : 25.55,
    "sgst" : 25.55,
    "total" : 335.0,
    "valBefTax" : 283.9
  }, {
    "serialNo" : "2",
    "pname" : "R BLUE Robin Blue",
    "hsn" : "32064100",
    "pack" : "0.05 KG",
    "nop" : 1,
    "qty" : 0.05,
    "rate" : 22.03,
    "taxRt" : 18.0,
    "cgst" : 1.98,
    "sgst" : 1.98,
    "total" : 25.0,
    "valBefTax" : 22.03
  } ],
  "totalCgst" : 27.53,
  "totalSgst" : 27.53,
  "total" : 360.0,
  "totalvbt" : 305.93,
  "totalNop" : 2.0,
  "totqty" : 1.05,
  "paymentMode" : "Credit"
}