{
  "invoiceNo" : "000453",
  "date" : "09/05/2022",
  "cname" : "M SABHYASCHI",
  "caddress" : null,
  "cgstno" : null,
  "items" : [ {
    "serialNo" : "1",
    "pname" : "R BLUE Robin Blue",
    "hsn" : "32064100",
    "pack" : "0.05 KG",
    "nop" : 2,
    "qty" : 0.1,
    "rate" : 22.03,
    "taxRt" : 18.0,
    "cgst" : 3.96,
    "sgst" : 3.96,
    "total" : 52.0,
    "valBefTax" : 44.06
  }, {
    "serialNo" : "2",
    "pname" : "F ORANGE Unitint",
    "hsn" : "321390",
    "pack" : "0.1 LTR",
    "nop" : 1,
    "qty" : 0.1,
    "rate" : 59.32,
    "taxRt" : 18.0,
    "cgst" : 5.34,
    "sgst" : 5.34,
    "total" : 70.0,
    "valBefTax" : 59.32
  }, {
    "serialNo" : "3",
    "pname" : "BASE COAT Silk B E Base Coat",
    "hsn" : "320910",
    "pack" : "20.0 LTR",
    "nop" : 2,
    "qty" : 40.0,
    "rate" : 3093.2,
    "taxRt" : 18.0,
    "cgst" : 556.78,
    "sgst" : 556.78,
    "total" : 7299.0,
    "valBefTax" : 6186.4
  }, {
    "serialNo" : "4",
    "pname" : "YLW BISON C B Bison Emulsion",
    "hsn" : "320910",
    "pack" : "3.6 LT",
    "nop" : 1,
    "qty" : 3.6,
    "rate" : 889.82,
    "taxRt" : 18.0,
    "cgst" : 80.08,
    "sgst" : 80.08,
    "total" : 1049.0,
    "valBefTax" : 889.82
  } ],
  "totalCgst" : 646.16,
  "totalSgst" : 646.16,
  "total" : 8470.0,
  "totalvbt" : 7179.6,
  "totalNop" : 6.0,
  "totqty" : 43.8,
  "paymentMode" : "Credit"
}