{
  "invoiceNo" : "000437",
  "date" : "07/05/2022",
  "cname" : "CASH A/C",
  "caddress" : null,
  "cgstno" : null,
  "items" : [ {
    "serialNo" : "1",
    "pname" : "D BRN LUX XTRA C B Luxol Xtra Ename",
    "hsn" : "320890",
    "pack" : "0.95 LT",
    "nop" : 2,
    "qty" : 1.9,
    "rate" : 254.24,
    "taxRt" : 18.0,
    "cgst" : 45.76,
    "sgst" : 45.76,
    "total" : 599.0,
    "valBefTax" : 508.48
  } ],
  "totalCgst" : 45.76,
  "totalSgst" : 45.76,
  "total" : 599.0,
  "totalvbt" : 508.48,
  "totalNop" : 2.0,
  "totqty" : 1.9,
  "paymentMode" : "Cash"
}