{
  "invoiceNo" : "000291",
  "date" : "25/04/2022",
  "cname" : "CASH A/C",
  "caddress" : null,
  "cgstno" : null,
  "items" : [ {
    "serialNo" : "1",
    "pname" : "L BRN LUX XTRA C B Luxol Xtra Ename",
    "hsn" : "320890",
    "pack" : "0.95 LT",
    "nop" : 1,
    "qty" : 0.95,
    "rate" : 220.34,
    "taxRt" : 18.0,
    "cgst" : 19.83,
    "sgst" : 19.83,
    "total" : 260.0,
    "valBefTax" : 220.34
  }, {
    "serialNo" : "2",
    "pname" : "BROWN Luxol High Gloss Ena",
    "hsn" : "320890",
    "pack" : "0.05 LTR",
    "nop" : 2,
    "qty" : 0.1,
    "rate" : 19.07,
    "taxRt" : 18.0,
    "cgst" : 3.44,
    "sgst" : 3.44,
    "total" : 45.0,
    "valBefTax" : 38.14
  } ],
  "totalCgst" : 23.27,
  "totalSgst" : 23.27,
  "total" : 305.0,
  "totalvbt" : 258.48,
  "totalNop" : 3.0,
  "totqty" : 1.05,
  "paymentMode" : "Cash"
}