{
  "invoiceNo" : "000138",
  "date" : "14/04/2022",
  "cname" : "CASH A/C",
  "caddress" : null,
  "cgstno" : null,
  "items" : [ {
    "serialNo" : "1",
    "pname" : "WHITE CEMENT White Cement",
    "hsn" : "25232100",
    "pack" : "1.0 KGS",
    "nop" : 1,
    "qty" : 1.0,
    "rate" : 27.34,
    "taxRt" : 28.0,
    "cgst" : 3.83,
    "sgst" : 3.83,
    "total" : 35.0,
    "valBefTax" : 27.34
  }, {
    "serialNo" : "2",
    "pname" : "FIRE RED Unitint",
    "hsn" : "32139000",
    "pack" : "0.05 LTR",
    "nop" : 2,
    "qty" : 0.1,
    "rate" : 32.2,
    "taxRt" : 18.0,
    "cgst" : 5.8,
    "sgst" : 5.8,
    "total" : 76.0,
    "valBefTax" : 64.4
  }, {
    "serialNo" : "3",
    "pname" : "P0 RTC C B Rangoli Total Ca",
    "hsn" : "320910",
    "pack" : "1.0 LT",
    "nop" : 2,
    "qty" : 2.0,
    "rate" : 283.9,
    "taxRt" : 18.0,
    "cgst" : 51.1,
    "sgst" : 51.1,
    "total" : 669.0,
    "valBefTax" : 567.8
  }, {
    "serialNo" : "4",
    "pname" : "D BRN Base Pu Enamel",
    "hsn" : "320890",
    "pack" : "0.45 LTR",
    "nop" : 1,
    "qty" : 0.45,
    "rate" : 118.64,
    "taxRt" : 18.0,
    "cgst" : 10.68,
    "sgst" : 10.68,
    "total" : 140.0,
    "valBefTax" : 118.64
  }, {
    "serialNo" : "5",
    "pname" : "SALVALINE ALUMINIUM Aliminium Paint",
    "hsn" : "320890",
    "pack" : "0.5 LTR",
    "nop" : 1,
    "qty" : 0.5,
    "rate" : 165.25,
    "taxRt" : 18.0,
    "cgst" : 14.87,
    "sgst" : 14.87,
    "total" : 194.0,
    "valBefTax" : 165.25
  } ],
  "totalCgst" : 86.28,
  "totalSgst" : 86.28,
  "total" : 1114.0,
  "totalvbt" : 943.43,
  "totalNop" : 7.0,
  "totqty" : 4.05,
  "paymentMode" : "Cash"
}