{
  "invoiceNo" : "000059",
  "date" : "08/04/2022",
  "cname" : "CASH A/C",
  "caddress" : null,
  "cgstno" : null,
  "items" : [ {
    "serialNo" : "1",
    "pname" : "BLACK GLOSSY Spray Paint",
    "hsn" : "32089090",
    "pack" : "0.4 LTR",
    "nop" : 1,
    "qty" : 0.4,
    "rate" : 152.54,
    "taxRt" : 18.0,
    "cgst" : 13.73,
    "sgst" : 13.73,
    "total" : 180.0,
    "valBefTax" : 152.54
  } ],
  "totalCgst" : 13.73,
  "totalSgst" : 13.73,
  "total" : 180.0,
  "totalvbt" : 152.54,
  "totalNop" : 1.0,
  "totqty" : 0.4,
  "paymentMode" : "Cash"
}