{
  "invoiceNo" : "000459",
  "date" : "10/05/2022",
  "cname" : "JAMUNA VALVE INDUSTRIES",
  "caddress" : "20/2C CANEL WEST RD KOLKATA 700006",
  "cgstno" : null,
  "items" : [ {
    "serialNo" : "1",
    "pname" : "LW+ PIDIPROOF Dr Fixit Pidiproof L",
    "hsn" : "38244010",
    "pack" : "20.0 LTR",
    "nop" : 2,
    "qty" : 40.0,
    "rate" : 1711.9,
    "taxRt" : 18.0,
    "cgst" : 308.14,
    "sgst" : 308.14,
    "total" : 4039.0,
    "valBefTax" : 3423.8
  }, {
    "serialNo" : "2",
    "pname" : "URP Dr Fixit Pidicrete U",
    "hsn" : "40021100",
    "pack" : "50.0 KGS",
    "nop" : 1,
    "qty" : 50.0,
    "rate" : 8567.7,
    "taxRt" : 18.0,
    "cgst" : 771.09,
    "sgst" : 771.09,
    "total" : 10109.0,
    "valBefTax" : 8567.7
  } ],
  "totalCgst" : 1079.23,
  "totalSgst" : 1079.23,
  "total" : 14148.0,
  "totalvbt" : 11991.5,
  "totalNop" : 3.0,
  "totqty" : 90.0,
  "paymentMode" : "Credit"
}