{
  "invoiceNo" : "000147",
  "date" : "15/04/2022",
  "cname" : "CASH A/C",
  "caddress" : null,
  "cgstno" : null,
  "items" : [ {
    "serialNo" : "1",
    "pname" : "BLACK Luxol High Gloss Ena",
    "hsn" : "320890",
    "pack" : "0.05 LTR",
    "nop" : 1,
    "qty" : 0.05,
    "rate" : 22.03,
    "taxRt" : 18.0,
    "cgst" : 1.98,
    "sgst" : 1.98,
    "total" : 25.0,
    "valBefTax" : 22.03
  }, {
    "serialNo" : "2",
    "pname" : "WHITE CEMENT White Cement",
    "hsn" : "25232100",
    "pack" : "1.0 KGS",
    "nop" : 2,
    "qty" : 2.0,
    "rate" : 27.34,
    "taxRt" : 28.0,
    "cgst" : 7.66,
    "sgst" : 7.66,
    "total" : 70.0,
    "valBefTax" : 54.68
  } ],
  "totalCgst" : 9.64,
  "totalSgst" : 9.64,
  "total" : 95.0,
  "totalvbt" : 76.71,
  "totalNop" : 3.0,
  "totqty" : 2.05,
  "paymentMode" : "Cash"
}