{
  "invoiceNo" : "000267",
  "date" : "23/04/2022",
  "cname" : "SANAKA ENTERPRISE",
  "caddress" : "RR 49,JHEEL PAR RD. TARULIA R R SITE KOL 156",
  "cgstno" : null,
  "items" : [ {
    "serialNo" : "1",
    "pname" : "W1 RTC C B Rangoli Total Ca",
    "hsn" : "320910",
    "pack" : "0.9 LT",
    "nop" : 1,
    "qty" : 0.9,
    "rate" : 268.64,
    "taxRt" : 18.0,
    "cgst" : 24.18,
    "sgst" : 24.18,
    "total" : 317.0,
    "valBefTax" : 268.64
  } ],
  "totalCgst" : 24.18,
  "totalSgst" : 24.18,
  "total" : 317.0,
  "totalvbt" : 268.64,
  "totalNop" : 1.0,
  "totqty" : 0.9,
  "paymentMode" : "Credit"
}