{
  "invoiceNo" : "000077",
  "date" : "09/04/2022",
  "cname" : "CASH A/C",
  "caddress" : null,
  "cgstno" : null,
  "items" : [ {
    "serialNo" : "1",
    "pname" : "P0 GLMR C B Xp Silk Glamour",
    "hsn" : "320910",
    "pack" : "1.0 LT",
    "nop" : 1,
    "qty" : 1.0,
    "rate" : 529.66,
    "taxRt" : 18.0,
    "cgst" : 47.67,
    "sgst" : 47.67,
    "total" : 625.0,
    "valBefTax" : 529.66
  } ],
  "totalCgst" : 47.67,
  "totalSgst" : 47.67,
  "total" : 625.0,
  "totalvbt" : 529.66,
  "totalNop" : 1.0,
  "totqty" : 1.0,
  "paymentMode" : "Cash"
}