{
  "invoiceNo" : "000448",
  "date" : "08/05/2022",
  "cname" : "CASH A/C",
  "caddress" : null,
  "cgstno" : null,
  "items" : [ {
    "serialNo" : "1",
    "pname" : "BUTTERFLY AC METAL Metal Primer Solvent",
    "hsn" : "320890",
    "pack" : "1.0 LT",
    "nop" : 1,
    "qty" : 1.0,
    "rate" : 182.2,
    "taxRt" : 18.0,
    "cgst" : 16.4,
    "sgst" : 16.4,
    "total" : 215.0,
    "valBefTax" : 182.2
  }, {
    "serialNo" : "2",
    "pname" : "PARROT WOOD PRIMER Wood  Primer Solvent",
    "hsn" : "320890",
    "pack" : "1.0 LT",
    "nop" : 1,
    "qty" : 1.0,
    "rate" : 186.44,
    "taxRt" : 18.0,
    "cgst" : 16.78,
    "sgst" : 16.78,
    "total" : 220.0,
    "valBefTax" : 186.44
  }, {
    "serialNo" : "3",
    "pname" : "HEATEX Fevicol Heatx",
    "hsn" : "35061000",
    "pack" : "0.5 LTR",
    "nop" : 1,
    "qty" : 0.5,
    "rate" : 220.34,
    "taxRt" : 18.0,
    "cgst" : 19.83,
    "sgst" : 19.83,
    "total" : 260.0,
    "valBefTax" : 220.34
  } ],
  "totalCgst" : 53.01,
  "totalSgst" : 53.01,
  "total" : 695.0,
  "totalvbt" : 588.98,
  "totalNop" : 3.0,
  "totqty" : 2.5,
  "paymentMode" : "Cash"
}