{
  "invoiceNo" : "000120",
  "date" : "13/04/2022",
  "cname" : "CASH A/C",
  "caddress" : null,
  "cgstno" : null,
  "items" : [ {
    "serialNo" : "1",
    "pname" : "GLDN BROWN Luxol High Gloss Ena",
    "hsn" : "320890",
    "pack" : "0.5 LT",
    "nop" : 1,
    "qty" : 0.5,
    "rate" : 118.64,
    "taxRt" : 18.0,
    "cgst" : 10.68,
    "sgst" : 10.68,
    "total" : 140.0,
    "valBefTax" : 118.64
  }, {
    "serialNo" : "2",
    "pname" : "1\" MASKING TAPE BERG Painting Tools Rolle",
    "hsn" : "391910",
    "pack" : "1.0 LTR",
    "nop" : 1,
    "qty" : 1.0,
    "rate" : 25.42,
    "taxRt" : 18.0,
    "cgst" : 2.29,
    "sgst" : 2.29,
    "total" : 30.0,
    "valBefTax" : 25.42
  } ],
  "totalCgst" : 12.97,
  "totalSgst" : 12.97,
  "total" : 170.0,
  "totalvbt" : 144.06,
  "totalNop" : 2.0,
  "totqty" : 1.5,
  "paymentMode" : "Cash"
}