{
  "invoiceNo" : "000182",
  "date" : "18/04/2022",
  "cname" : "KALIM ENTERPRISE",
  "caddress" : "VIL&PO GHUNI KOL 157",
  "cgstno" : null,
  "items" : [ {
    "serialNo" : "1",
    "pname" : "P0 RTC C B Rangoli Total Ca",
    "hsn" : "320910",
    "pack" : "4.0 LT",
    "nop" : 1,
    "qty" : 4.0,
    "rate" : 1110.2,
    "taxRt" : 18.0,
    "cgst" : 99.91,
    "sgst" : 99.91,
    "total" : 1309.0,
    "valBefTax" : 1110.2
  }, {
    "serialNo" : "2",
    "pname" : "BPCPWT Interior Wall Primer",
    "hsn" : "320910",
    "pack" : "1.0 LT",
    "nop" : 2,
    "qty" : 2.0,
    "rate" : 148.3,
    "taxRt" : 18.0,
    "cgst" : 26.7,
    "sgst" : 26.7,
    "total" : 349.0,
    "valBefTax" : 296.6
  }, {
    "serialNo" : "3",
    "pname" : "YLW GLMR C B Xp Silk Glamour",
    "hsn" : "320910",
    "pack" : "0.9 LT",
    "nop" : 2,
    "qty" : 1.8,
    "rate" : 600.84,
    "taxRt" : 18.0,
    "cgst" : 108.16,
    "sgst" : 108.16,
    "total" : 1417.0,
    "valBefTax" : 1201.68
  }, {
    "serialNo" : "4",
    "pname" : "W1 GLMR C B Xp Silk Glamour",
    "hsn" : "320910",
    "pack" : "0.9 LTR",
    "nop" : 2,
    "qty" : 1.8,
    "rate" : 519.49,
    "taxRt" : 18.0,
    "cgst" : 93.5,
    "sgst" : 93.5,
    "total" : 1225.0,
    "valBefTax" : 1038.98
  }, {
    "serialNo" : "5",
    "pname" : "N2 GLMR C B Xp Silk Glamour",
    "hsn" : "320910",
    "pack" : "0.9 LT",
    "nop" : 1,
    "qty" : 0.9,
    "rate" : 559.32,
    "taxRt" : 18.0,
    "cgst" : 50.34,
    "sgst" : 50.34,
    "total" : 660.0,
    "valBefTax" : 559.32
  }, {
    "serialNo" : "6",
    "pname" : "YLW GLMR C B Xp Silk Glamour",
    "hsn" : "320910",
    "pack" : "0.9 LT",
    "nop" : 1,
    "qty" : 0.9,
    "rate" : 579.66,
    "taxRt" : 18.0,
    "cgst" : 52.17,
    "sgst" : 52.17,
    "total" : 684.0,
    "valBefTax" : 579.66
  }, {
    "serialNo" : "7",
    "pname" : "YLW WCS C B Weathercoat Smoo",
    "hsn" : "320910",
    "pack" : "3.6 LTR",
    "nop" : 1,
    "qty" : 3.6,
    "rate" : 1406.8,
    "taxRt" : 18.0,
    "cgst" : 126.61,
    "sgst" : 126.61,
    "total" : 1659.0,
    "valBefTax" : 1406.8
  } ],
  "totalCgst" : 557.39,
  "totalSgst" : 557.39,
  "total" : 7303.0,
  "totalvbt" : 6193.24,
  "totalNop" : 10.0,
  "totqty" : 15.0,
  "paymentMode" : "Credit"
}