{
  "invoiceNo" : "000286",
  "date" : "25/04/2022",
  "cname" : "CASH A/C",
  "caddress" : null,
  "cgstno" : null,
  "items" : [ {
    "serialNo" : "1",
    "pname" : "PARROT WOOD PRIMER Wood  Primer Solvent",
    "hsn" : "320890",
    "pack" : "4.0 LT",
    "nop" : 1,
    "qty" : 4.0,
    "rate" : 703.38,
    "taxRt" : 18.0,
    "cgst" : 63.3,
    "sgst" : 63.3,
    "total" : 829.0,
    "valBefTax" : 703.38
  }, {
    "serialNo" : "2",
    "pname" : "WHITE Luxol-7-in-1 White",
    "hsn" : "320890",
    "pack" : "4.0 LTR",
    "nop" : 1,
    "qty" : 4.0,
    "rate" : 1135.6,
    "taxRt" : 18.0,
    "cgst" : 102.2,
    "sgst" : 102.2,
    "total" : 1339.0,
    "valBefTax" : 1135.6
  } ],
  "totalCgst" : 165.5,
  "totalSgst" : 165.5,
  "total" : 2168.0,
  "totalvbt" : 1838.98,
  "totalNop" : 2.0,
  "totqty" : 8.0,
  "paymentMode" : "Cash"
}