{
  "invoiceNo" : "000047",
  "date" : "07/04/2022",
  "cname" : "CASH A/C",
  "caddress" : null,
  "cgstno" : null,
  "items" : [ {
    "serialNo" : "1",
    "pname" : "BISON EXT PUTTY Putty",
    "hsn" : "321410",
    "pack" : "40.0 KG",
    "nop" : 3,
    "qty" : 120.0,
    "rate" : 618.64,
    "taxRt" : 18.0,
    "cgst" : 167.04,
    "sgst" : 167.04,
    "total" : 2189.0,
    "valBefTax" : 1855.92
  }, {
    "serialNo" : "2",
    "pname" : "GLDN BROWN Luxol High Gloss Ena",
    "hsn" : "320890",
    "pack" : "0.5 LT",
    "nop" : 2,
    "qty" : 1.0,
    "rate" : 110.17,
    "taxRt" : 18.0,
    "cgst" : 19.84,
    "sgst" : 19.84,
    "total" : 260.0,
    "valBefTax" : 220.34
  }, {
    "serialNo" : "3",
    "pname" : "GLDN BROWN Luxol High Gloss Ena",
    "hsn" : "320890",
    "pack" : "4.0 LT",
    "nop" : 1,
    "qty" : 4.0,
    "rate" : 855.92,
    "taxRt" : 18.0,
    "cgst" : 77.03,
    "sgst" : 77.03,
    "total" : 1009.0,
    "valBefTax" : 855.92
  }, {
    "serialNo" : "4",
    "pname" : "FAST RED Unitint",
    "hsn" : "321390",
    "pack" : "0.2 LTR",
    "nop" : 2,
    "qty" : 0.4,
    "rate" : 152.54,
    "taxRt" : 18.0,
    "cgst" : 27.46,
    "sgst" : 27.46,
    "total" : 360.0,
    "valBefTax" : 305.08
  } ],
  "totalCgst" : 291.37,
  "totalSgst" : 291.37,
  "total" : 3818.0,
  "totalvbt" : 3237.26,
  "totalNop" : 8.0,
  "totqty" : 125.4,
  "paymentMode" : "Cash"
}