{
  "invoiceNo" : "000007",
  "date" : "05/04/2022",
  "cname" : "KALIM ENTERPRISE",
  "caddress" : "VIL&PO GHUNI KOL 157",
  "cgstno" : null,
  "items" : [ {
    "serialNo" : "1",
    "pname" : "P0 LUX XTRA C B Luxol Xtra Ename",
    "hsn" : "320890",
    "pack" : "0.985 LT",
    "nop" : 1,
    "qty" : 0.985,
    "rate" : 250.0,
    "taxRt" : 18.0,
    "cgst" : 22.5,
    "sgst" : 22.5,
    "total" : 295.0,
    "valBefTax" : 250.0
  } ],
  "totalCgst" : 22.5,
  "totalSgst" : 22.5,
  "total" : 295.0,
  "totalvbt" : 250.0,
  "totalNop" : 1.0,
  "totqty" : 0.98,
  "paymentMode" : "Credit"
}