{
  "invoiceNo" : "000215",
  "date" : "20/04/2022",
  "cname" : "CASH A/C",
  "caddress" : null,
  "cgstno" : null,
  "items" : [ {
    "serialNo" : "1",
    "pname" : "P0 EC C B Easy Clean Luxur",
    "hsn" : "320910",
    "pack" : "1.0 LT",
    "nop" : 1,
    "qty" : 1.0,
    "rate" : 381.35,
    "taxRt" : 18.0,
    "cgst" : 34.32,
    "sgst" : 34.32,
    "total" : 449.0,
    "valBefTax" : 381.35
  }, {
    "serialNo" : "2",
    "pname" : "W1 EC C B Easy Clean Luxur",
    "hsn" : "320910",
    "pack" : "0.9 LT",
    "nop" : 1,
    "qty" : 0.9,
    "rate" : 387.28,
    "taxRt" : 18.0,
    "cgst" : 34.86,
    "sgst" : 34.86,
    "total" : 457.0,
    "valBefTax" : 387.28
  } ],
  "totalCgst" : 69.18,
  "totalSgst" : 69.18,
  "total" : 906.0,
  "totalvbt" : 768.63,
  "totalNop" : 2.0,
  "totqty" : 1.9,
  "paymentMode" : "Cash"
}