{
  "invoiceNo" : "000050",
  "date" : "08/04/2022",
  "cname" : "CASH A/C",
  "caddress" : null,
  "cgstno" : null,
  "items" : [ {
    "serialNo" : "1",
    "pname" : "BISON EXT PUTTY Putty",
    "hsn" : "321410",
    "pack" : "40.0 KG",
    "nop" : 1,
    "qty" : 40.0,
    "rate" : 618.64,
    "taxRt" : 18.0,
    "cgst" : 55.68,
    "sgst" : 55.68,
    "total" : 730.0,
    "valBefTax" : 618.64
  }, {
    "serialNo" : "2",
    "pname" : "BISON EXT PUTTY Putty",
    "hsn" : "321410",
    "pack" : "30.0 KG",
    "nop" : 1,
    "qty" : 30.0,
    "rate" : 525.42,
    "taxRt" : 18.0,
    "cgst" : 47.29,
    "sgst" : 47.29,
    "total" : 620.0,
    "valBefTax" : 525.42
  } ],
  "totalCgst" : 102.97,
  "totalSgst" : 102.97,
  "total" : 1350.0,
  "totalvbt" : 1144.06,
  "totalNop" : 2.0,
  "totqty" : 70.0,
  "paymentMode" : "Cash"
}