{
  "invoiceNo" : "000161",
  "date" : "17/04/2022",
  "cname" : "NIRANJAN KUMAR SINGH",
  "caddress" : null,
  "cgstno" : null,
  "items" : [ {
    "serialNo" : "1",
    "pname" : "YLW LONG LIFE Xp Wcoat Long Life",
    "hsn" : "320910",
    "pack" : "0.9 LTR",
    "nop" : 1,
    "qty" : 0.9,
    "rate" : 660.16,
    "taxRt" : 18.0,
    "cgst" : 59.41,
    "sgst" : 59.41,
    "total" : 778.0,
    "valBefTax" : 660.16
  } ],
  "totalCgst" : 59.41,
  "totalSgst" : 59.41,
  "total" : 778.0,
  "totalvbt" : 660.16,
  "totalNop" : 1.0,
  "totqty" : 0.9,
  "paymentMode" : "Credit"
}