{
  "invoiceNo" : "000188",
  "date" : "19/04/2022",
  "cname" : "ROY RETAIL SOLUTIONS",
  "caddress" : "BMC J-BLOCK 6 N ETAJI PALLY, JAGATPUR KOL 162",
  "cgstno" : null,
  "items" : [ {
    "serialNo" : "1",
    "pname" : "PHIROZA BLUE Luxol Pu Enamel",
    "hsn" : "320890",
    "pack" : "1.0 LTR",
    "nop" : 1,
    "qty" : 1.0,
    "rate" : 220.34,
    "taxRt" : 18.0,
    "cgst" : 19.83,
    "sgst" : 19.83,
    "total" : 260.0,
    "valBefTax" : 220.34
  } ],
  "totalCgst" : 19.83,
  "totalSgst" : 19.83,
  "total" : 260.0,
  "totalvbt" : 220.34,
  "totalNop" : 1.0,
  "totqty" : 1.0,
  "paymentMode" : "Cash"
}