{
  "invoiceNo" : "000039",
  "date" : "07/04/2022",
  "cname" : "KALIM ENTERPRISE",
  "caddress" : "VIL&PO GHUNI KOL 157",
  "cgstno" : null,
  "items" : [ {
    "serialNo" : "1",
    "pname" : "W2 LUX XTRA C B Luxol Xtra Ename",
    "hsn" : "320890",
    "pack" : "0.95 LT",
    "nop" : 1,
    "qty" : 0.95,
    "rate" : 271.18,
    "taxRt" : 18.0,
    "cgst" : 24.41,
    "sgst" : 24.41,
    "total" : 320.0,
    "valBefTax" : 271.18
  }, {
    "serialNo" : "2",
    "pname" : "GLDN BROWN Luxol High Gloss Ena",
    "hsn" : "320890",
    "pack" : "1.0 LT",
    "nop" : 1,
    "qty" : 1.0,
    "rate" : 220.34,
    "taxRt" : 18.0,
    "cgst" : 19.83,
    "sgst" : 19.83,
    "total" : 260.0,
    "valBefTax" : 220.34
  }, {
    "serialNo" : "3",
    "pname" : "ROYAL IVORY Luxol High Gloss Ena",
    "hsn" : "320890",
    "pack" : "1.0 LT",
    "nop" : 1,
    "qty" : 1.0,
    "rate" : 250.0,
    "taxRt" : 18.0,
    "cgst" : 22.5,
    "sgst" : 22.5,
    "total" : 295.0,
    "valBefTax" : 250.0
  }, {
    "serialNo" : "4",
    "pname" : "W1 EC C B Easy Clean Luxur",
    "hsn" : "320910",
    "pack" : "0.9 LT",
    "nop" : 2,
    "qty" : 1.8,
    "rate" : 379.66,
    "taxRt" : 18.0,
    "cgst" : 68.34,
    "sgst" : 68.34,
    "total" : 896.0,
    "valBefTax" : 759.32
  } ],
  "totalCgst" : 135.08,
  "totalSgst" : 135.08,
  "total" : 1771.0,
  "totalvbt" : 1500.84,
  "totalNop" : 5.0,
  "totqty" : 4.75,
  "paymentMode" : "Credit"
}