{
  "invoiceNo" : "000360",
  "date" : "01/05/2022",
  "cname" : "BHUSHAN BHAWAN",
  "caddress" : "ASWININAGAR SPRING DALE SCHOOL KOLKATA 700159",
  "cgstno" : null,
  "items" : [ {
    "serialNo" : "1",
    "pname" : "W2 7IN1 Luxol-7-in-1 Base",
    "hsn" : "320890",
    "pack" : "3.8 LTR",
    "nop" : 1,
    "qty" : 3.8,
    "rate" : 1228.8,
    "taxRt" : 18.0,
    "cgst" : 110.59,
    "sgst" : 110.59,
    "total" : 1449.0,
    "valBefTax" : 1228.8
  }, {
    "serialNo" : "2",
    "pname" : "3\" WALLMAST Brushes",
    "hsn" : "96034010",
    "pack" : "1.0 PCS",
    "nop" : 1,
    "qty" : 1.0,
    "rate" : 127.12,
    "taxRt" : 18.0,
    "cgst" : 11.44,
    "sgst" : 11.44,
    "total" : 150.0,
    "valBefTax" : 127.12
  }, {
    "serialNo" : "3",
    "pname" : "GP THINNER Thinners",
    "hsn" : "320810",
    "pack" : "0.5 LTR",
    "nop" : 1,
    "qty" : 0.5,
    "rate" : 50.85,
    "taxRt" : 18.0,
    "cgst" : 4.58,
    "sgst" : 4.58,
    "total" : 60.0,
    "valBefTax" : 50.85
  } ],
  "totalCgst" : 126.61,
  "totalSgst" : 126.61,
  "total" : 1659.0,
  "totalvbt" : 1406.77,
  "totalNop" : 3.0,
  "totqty" : 5.3,
  "paymentMode" : "Credit"
}