{
  "invoiceNo" : "000264",
  "date" : "23/04/2022",
  "cname" : "KALIM ENTERPRISE",
  "caddress" : "VIL&PO GHUNI KOL 157",
  "cgstno" : null,
  "items" : [ {
    "serialNo" : "1",
    "pname" : "RED GLMR C B Xp Silk Glamour",
    "hsn" : "320910",
    "pack" : "0.9 LTR",
    "nop" : 2,
    "qty" : 1.8,
    "rate" : 524.57,
    "taxRt" : 18.0,
    "cgst" : 94.42,
    "sgst" : 94.42,
    "total" : 1237.0,
    "valBefTax" : 1049.14
  }, {
    "serialNo" : "2",
    "pname" : "P0 SLK B EASY Xp Slk Breathe Easy",
    "hsn" : "320910",
    "pack" : "1.0 LTR",
    "nop" : 1,
    "qty" : 1.0,
    "rate" : 566.1,
    "taxRt" : 18.0,
    "cgst" : 50.95,
    "sgst" : 50.95,
    "total" : 668.0,
    "valBefTax" : 566.1
  }, {
    "serialNo" : "3",
    "pname" : "P0 SLK B EASY Xp Slk Breathe Easy",
    "hsn" : "320910",
    "pack" : "1.0 LTR",
    "nop" : 1,
    "qty" : 1.0,
    "rate" : 582.2,
    "taxRt" : 18.0,
    "cgst" : 52.4,
    "sgst" : 52.4,
    "total" : 687.0,
    "valBefTax" : 582.2
  }, {
    "serialNo" : "4",
    "pname" : "W1 BE SLK SHEEN Xp Slk Breathe Easy",
    "hsn" : "320910",
    "pack" : "0.9 LTR",
    "nop" : 1,
    "qty" : 0.9,
    "rate" : 572.88,
    "taxRt" : 18.0,
    "cgst" : 51.56,
    "sgst" : 51.56,
    "total" : 676.0,
    "valBefTax" : 572.88
  } ],
  "totalCgst" : 249.33,
  "totalSgst" : 249.33,
  "total" : 3268.0,
  "totalvbt" : 2770.32,
  "totalNop" : 5.0,
  "totqty" : 4.7,
  "paymentMode" : "Credit"
}