{
  "invoiceNo" : "000445",
  "date" : "08/05/2022",
  "cname" : "KALIM ENTERPRISE",
  "caddress" : "VIL&PO GHUNI KOL 157",
  "cgstno" : null,
  "items" : [ {
    "serialNo" : "1",
    "pname" : "BPCPWT Interior Wall Primer",
    "hsn" : "320910",
    "pack" : "10.0 LT",
    "nop" : 1,
    "qty" : 10.0,
    "rate" : 1207.6,
    "taxRt" : 18.0,
    "cgst" : 108.69,
    "sgst" : 108.69,
    "total" : 1425.0,
    "valBefTax" : 1207.6
  }, {
    "serialNo" : "2",
    "pname" : "BIG BOY 4\" Brushes",
    "hsn" : "96034010",
    "pack" : "1.0 PCS",
    "nop" : 1,
    "qty" : 1.0,
    "rate" : 381.35,
    "taxRt" : 18.0,
    "cgst" : 34.32,
    "sgst" : 34.32,
    "total" : 449.0,
    "valBefTax" : 381.35
  }, {
    "serialNo" : "3",
    "pname" : "T SHIRT Xp Tools",
    "hsn" : "610910",
    "pack" : "1.0 LTR",
    "nop" : 1,
    "qty" : 1.0,
    "rate" : 238.1,
    "taxRt" : 4.0,
    "cgst" : 5.95,
    "sgst" : 5.95,
    "total" : 250.0,
    "valBefTax" : 238.1
  }, {
    "serialNo" : "4",
    "pname" : "HS WALLSIELD 2K Construction Chemica",
    "hsn" : "321410",
    "pack" : "3.0 KGS",
    "nop" : 1,
    "qty" : 3.0,
    "rate" : 444.91,
    "taxRt" : 18.0,
    "cgst" : 40.04,
    "sgst" : 40.04,
    "total" : 524.0,
    "valBefTax" : 444.91
  } ],
  "totalCgst" : 189.0,
  "totalSgst" : 189.0,
  "total" : 2648.0,
  "totalvbt" : 2271.96,
  "totalNop" : 4.0,
  "totqty" : 15.0,
  "paymentMode" : "Cash"
}