{
  "invoiceNo" : "000055",
  "date" : "08/04/2022",
  "cname" : "CASH A/C",
  "caddress" : null,
  "cgstno" : null,
  "items" : [ {
    "serialNo" : "1",
    "pname" : "P0 SLK GLOW Silk Glow",
    "hsn" : "320910",
    "pack" : "1.0 LTR",
    "nop" : 1,
    "qty" : 1.0,
    "rate" : 492.37,
    "taxRt" : 18.0,
    "cgst" : 44.31,
    "sgst" : 44.31,
    "total" : 580.0,
    "valBefTax" : 492.37
  } ],
  "totalCgst" : 44.31,
  "totalSgst" : 44.31,
  "total" : 580.0,
  "totalvbt" : 492.37,
  "totalNop" : 1.0,
  "totqty" : 1.0,
  "paymentMode" : "Cash"
}