{
  "invoiceNo" : "000049",
  "date" : "08/04/2022",
  "cname" : "ANUPAMA ENGEENIRING WORKS",
  "caddress" : "30A HEMCHANDRA NASKAR ROAD, KOLKATA 700010",
  "cgstno" : null,
  "items" : [ {
    "serialNo" : "1",
    "pname" : "W2 LUX XTRA C B Luxol Xtra Ename",
    "hsn" : "320890",
    "pack" : "0.95 LT",
    "nop" : 1,
    "qty" : 0.95,
    "rate" : 250.0,
    "taxRt" : 18.0,
    "cgst" : 22.5,
    "sgst" : 22.5,
    "total" : 295.0,
    "valBefTax" : 250.0
  } ],
  "totalCgst" : 22.5,
  "totalSgst" : 22.5,
  "total" : 295.0,
  "totalvbt" : 250.0,
  "totalNop" : 1.0,
  "totqty" : 0.95,
  "paymentMode" : "Cash"
}