{
  "invoiceNo" : "000454",
  "date" : "09/05/2022",
  "cname" : "CASH A/C",
  "caddress" : null,
  "cgstno" : null,
  "items" : [ {
    "serialNo" : "1",
    "pname" : "LATEX SHIELD 2K Construction Chemica",
    "hsn" : "321490",
    "pack" : "15.0 KGS",
    "nop" : 1,
    "qty" : 15.0,
    "rate" : 1398.3,
    "taxRt" : 18.0,
    "cgst" : 125.85,
    "sgst" : 125.85,
    "total" : 1649.0,
    "valBefTax" : 1398.3
  } ],
  "totalCgst" : 125.85,
  "totalSgst" : 125.85,
  "total" : 1649.0,
  "totalvbt" : 1398.3,
  "totalNop" : 1.0,
  "totqty" : 15.0,
  "paymentMode" : "Cash"
}