{
  "invoiceNo" : "000119",
  "date" : "13/04/2022",
  "cname" : "CASH A/C",
  "caddress" : null,
  "cgstno" : null,
  "items" : [ {
    "serialNo" : "1",
    "pname" : "ACRYLIC PRIMER Wb Primers",
    "hsn" : "32091090",
    "pack" : "4.0 LTR",
    "nop" : 1,
    "qty" : 4.0,
    "rate" : 355.93,
    "taxRt" : 18.0,
    "cgst" : 32.03,
    "sgst" : 32.03,
    "total" : 419.0,
    "valBefTax" : 355.93
  }, {
    "serialNo" : "2",
    "pname" : "P0 LUX XTRA C B Luxol Xtra Ename",
    "hsn" : "320890",
    "pack" : "0.985 LT",
    "nop" : 2,
    "qty" : 1.97,
    "rate" : 250.0,
    "taxRt" : 18.0,
    "cgst" : 45.0,
    "sgst" : 45.0,
    "total" : 590.0,
    "valBefTax" : 500.0
  } ],
  "totalCgst" : 77.03,
  "totalSgst" : 77.03,
  "total" : 1009.0,
  "totalvbt" : 855.93,
  "totalNop" : 3.0,
  "totqty" : 5.97,
  "paymentMode" : "Cash"
}