{
  "invoiceNo" : "000212",
  "date" : "20/04/2022",
  "cname" : "CASH A/C",
  "caddress" : null,
  "cgstno" : null,
  "items" : [ {
    "serialNo" : "1",
    "pname" : "WHITE CEMENT White Cement",
    "hsn" : "25232100",
    "pack" : "1.0 KGS",
    "nop" : 3,
    "qty" : 3.0,
    "rate" : 27.34,
    "taxRt" : 28.0,
    "cgst" : 11.49,
    "sgst" : 11.49,
    "total" : 104.0,
    "valBefTax" : 82.02
  }, {
    "serialNo" : "2",
    "pname" : "D BRN Base Pu Enamel",
    "hsn" : "320890",
    "pack" : "0.9 LTR",
    "nop" : 1,
    "qty" : 0.9,
    "rate" : 254.24,
    "taxRt" : 18.0,
    "cgst" : 22.88,
    "sgst" : 22.88,
    "total" : 300.0,
    "valBefTax" : 254.24
  }, {
    "serialNo" : "3",
    "pname" : "N2 EC C B Easy Clean Luxur",
    "hsn" : "320910",
    "pack" : "0.9 LT",
    "nop" : 1,
    "qty" : 0.9,
    "rate" : 397.45,
    "taxRt" : 18.0,
    "cgst" : 35.77,
    "sgst" : 35.77,
    "total" : 468.0,
    "valBefTax" : 397.45
  }, {
    "serialNo" : "4",
    "pname" : "W1 EC C B Easy Clean Luxur",
    "hsn" : "320910",
    "pack" : "0.9 LT",
    "nop" : 2,
    "qty" : 1.8,
    "rate" : 389.83,
    "taxRt" : 18.0,
    "cgst" : 70.16,
    "sgst" : 70.16,
    "total" : 919.0,
    "valBefTax" : 779.66
  }, {
    "serialNo" : "5",
    "pname" : "BLACK Luxol Pu Enamel",
    "hsn" : "320890",
    "pack" : "1.0 LTR",
    "nop" : 3,
    "qty" : 3.0,
    "rate" : 233.05,
    "taxRt" : 18.0,
    "cgst" : 62.91,
    "sgst" : 62.91,
    "total" : 824.0,
    "valBefTax" : 699.15
  }, {
    "serialNo" : "6",
    "pname" : "WOODKEEPER 1K PU INT Woodkeeper 1k Pu Sin",
    "hsn" : "320810",
    "pack" : "1.0 LTR",
    "nop" : 1,
    "qty" : 1.0,
    "rate" : 241.52,
    "taxRt" : 18.0,
    "cgst" : 21.74,
    "sgst" : 21.74,
    "total" : 285.0,
    "valBefTax" : 241.52
  } ],
  "totalCgst" : 224.95,
  "totalSgst" : 224.95,
  "total" : 2900.0,
  "totalvbt" : 2454.04,
  "totalNop" : 11.0,
  "totqty" : 10.6,
  "paymentMode" : "Cash"
}