{
  "invoiceNo" : "000029",
  "date" : "06/04/2022",
  "cname" : "NIRANJAN KUMAR SINGH",
  "caddress" : null,
  "cgstno" : null,
  "items" : [ {
    "serialNo" : "1",
    "pname" : "P1 LONG LIFE  XP Xp Wcoat Long Life",
    "hsn" : "320910",
    "pack" : "9.0 LTR",
    "nop" : 1,
    "qty" : 9.0,
    "rate" : 4449.1,
    "taxRt" : 18.0,
    "cgst" : 400.42,
    "sgst" : 400.42,
    "total" : 5249.0,
    "valBefTax" : 4449.1
  }, {
    "serialNo" : "2",
    "pname" : "YLW LONG LIFE Xp Wcoat Long Life",
    "hsn" : "320910",
    "pack" : "0.9 LTR",
    "nop" : 1,
    "qty" : 0.9,
    "rate" : 652.54,
    "taxRt" : 18.0,
    "cgst" : 58.73,
    "sgst" : 58.73,
    "total" : 770.0,
    "valBefTax" : 652.54
  } ],
  "totalCgst" : 459.15,
  "totalSgst" : 459.15,
  "total" : 6019.0,
  "totalvbt" : 5101.64,
  "totalNop" : 2.0,
  "totqty" : 9.9,
  "paymentMode" : "Credit"
}