{
  "invoiceNo" : "000436",
  "date" : "07/05/2022",
  "cname" : "CASH A/C",
  "caddress" : null,
  "cgstno" : null,
  "items" : [ {
    "serialNo" : "1",
    "pname" : "YLW LUXOL XTRA C B Luxol Xtra Ename",
    "hsn" : "320890",
    "pack" : "0.95 LTR",
    "nop" : 1,
    "qty" : 0.95,
    "rate" : 259.32,
    "taxRt" : 18.0,
    "cgst" : 23.34,
    "sgst" : 23.34,
    "total" : 306.0,
    "valBefTax" : 259.32
  }, {
    "serialNo" : "2",
    "pname" : "BPCPWT Interior Wall Primer",
    "hsn" : "320910",
    "pack" : "20.0 LT",
    "nop" : 1,
    "qty" : 20.0,
    "rate" : 2161.0,
    "taxRt" : 18.0,
    "cgst" : 194.49,
    "sgst" : 194.49,
    "total" : 2549.0,
    "valBefTax" : 2161.0
  }, {
    "serialNo" : "3",
    "pname" : "F ORANGE Unitint",
    "hsn" : "321390",
    "pack" : "0.1 LTR",
    "nop" : 4,
    "qty" : 0.4,
    "rate" : 59.32,
    "taxRt" : 18.0,
    "cgst" : 21.36,
    "sgst" : 21.36,
    "total" : 280.0,
    "valBefTax" : 237.28
  }, {
    "serialNo" : "4",
    "pname" : "R BLUE Robin Blue",
    "hsn" : "32064100",
    "pack" : "0.05 KG",
    "nop" : 1,
    "qty" : 0.05,
    "rate" : 22.03,
    "taxRt" : 18.0,
    "cgst" : 1.98,
    "sgst" : 1.98,
    "total" : 25.0,
    "valBefTax" : 22.03
  }, {
    "serialNo" : "5",
    "pname" : "SH Fevicol",
    "hsn" : "35061000",
    "pack" : "0.25 KGS",
    "nop" : 1,
    "qty" : 0.25,
    "rate" : 67.8,
    "taxRt" : 18.0,
    "cgst" : 6.1,
    "sgst" : 6.1,
    "total" : 80.0,
    "valBefTax" : 67.8
  } ],
  "totalCgst" : 247.27,
  "totalSgst" : 247.27,
  "total" : 3240.0,
  "totalvbt" : 2747.43,
  "totalNop" : 8.0,
  "totqty" : 21.65,
  "paymentMode" : "Cash"
}