{
  "invoiceNo" : "000316",
  "date" : "28/04/2022",
  "cname" : "SRIKANTA BRAMHA",
  "caddress" : "JAGATPUR",
  "cgstno" : null,
  "items" : [ {
    "serialNo" : "1",
    "pname" : "P0 SLK GLOW Silk Glow",
    "hsn" : "320910",
    "pack" : "4.0 LTR",
    "nop" : 1,
    "qty" : 4.0,
    "rate" : 1940.7,
    "taxRt" : 18.0,
    "cgst" : 174.66,
    "sgst" : 174.66,
    "total" : 2289.0,
    "valBefTax" : 1940.7
  } ],
  "totalCgst" : 174.66,
  "totalSgst" : 174.66,
  "total" : 2289.0,
  "totalvbt" : 1940.7,
  "totalNop" : 1.0,
  "totqty" : 4.0,
  "paymentMode" : "Credit"
}