{
  "invoiceNo" : "000367",
  "date" : "02/05/2022",
  "cname" : "CASH A/C",
  "caddress" : null,
  "cgstno" : null,
  "items" : [ {
    "serialNo" : "1",
    "pname" : "SMOKE GREY LHG Luxol High Gloss Ena",
    "hsn" : "320890",
    "pack" : "4.0 LT",
    "nop" : 1,
    "qty" : 4.0,
    "rate" : 855.92,
    "taxRt" : 18.0,
    "cgst" : 77.03,
    "sgst" : 77.03,
    "total" : 1009.0,
    "valBefTax" : 855.92
  }, {
    "serialNo" : "2",
    "pname" : "SNOW WHITE Luxol High Gloss Ena",
    "hsn" : "320890",
    "pack" : "0.5 LT",
    "nop" : 1,
    "qty" : 0.5,
    "rate" : 135.59,
    "taxRt" : 18.0,
    "cgst" : 12.2,
    "sgst" : 12.2,
    "total" : 159.0,
    "valBefTax" : 135.59
  }, {
    "serialNo" : "3",
    "pname" : "TILE CLEANER Construction Chemica",
    "hsn" : "340220",
    "pack" : "0.5 LT",
    "nop" : 1,
    "qty" : 0.5,
    "rate" : 76.27,
    "taxRt" : 18.0,
    "cgst" : 6.86,
    "sgst" : 6.86,
    "total" : 89.0,
    "valBefTax" : 76.27
  }, {
    "serialNo" : "4",
    "pname" : "80 NO Wet & Dry Sandpaper",
    "hsn" : "68051010",
    "pack" : "1.0 PCS",
    "nop" : 5,
    "qty" : 5.0,
    "rate" : 14.41,
    "taxRt" : 18.0,
    "cgst" : 6.5,
    "sgst" : 6.5,
    "total" : 84.0,
    "valBefTax" : 72.05
  }, {
    "serialNo" : "5",
    "pname" : "GOLD MTLK illusion Designer Fi",
    "hsn" : "320910",
    "pack" : "0.2 LT",
    "nop" : 2,
    "qty" : 0.4,
    "rate" : 165.25,
    "taxRt" : 18.0,
    "cgst" : 29.74,
    "sgst" : 29.74,
    "total" : 390.0,
    "valBefTax" : 330.5
  }, {
    "serialNo" : "6",
    "pname" : "BLACK Luxol High Gloss Ena",
    "hsn" : "320890",
    "pack" : "0.05 LTR",
    "nop" : 1,
    "qty" : 0.05,
    "rate" : 22.88,
    "taxRt" : 18.0,
    "cgst" : 2.06,
    "sgst" : 2.06,
    "total" : 27.0,
    "valBefTax" : 22.88
  }, {
    "serialNo" : "7",
    "pname" : "WHITE CEMENT White Cement",
    "hsn" : "25232100",
    "pack" : "5.0 KGS",
    "nop" : 2,
    "qty" : 10.0,
    "rate" : 109.37,
    "taxRt" : 28.0,
    "cgst" : 30.62,
    "sgst" : 30.62,
    "total" : 279.0,
    "valBefTax" : 218.74
  }, {
    "serialNo" : "8",
    "pname" : "PHIROZA BLUE Luxol Pu Enamel",
    "hsn" : "320890",
    "pack" : "0.5 LTR",
    "nop" : 1,
    "qty" : 0.5,
    "rate" : 118.64,
    "taxRt" : 18.0,
    "cgst" : 10.68,
    "sgst" : 10.68,
    "total" : 140.0,
    "valBefTax" : 118.64
  }, {
    "serialNo" : "9",
    "pname" : "W3 LUX  XTRA C B Luxol Xtra Ename",
    "hsn" : "320890",
    "pack" : "0.95 LT",
    "nop" : 1,
    "qty" : 0.95,
    "rate" : 156.78,
    "taxRt" : 18.0,
    "cgst" : 14.11,
    "sgst" : 14.11,
    "total" : 185.0,
    "valBefTax" : 156.78
  }, {
    "serialNo" : "10",
    "pname" : "W0 BISON C B Bison Super Dist",
    "hsn" : "320910",
    "pack" : "5.0 KG",
    "nop" : 1,
    "qty" : 5.0,
    "rate" : 292.37,
    "taxRt" : 18.0,
    "cgst" : 26.31,
    "sgst" : 26.31,
    "total" : 344.0,
    "valBefTax" : 292.37
  }, {
    "serialNo" : "11",
    "pname" : "BR GREEN Unitint",
    "hsn" : "32139000",
    "pack" : "0.05 LTR",
    "nop" : 1,
    "qty" : 0.05,
    "rate" : 33.9,
    "taxRt" : 18.0,
    "cgst" : 3.05,
    "sgst" : 3.05,
    "total" : 40.0,
    "valBefTax" : 33.9
  }, {
    "serialNo" : "12",
    "pname" : "80 NO Mk Eco Wet Paper",
    "hsn" : "68052090",
    "pack" : "1.0 PCS",
    "nop" : 2,
    "qty" : 2.0,
    "rate" : 14.41,
    "taxRt" : 18.0,
    "cgst" : 2.6,
    "sgst" : 2.6,
    "total" : 33.0,
    "valBefTax" : 28.82
  }, {
    "serialNo" : "13",
    "pname" : "Y OXIDE Unitint",
    "hsn" : "32139000",
    "pack" : "0.1 LTR",
    "nop" : 1,
    "qty" : 0.1,
    "rate" : 76.27,
    "taxRt" : 18.0,
    "cgst" : 6.86,
    "sgst" : 6.86,
    "total" : 89.0,
    "valBefTax" : 76.27
  }, {
    "serialNo" : "14",
    "pname" : "80 NO Wet & Dry Sandpaper",
    "hsn" : "68051010",
    "pack" : "1.0 PCS",
    "nop" : 6,
    "qty" : 6.0,
    "rate" : 14.41,
    "taxRt" : 18.0,
    "cgst" : 7.8,
    "sgst" : 7.8,
    "total" : 102.0,
    "valBefTax" : 86.46
  } ],
  "totalCgst" : 236.42,
  "totalSgst" : 236.42,
  "total" : 2970.0,
  "totalvbt" : 2505.19,
  "totalNop" : 26.0,
  "totqty" : 35.05,
  "paymentMode" : "Cash"
}