{
  "invoiceNo" : "000027",
  "date" : "06/04/2022",
  "cname" : "CASH A/C",
  "caddress" : null,
  "cgstno" : null,
  "items" : [ {
    "serialNo" : "1",
    "pname" : "YLW BISON C B Bison Emulsion",
    "hsn" : "320910",
    "pack" : "3.6 LT",
    "nop" : 1,
    "qty" : 3.6,
    "rate" : 805.08,
    "taxRt" : 18.0,
    "cgst" : 72.46,
    "sgst" : 72.46,
    "total" : 950.0,
    "valBefTax" : 805.08
  } ],
  "totalCgst" : 72.46,
  "totalSgst" : 72.46,
  "total" : 950.0,
  "totalvbt" : 805.08,
  "totalNop" : 1.0,
  "totqty" : 3.6,
  "paymentMode" : "Cash"
}