{
  "invoiceNo" : "000071",
  "date" : "09/04/2022",
  "cname" : "A B GROUP",
  "caddress" : "1/1 A BHOLA NATH PAUL ROAD KOL 700006",
  "cgstno" : null,
  "items" : [ {
    "serialNo" : "1",
    "pname" : "1\" MASKING TAPE LION Masking Tape",
    "hsn" : "48114100",
    "pack" : "1.0 PCS",
    "nop" : 6,
    "qty" : 6.0,
    "rate" : 25.42,
    "taxRt" : 18.0,
    "cgst" : 13.74,
    "sgst" : 13.74,
    "total" : 180.0,
    "valBefTax" : 152.52
  }, {
    "serialNo" : "2",
    "pname" : "N2 EC C B Easy Clean Luxur",
    "hsn" : "320910",
    "pack" : "0.9 LT",
    "nop" : 1,
    "qty" : 0.9,
    "rate" : 413.56,
    "taxRt" : 18.0,
    "cgst" : 37.22,
    "sgst" : 37.22,
    "total" : 488.0,
    "valBefTax" : 413.56
  }, {
    "serialNo" : "3",
    "pname" : "W1 EC C B Easy Clean Luxur",
    "hsn" : "320910",
    "pack" : "0.9 LT",
    "nop" : 1,
    "qty" : 0.9,
    "rate" : 400.0,
    "taxRt" : 18.0,
    "cgst" : 36.0,
    "sgst" : 36.0,
    "total" : 472.0,
    "valBefTax" : 400.0
  } ],
  "totalCgst" : 86.96,
  "totalSgst" : 86.96,
  "total" : 1140.0,
  "totalvbt" : 966.08,
  "totalNop" : 8.0,
  "totqty" : 7.8,
  "paymentMode" : "Credit"
}