{
  "invoiceNo" : "000132",
  "date" : "14/04/2022",
  "cname" : "CASH A/C",
  "caddress" : null,
  "cgstno" : null,
  "items" : [ {
    "serialNo" : "1",
    "pname" : "BISON PRO Putty Pro",
    "hsn" : "321410",
    "pack" : "40.0 LTR",
    "nop" : 1,
    "qty" : 40.0,
    "rate" : 593.22,
    "taxRt" : 18.0,
    "cgst" : 53.39,
    "sgst" : 53.39,
    "total" : 700.0,
    "valBefTax" : 593.22
  } ],
  "totalCgst" : 53.39,
  "totalSgst" : 53.39,
  "total" : 700.0,
  "totalvbt" : 593.22,
  "totalNop" : 1.0,
  "totqty" : 40.0,
  "paymentMode" : "Cash"
}