{
  "invoiceNo" : "000401",
  "date" : "05/05/2022",
  "cname" : "CASH A/C",
  "caddress" : null,
  "cgstno" : null,
  "items" : [ {
    "serialNo" : "1",
    "pname" : "P0 SLK B EASY Xp Slk Breathe Easy",
    "hsn" : "320910",
    "pack" : "1.0 LTR",
    "nop" : 3,
    "qty" : 3.0,
    "rate" : 559.32,
    "taxRt" : 18.0,
    "cgst" : 151.02,
    "sgst" : 151.02,
    "total" : 1979.0,
    "valBefTax" : 1677.96
  }, {
    "serialNo" : "2",
    "pname" : "BASE COAT Silk B E Base Coat",
    "hsn" : "320910",
    "pack" : "4.0 LTR",
    "nop" : 1,
    "qty" : 4.0,
    "rate" : 788.13,
    "taxRt" : 18.0,
    "cgst" : 70.93,
    "sgst" : 70.93,
    "total" : 929.0,
    "valBefTax" : 788.13
  }, {
    "serialNo" : "3",
    "pname" : "P0 SLK B EASY Xp Slk Breathe Easy",
    "hsn" : "320910",
    "pack" : "1.0 LTR",
    "nop" : 2,
    "qty" : 2.0,
    "rate" : 566.94,
    "taxRt" : 18.0,
    "cgst" : 102.04,
    "sgst" : 102.04,
    "total" : 1337.0,
    "valBefTax" : 1133.88
  }, {
    "serialNo" : "4",
    "pname" : "P0 SLK B EASY Xp Slk Breathe Easy",
    "hsn" : "320910",
    "pack" : "1.0 LTR",
    "nop" : 2,
    "qty" : 2.0,
    "rate" : 617.79,
    "taxRt" : 18.0,
    "cgst" : 111.2,
    "sgst" : 111.2,
    "total" : 1457.0,
    "valBefTax" : 1235.58
  }, {
    "serialNo" : "5",
    "pname" : "P0 SLK B EASY Xp Slk Breathe Easy",
    "hsn" : "320910",
    "pack" : "1.0 LTR",
    "nop" : 1,
    "qty" : 1.0,
    "rate" : 574.57,
    "taxRt" : 18.0,
    "cgst" : 51.71,
    "sgst" : 51.71,
    "total" : 677.0,
    "valBefTax" : 574.57
  }, {
    "serialNo" : "6",
    "pname" : "P0 SLK B EASY Xp Slk Breathe Easy",
    "hsn" : "320910",
    "pack" : "1.0 LTR",
    "nop" : 2,
    "qty" : 2.0,
    "rate" : 562.71,
    "taxRt" : 18.0,
    "cgst" : 101.28,
    "sgst" : 101.28,
    "total" : 1327.0,
    "valBefTax" : 1125.42
  }, {
    "serialNo" : "7",
    "pname" : "P0 SLK B EASY Xp Slk Breathe Easy",
    "hsn" : "320910",
    "pack" : "1.0 LTR",
    "nop" : 1,
    "qty" : 1.0,
    "rate" : 565.25,
    "taxRt" : 18.0,
    "cgst" : 50.87,
    "sgst" : 50.87,
    "total" : 666.0,
    "valBefTax" : 565.25
  }, {
    "serialNo" : "8",
    "pname" : "P0 SLK B EASY Xp Slk Breathe Easy",
    "hsn" : "320910",
    "pack" : "1.0 LTR",
    "nop" : 1,
    "qty" : 1.0,
    "rate" : 565.25,
    "taxRt" : 18.0,
    "cgst" : 50.87,
    "sgst" : 50.87,
    "total" : 666.0,
    "valBefTax" : 565.25
  }, {
    "serialNo" : "9",
    "pname" : "P0 SLK B EASY Xp Slk Breathe Easy",
    "hsn" : "320910",
    "pack" : "1.0 LTR",
    "nop" : 1,
    "qty" : 1.0,
    "rate" : 581.35,
    "taxRt" : 18.0,
    "cgst" : 52.32,
    "sgst" : 52.32,
    "total" : 685.0,
    "valBefTax" : 581.35
  } ],
  "totalCgst" : 742.24,
  "totalSgst" : 742.24,
  "total" : 9723.0,
  "totalvbt" : 8247.39,
  "totalNop" : 14.0,
  "totqty" : 17.0,
  "paymentMode" : "Cash"
}