{
  "invoiceNo" : "000065",
  "date" : "09/04/2022",
  "cname" : "CASH A/C",
  "caddress" : null,
  "cgstno" : null,
  "items" : [ {
    "serialNo" : "1",
    "pname" : "SEAL O PRIME Xp Hs Seal O Prime",
    "hsn" : "320910",
    "pack" : "20.0 LT",
    "nop" : 2,
    "qty" : 40.0,
    "rate" : 3008.5,
    "taxRt" : 18.0,
    "cgst" : 541.52,
    "sgst" : 541.52,
    "total" : 7099.0,
    "valBefTax" : 6017.0
  } ],
  "totalCgst" : 541.52,
  "totalSgst" : 541.52,
  "total" : 7099.0,
  "totalvbt" : 6017.0,
  "totalNop" : 2.0,
  "totqty" : 40.0,
  "paymentMode" : "Cash"
}