{
  "invoiceNo" : "000150",
  "date" : "16/04/2022",
  "cname" : "CASH A/C",
  "caddress" : null,
  "cgstno" : null,
  "items" : [ {
    "serialNo" : "1",
    "pname" : "URP Dr Fixit Pidicrete U",
    "hsn" : "40021100",
    "pack" : "1.0 KGS",
    "nop" : 1,
    "qty" : 1.0,
    "rate" : 262.71,
    "taxRt" : 18.0,
    "cgst" : 23.64,
    "sgst" : 23.64,
    "total" : 309.0,
    "valBefTax" : 262.71
  }, {
    "serialNo" : "2",
    "pname" : "SALVALINE ALUMINIUM Aliminium Paint",
    "hsn" : "320890",
    "pack" : "0.5 LTR",
    "nop" : 1,
    "qty" : 0.5,
    "rate" : 165.25,
    "taxRt" : 18.0,
    "cgst" : 14.87,
    "sgst" : 14.87,
    "total" : 194.0,
    "valBefTax" : 165.25
  }, {
    "serialNo" : "3",
    "pname" : "WHITE Luxol Pu Enamel",
    "hsn" : "320890",
    "pack" : "1.0 LTR",
    "nop" : 2,
    "qty" : 2.0,
    "rate" : 254.24,
    "taxRt" : 18.0,
    "cgst" : 45.76,
    "sgst" : 45.76,
    "total" : 599.0,
    "valBefTax" : 508.48
  }, {
    "serialNo" : "4",
    "pname" : "80 Dry Sheet",
    "hsn" : "68052010",
    "pack" : "1.0 PCS",
    "nop" : 2,
    "qty" : 2.0,
    "rate" : 10.17,
    "taxRt" : 18.0,
    "cgst" : 1.84,
    "sgst" : 1.84,
    "total" : 24.0,
    "valBefTax" : 20.34
  }, {
    "serialNo" : "5",
    "pname" : "BROWN Luxol High Gloss Ena",
    "hsn" : "320890",
    "pack" : "0.05 LTR",
    "nop" : 1,
    "qty" : 0.05,
    "rate" : 22.88,
    "taxRt" : 18.0,
    "cgst" : 2.06,
    "sgst" : 2.06,
    "total" : 27.0,
    "valBefTax" : 22.88
  }, {
    "serialNo" : "6",
    "pname" : "GLDN YLW Luxol High Gloss Ena",
    "hsn" : "320890",
    "pack" : "0.5 LT",
    "nop" : 2,
    "qty" : 1.0,
    "rate" : 135.59,
    "taxRt" : 18.0,
    "cgst" : 24.4,
    "sgst" : 24.4,
    "total" : 320.0,
    "valBefTax" : 271.18
  }, {
    "serialNo" : "7",
    "pname" : "SKY BLUE Luxol High Gloss Ena",
    "hsn" : "320890",
    "pack" : "4.0 LT",
    "nop" : 1,
    "qty" : 4.0,
    "rate" : 855.92,
    "taxRt" : 18.0,
    "cgst" : 77.03,
    "sgst" : 77.03,
    "total" : 1009.0,
    "valBefTax" : 855.92
  }, {
    "serialNo" : "8",
    "pname" : "BLACK GLOSS SPRAY Abro",
    "hsn" : "32089090",
    "pack" : "1.0 PCS",
    "nop" : 1,
    "qty" : 1.0,
    "rate" : 161.02,
    "taxRt" : 18.0,
    "cgst" : 14.49,
    "sgst" : 14.49,
    "total" : 190.0,
    "valBefTax" : 161.02
  }, {
    "serialNo" : "9",
    "pname" : "ACRYLIC PRIMER Wb Primers",
    "hsn" : "32091090",
    "pack" : "4.0 LTR",
    "nop" : 1,
    "qty" : 4.0,
    "rate" : 432.2,
    "taxRt" : 18.0,
    "cgst" : 38.9,
    "sgst" : 38.9,
    "total" : 510.0,
    "valBefTax" : 432.2
  }, {
    "serialNo" : "10",
    "pname" : "GLDN BROWN Luxol High Gloss Ena",
    "hsn" : "320890",
    "pack" : "0.5 LT",
    "nop" : 1,
    "qty" : 0.5,
    "rate" : 118.64,
    "taxRt" : 18.0,
    "cgst" : 10.68,
    "sgst" : 10.68,
    "total" : 140.0,
    "valBefTax" : 118.64
  }, {
    "serialNo" : "11",
    "pname" : "BUTTERFLY AC METAL Metal Primer Solvent",
    "hsn" : "320890",
    "pack" : "0.5 LT",
    "nop" : 1,
    "qty" : 0.5,
    "rate" : 93.22,
    "taxRt" : 18.0,
    "cgst" : 8.39,
    "sgst" : 8.39,
    "total" : 110.0,
    "valBefTax" : 93.22
  }, {
    "serialNo" : "12",
    "pname" : "WHITE CEMENT White Cement",
    "hsn" : "25232100",
    "pack" : "1.0 KGS",
    "nop" : 2,
    "qty" : 2.0,
    "rate" : 27.34,
    "taxRt" : 28.0,
    "cgst" : 7.66,
    "sgst" : 7.66,
    "total" : 70.0,
    "valBefTax" : 54.68
  }, {
    "serialNo" : "13",
    "pname" : "SUPER LATEX Dr.fixit",
    "hsn" : "400211",
    "pack" : "0.2 KGS",
    "nop" : 1,
    "qty" : 0.2,
    "rate" : 67.8,
    "taxRt" : 18.0,
    "cgst" : 6.1,
    "sgst" : 6.1,
    "total" : 80.0,
    "valBefTax" : 67.8
  }, {
    "serialNo" : "14",
    "pname" : "100 NO Wet & Dry Sandpaper",
    "hsn" : "680510",
    "pack" : "1.0 PCS",
    "nop" : 8,
    "qty" : 8.0,
    "rate" : 14.41,
    "taxRt" : 18.0,
    "cgst" : 10.4,
    "sgst" : 10.4,
    "total" : 135.0,
    "valBefTax" : 115.28
  }, {
    "serialNo" : "15",
    "pname" : "TRAY Painting Tools Rolle",
    "hsn" : "392330",
    "pack" : "1.0 PCS",
    "nop" : 1,
    "qty" : 1.0,
    "rate" : 127.12,
    "taxRt" : 18.0,
    "cgst" : 11.44,
    "sgst" : 11.44,
    "total" : 150.0,
    "valBefTax" : 127.12
  }, {
    "serialNo" : "16",
    "pname" : "YLW BISON C B Bison Emulsion",
    "hsn" : "320910",
    "pack" : "0.9 LT",
    "nop" : 1,
    "qty" : 0.9,
    "rate" : 261.01,
    "taxRt" : 18.0,
    "cgst" : 23.49,
    "sgst" : 23.49,
    "total" : 307.0,
    "valBefTax" : 261.01
  }, {
    "serialNo" : "17",
    "pname" : "80 NO 4\"X 9\" Handy Sheet",
    "hsn" : "68051010",
    "pack" : "1.0 PCS",
    "nop" : 1,
    "qty" : 1.0,
    "rate" : 8.47,
    "taxRt" : 18.0,
    "cgst" : 0.76,
    "sgst" : 0.76,
    "total" : 9.0,
    "valBefTax" : 8.47
  }, {
    "serialNo" : "18",
    "pname" : "W1 BE SLK SHEEN Xp Slk Breathe Easy",
    "hsn" : "320910",
    "pack" : "0.9 LTR",
    "nop" : 1,
    "qty" : 0.9,
    "rate" : 583.89,
    "taxRt" : 18.0,
    "cgst" : 52.55,
    "sgst" : 52.55,
    "total" : 688.0,
    "valBefTax" : 583.89
  }, {
    "serialNo" : "19",
    "pname" : "N2 BE SLK SHEEN Xp Slk Breathe Easy",
    "hsn" : "320910",
    "pack" : "0.9 LTR",
    "nop" : 1,
    "qty" : 0.9,
    "rate" : 612.71,
    "taxRt" : 18.0,
    "cgst" : 55.14,
    "sgst" : 55.14,
    "total" : 722.0,
    "valBefTax" : 612.71
  }, {
    "serialNo" : "20",
    "pname" : "PALE CREAM Luxol High Gloss Ena",
    "hsn" : "320890",
    "pack" : "1.0 LT",
    "nop" : 1,
    "qty" : 1.0,
    "rate" : 250.0,
    "taxRt" : 18.0,
    "cgst" : 22.5,
    "sgst" : 22.5,
    "total" : 295.0,
    "valBefTax" : 250.0
  }, {
    "serialNo" : "21",
    "pname" : "P0 WALMASTA C B Walmasta",
    "hsn" : "320910",
    "pack" : "1.0 LTR",
    "nop" : 1,
    "qty" : 1.0,
    "rate" : 173.73,
    "taxRt" : 18.0,
    "cgst" : 15.64,
    "sgst" : 15.64,
    "total" : 205.0,
    "valBefTax" : 173.73
  }, {
    "serialNo" : "22",
    "pname" : "P0 WALMASTA C B Walmasta",
    "hsn" : "320910",
    "pack" : "4.0 LTR",
    "nop" : 1,
    "qty" : 4.0,
    "rate" : 612.71,
    "taxRt" : 18.0,
    "cgst" : 55.14,
    "sgst" : 55.14,
    "total" : 722.0,
    "valBefTax" : 612.71
  }, {
    "serialNo" : "23",
    "pname" : "PALE CREAM Luxol High Gloss Ena",
    "hsn" : "320890",
    "pack" : "1.0 LT",
    "nop" : 1,
    "qty" : 1.0,
    "rate" : 250.0,
    "taxRt" : 18.0,
    "cgst" : 22.5,
    "sgst" : 22.5,
    "total" : 295.0,
    "valBefTax" : 250.0
  }, {
    "serialNo" : "24",
    "pname" : "P0 WALMASTA C B Walmasta",
    "hsn" : "320910",
    "pack" : "10.0 LTR",
    "nop" : 1,
    "qty" : 10.0,
    "rate" : 1601.7,
    "taxRt" : 18.0,
    "cgst" : 144.15,
    "sgst" : 144.15,
    "total" : 1889.0,
    "valBefTax" : 1601.7
  }, {
    "serialNo" : "25",
    "pname" : "BUTTERFLY AC METAL Metal Primer Solvent",
    "hsn" : "320890",
    "pack" : "1.0 LT",
    "nop" : 1,
    "qty" : 1.0,
    "rate" : 177.96,
    "taxRt" : 18.0,
    "cgst" : 16.02,
    "sgst" : 16.02,
    "total" : 210.0,
    "valBefTax" : 177.96
  }, {
    "serialNo" : "26",
    "pname" : "PHIROZA BLUE Luxol Pu Enamel",
    "hsn" : "320890",
    "pack" : "1.0 LTR",
    "nop" : 1,
    "qty" : 1.0,
    "rate" : 233.05,
    "taxRt" : 18.0,
    "cgst" : 20.97,
    "sgst" : 20.97,
    "total" : 274.0,
    "valBefTax" : 233.05
  } ],
  "totalCgst" : 726.52,
  "totalSgst" : 726.52,
  "total" : 9483.0,
  "totalvbt" : 8041.95,
  "totalNop" : 37.0,
  "totqty" : 50.45,
  "paymentMode" : "Cash"
}