{
  "invoiceNo" : "000012",
  "date" : "05/04/2022",
  "cname" : "A B GROUP",
  "caddress" : "1/1 A BHOLA NATH PAUL ROAD KOL 700006",
  "cgstno" : null,
  "items" : [ {
    "serialNo" : "1",
    "pname" : "P0 ANTI DUST C B Xp Wcoat Anti Du",
    "hsn" : "320910",
    "pack" : "1.0 LTR",
    "nop" : 1,
    "qty" : 1.0,
    "rate" : 326.27,
    "taxRt" : 18.0,
    "cgst" : 29.36,
    "sgst" : 29.36,
    "total" : 384.0,
    "valBefTax" : 326.27
  } ],
  "totalCgst" : 29.36,
  "totalSgst" : 29.36,
  "total" : 384.0,
  "totalvbt" : 326.27,
  "totalNop" : 1.0,
  "totqty" : 1.0,
  "paymentMode" : "Credit"
}