{
  "invoiceNo" : "000208",
  "date" : "20/04/2022",
  "cname" : "A B GROUP",
  "caddress" : "1/1 A BHOLA NATH PAUL ROAD KOL 700006",
  "cgstno" : null,
  "items" : [ {
    "serialNo" : "1",
    "pname" : "220 NO Wet & Dry Sandpaper",
    "hsn" : "680510",
    "pack" : "1.0 PCS",
    "nop" : 12,
    "qty" : 12.0,
    "rate" : 13.56,
    "taxRt" : 18.0,
    "cgst" : 14.64,
    "sgst" : 14.64,
    "total" : 191.0,
    "valBefTax" : 162.72
  }, {
    "serialNo" : "2",
    "pname" : "P0 EC C B Easy Clean Luxur",
    "hsn" : "320910",
    "pack" : "10.0 LT",
    "nop" : 1,
    "qty" : 10.0,
    "rate" : 3576.2,
    "taxRt" : 18.0,
    "cgst" : 321.86,
    "sgst" : 321.86,
    "total" : 4219.0,
    "valBefTax" : 3576.2
  } ],
  "totalCgst" : 336.5,
  "totalSgst" : 336.5,
  "total" : 4410.0,
  "totalvbt" : 3738.92,
  "totalNop" : 13.0,
  "totqty" : 22.0,
  "paymentMode" : "Credit"
}