{
  "invoiceNo" : "000209",
  "date" : "20/04/2022",
  "cname" : "CASH A/C",
  "caddress" : null,
  "cgstno" : null,
  "items" : [ {
    "serialNo" : "1",
    "pname" : "P1 WLL 7 Xp Long Life 7",
    "hsn" : "320910",
    "pack" : "18.0 LTR",
    "nop" : 1,
    "qty" : 18.0,
    "rate" : 7508.4,
    "taxRt" : 18.0,
    "cgst" : 675.76,
    "sgst" : 675.76,
    "total" : 8859.0,
    "valBefTax" : 7508.4
  } ],
  "totalCgst" : 675.76,
  "totalSgst" : 675.76,
  "total" : 8859.0,
  "totalvbt" : 7508.4,
  "totalNop" : 1.0,
  "totqty" : 18.0,
  "paymentMode" : "Cash"
}