{
  "invoiceNo" : "000439",
  "date" : "07/05/2022",
  "cname" : "M SABHYASCHI",
  "caddress" : null,
  "cgstno" : null,
  "items" : [ {
    "serialNo" : "1",
    "pname" : "WCOAT EXT PRIMER Exterior Wall Primer",
    "hsn" : "320910",
    "pack" : "20.0 LT",
    "nop" : 1,
    "qty" : 20.0,
    "rate" : 2500.0,
    "taxRt" : 18.0,
    "cgst" : 225.0,
    "sgst" : 225.0,
    "total" : 2949.0,
    "valBefTax" : 2500.0
  } ],
  "totalCgst" : 225.0,
  "totalSgst" : 225.0,
  "total" : 2949.0,
  "totalvbt" : 2500.0,
  "totalNop" : 1.0,
  "totqty" : 20.0,
  "paymentMode" : "Credit"
}