{
  "invoiceNo" : "000294",
  "date" : "24/04/2022",
  "cname" : "KALIM ENTERPRISE",
  "caddress" : "VIL&PO GHUNI KOL 157",
  "cgstno" : null,
  "items" : [ {
    "serialNo" : "1",
    "pname" : "W1 BE SLK SHEEN Xp Slk Breathe Easy",
    "hsn" : "320910",
    "pack" : "0.9 LTR",
    "nop" : 1,
    "qty" : 0.9,
    "rate" : 644.91,
    "taxRt" : 18.0,
    "cgst" : 58.04,
    "sgst" : 58.04,
    "total" : 760.0,
    "valBefTax" : 644.91
  }, {
    "serialNo" : "2",
    "pname" : "W1 BE SLK SHEEN Xp Slk Breathe Easy",
    "hsn" : "320910",
    "pack" : "0.9 LTR",
    "nop" : 1,
    "qty" : 0.9,
    "rate" : 566.1,
    "taxRt" : 18.0,
    "cgst" : 50.95,
    "sgst" : 50.95,
    "total" : 668.0,
    "valBefTax" : 566.1
  }, {
    "serialNo" : "3",
    "pname" : "W1 BE SLK SHEEN Xp Slk Breathe Easy",
    "hsn" : "320910",
    "pack" : "0.9 LTR",
    "nop" : 1,
    "qty" : 0.9,
    "rate" : 567.79,
    "taxRt" : 18.0,
    "cgst" : 51.1,
    "sgst" : 51.1,
    "total" : 669.0,
    "valBefTax" : 567.79
  }, {
    "serialNo" : "4",
    "pname" : "N2 BE SLK SHEEN Xp Slk Breathe Easy",
    "hsn" : "320910",
    "pack" : "0.9 LTR",
    "nop" : 1,
    "qty" : 0.9,
    "rate" : 669.49,
    "taxRt" : 18.0,
    "cgst" : 60.25,
    "sgst" : 60.25,
    "total" : 789.0,
    "valBefTax" : 669.49
  }, {
    "serialNo" : "5",
    "pname" : "W1 BE SLK SHEEN Xp Slk Breathe Easy",
    "hsn" : "320910",
    "pack" : "0.9 LTR",
    "nop" : 1,
    "qty" : 0.9,
    "rate" : 612.71,
    "taxRt" : 18.0,
    "cgst" : 55.14,
    "sgst" : 55.14,
    "total" : 722.0,
    "valBefTax" : 612.71
  }, {
    "serialNo" : "6",
    "pname" : "P0 RTC C B Rangoli Total Ca",
    "hsn" : "320910",
    "pack" : "1.0 LT",
    "nop" : 2,
    "qty" : 2.0,
    "rate" : 283.9,
    "taxRt" : 18.0,
    "cgst" : 51.1,
    "sgst" : 51.1,
    "total" : 669.0,
    "valBefTax" : 567.8
  } ],
  "totalCgst" : 326.58,
  "totalSgst" : 326.58,
  "total" : 4277.0,
  "totalvbt" : 3628.8,
  "totalNop" : 7.0,
  "totqty" : 6.5,
  "paymentMode" : "Credit"
}