{
  "invoiceNo" : "000025",
  "date" : "06/04/2022",
  "cname" : "CASH A/C",
  "caddress" : null,
  "cgstno" : null,
  "items" : [ {
    "serialNo" : "1",
    "pname" : "120 NO Wet & Dry Sandpaper",
    "hsn" : "680510",
    "pack" : "1.0 PCS",
    "nop" : 12,
    "qty" : 12.0,
    "rate" : 14.41,
    "taxRt" : 18.0,
    "cgst" : 15.6,
    "sgst" : 15.6,
    "total" : 204.0,
    "valBefTax" : 172.92
  }, {
    "serialNo" : "2",
    "pname" : "220 NO Wet & Dry Sandpaper",
    "hsn" : "680510",
    "pack" : "1.0 PCS",
    "nop" : 12,
    "qty" : 12.0,
    "rate" : 14.41,
    "taxRt" : 18.0,
    "cgst" : 15.6,
    "sgst" : 15.6,
    "total" : 204.0,
    "valBefTax" : 172.92
  }, {
    "serialNo" : "3",
    "pname" : "100 NO Wet & Dry Sandpaper",
    "hsn" : "680510",
    "pack" : "1.0 PCS",
    "nop" : 6,
    "qty" : 6.0,
    "rate" : 14.41,
    "taxRt" : 18.0,
    "cgst" : 7.8,
    "sgst" : 7.8,
    "total" : 102.0,
    "valBefTax" : 86.46
  }, {
    "serialNo" : "4",
    "pname" : "BPCPST Wall Primer Solvent",
    "hsn" : "320890",
    "pack" : "20.0 LT",
    "nop" : 1,
    "qty" : 20.0,
    "rate" : 2966.1,
    "taxRt" : 18.0,
    "cgst" : 266.95,
    "sgst" : 266.95,
    "total" : 3499.0,
    "valBefTax" : 2966.1
  }, {
    "serialNo" : "5",
    "pname" : "PRO HAPPY WALL PUTTY Putty Pro",
    "hsn" : "321410",
    "pack" : "20.0 LTR",
    "nop" : 1,
    "qty" : 20.0,
    "rate" : 1050.8,
    "taxRt" : 18.0,
    "cgst" : 94.58,
    "sgst" : 94.58,
    "total" : 1240.0,
    "valBefTax" : 1050.8
  } ],
  "totalCgst" : 400.53,
  "totalSgst" : 400.53,
  "total" : 5249.0,
  "totalvbt" : 4449.2,
  "totalNop" : 32.0,
  "totqty" : 70.0,
  "paymentMode" : "Cash"
}