{
  "invoiceNo" : "000374",
  "date" : "03/05/2022",
  "cname" : "CASH A/C",
  "caddress" : null,
  "cgstno" : null,
  "items" : [ {
    "serialNo" : "1",
    "pname" : "BP WHT PRIMER WT Interior Wall Primer",
    "hsn" : "320910",
    "pack" : "20.0 LTR",
    "nop" : 1,
    "qty" : 20.0,
    "rate" : 1694.9,
    "taxRt" : 18.0,
    "cgst" : 152.54,
    "sgst" : 152.54,
    "total" : 1999.0,
    "valBefTax" : 1694.9
  }, {
    "serialNo" : "2",
    "pname" : "W2 LUX XTRA C B Luxol Xtra Ename",
    "hsn" : "320890",
    "pack" : "0.95 LT",
    "nop" : 2,
    "qty" : 1.9,
    "rate" : 258.47,
    "taxRt" : 18.0,
    "cgst" : 46.52,
    "sgst" : 46.52,
    "total" : 610.0,
    "valBefTax" : 516.94
  }, {
    "serialNo" : "3",
    "pname" : "100 Mk Eco Wet Paper",
    "hsn" : "68052090",
    "pack" : "1.0 PCS",
    "nop" : 4,
    "qty" : 4.0,
    "rate" : 14.41,
    "taxRt" : 18.0,
    "cgst" : 5.2,
    "sgst" : 5.2,
    "total" : 68.0,
    "valBefTax" : 57.64
  }, {
    "serialNo" : "4",
    "pname" : "F ORANGE Unitint",
    "hsn" : "321390",
    "pack" : "0.1 LTR",
    "nop" : 2,
    "qty" : 0.2,
    "rate" : 67.8,
    "taxRt" : 18.0,
    "cgst" : 12.2,
    "sgst" : 12.2,
    "total" : 159.0,
    "valBefTax" : 135.6
  }, {
    "serialNo" : "5",
    "pname" : "F YLW Unitint",
    "hsn" : "32139000",
    "pack" : "0.1 LTR",
    "nop" : 2,
    "qty" : 0.2,
    "rate" : 59.32,
    "taxRt" : 18.0,
    "cgst" : 10.68,
    "sgst" : 10.68,
    "total" : 140.0,
    "valBefTax" : 118.64
  } ],
  "totalCgst" : 227.14,
  "totalSgst" : 227.14,
  "total" : 2976.0,
  "totalvbt" : 2523.72,
  "totalNop" : 11.0,
  "totqty" : 26.3,
  "paymentMode" : "Cash"
}