{
  "invoiceNo" : "000330",
  "date" : "28/04/2022",
  "cname" : "CASH A/C",
  "caddress" : null,
  "cgstno" : null,
  "items" : [ {
    "serialNo" : "1",
    "pname" : "PHIROZA BLUE Luxol Pu Enamel",
    "hsn" : "320890",
    "pack" : "1.0 LTR",
    "nop" : 2,
    "qty" : 2.0,
    "rate" : 220.34,
    "taxRt" : 18.0,
    "cgst" : 39.66,
    "sgst" : 39.66,
    "total" : 519.0,
    "valBefTax" : 440.68
  }, {
    "serialNo" : "2",
    "pname" : "BUTTERFLY AC METAL Metal Primer Solvent",
    "hsn" : "320890",
    "pack" : "1.0 LT",
    "nop" : 1,
    "qty" : 1.0,
    "rate" : 177.96,
    "taxRt" : 18.0,
    "cgst" : 16.02,
    "sgst" : 16.02,
    "total" : 210.0,
    "valBefTax" : 177.96
  } ],
  "totalCgst" : 55.68,
  "totalSgst" : 55.68,
  "total" : 729.0,
  "totalvbt" : 618.64,
  "totalNop" : 3.0,
  "totqty" : 3.0,
  "paymentMode" : "Cash"
}