{
  "invoiceNo" : "000279",
  "date" : "25/04/2022",
  "cname" : "CASH A/C",
  "caddress" : null,
  "cgstno" : null,
  "items" : [ {
    "serialNo" : "1",
    "pname" : "DAMPSTOP Construction Chemica",
    "hsn" : "400211",
    "pack" : "2.0 KG",
    "nop" : 1,
    "qty" : 2.0,
    "rate" : 381.35,
    "taxRt" : 18.0,
    "cgst" : 34.32,
    "sgst" : 34.32,
    "total" : 449.0,
    "valBefTax" : 381.35
  }, {
    "serialNo" : "2",
    "pname" : "1\" MASKING TAPE BERG Painting Tools Rolle",
    "hsn" : "391910",
    "pack" : "1.0 LTR",
    "nop" : 3,
    "qty" : 3.0,
    "rate" : 25.42,
    "taxRt" : 18.0,
    "cgst" : 6.87,
    "sgst" : 6.87,
    "total" : 89.0,
    "valBefTax" : 76.26
  }, {
    "serialNo" : "3",
    "pname" : "ELASTO Hs Damp Shield",
    "hsn" : "320910",
    "pack" : "1.0 LTR",
    "nop" : 2,
    "qty" : 2.0,
    "rate" : 250.0,
    "taxRt" : 18.0,
    "cgst" : 45.0,
    "sgst" : 45.0,
    "total" : 590.0,
    "valBefTax" : 500.0
  } ],
  "totalCgst" : 86.19,
  "totalSgst" : 86.19,
  "total" : 1128.0,
  "totalvbt" : 957.61,
  "totalNop" : 6.0,
  "totqty" : 7.0,
  "paymentMode" : "Cash"
}