{
  "invoiceNo" : "000320",
  "date" : "28/04/2022",
  "cname" : "KALIM ENTERPRISE",
  "caddress" : "VIL&PO GHUNI KOL 157",
  "cgstno" : null,
  "items" : [ {
    "serialNo" : "1",
    "pname" : "N2 BE SLK SHEEN Xp Slk Breathe Easy",
    "hsn" : "320910",
    "pack" : "0.9 LTR",
    "nop" : 1,
    "qty" : 0.9,
    "rate" : 669.49,
    "taxRt" : 18.0,
    "cgst" : 60.25,
    "sgst" : 60.25,
    "total" : 789.0,
    "valBefTax" : 669.49
  }, {
    "serialNo" : "2",
    "pname" : "W1 BE SLK SHEEN Xp Slk Breathe Easy",
    "hsn" : "320910",
    "pack" : "0.9 LTR",
    "nop" : 1,
    "qty" : 0.9,
    "rate" : 644.91,
    "taxRt" : 18.0,
    "cgst" : 58.04,
    "sgst" : 58.04,
    "total" : 760.0,
    "valBefTax" : 644.91
  }, {
    "serialNo" : "3",
    "pname" : "W1 BE SLK SHEEN Xp Slk Breathe Easy",
    "hsn" : "320910",
    "pack" : "0.9 LTR",
    "nop" : 1,
    "qty" : 0.9,
    "rate" : 566.1,
    "taxRt" : 18.0,
    "cgst" : 50.95,
    "sgst" : 50.95,
    "total" : 668.0,
    "valBefTax" : 566.1
  }, {
    "serialNo" : "4",
    "pname" : "P0 RTC C B Rangoli Total Ca",
    "hsn" : "320910",
    "pack" : "1.0 LT",
    "nop" : 1,
    "qty" : 1.0,
    "rate" : 283.9,
    "taxRt" : 18.0,
    "cgst" : 25.55,
    "sgst" : 25.55,
    "total" : 335.0,
    "valBefTax" : 283.9
  }, {
    "serialNo" : "5",
    "pname" : "SEAL O PRIME Xp Hs Seal O Prime",
    "hsn" : "320910",
    "pack" : "1.0 LT",
    "nop" : 2,
    "qty" : 2.0,
    "rate" : 211.86,
    "taxRt" : 18.0,
    "cgst" : 38.14,
    "sgst" : 38.14,
    "total" : 500.0,
    "valBefTax" : 423.72
  }, {
    "serialNo" : "6",
    "pname" : "HAPPY WALL PUTTY Putty",
    "hsn" : "321410",
    "pack" : "1.0 KG",
    "nop" : 1,
    "qty" : 1.0,
    "rate" : 67.8,
    "taxRt" : 18.0,
    "cgst" : 6.1,
    "sgst" : 6.1,
    "total" : 80.0,
    "valBefTax" : 67.8
  }, {
    "serialNo" : "7",
    "pname" : "150 NO Wet & Dry Sandpaper",
    "hsn" : "680510",
    "pack" : "1.0 PCS",
    "nop" : 3,
    "qty" : 3.0,
    "rate" : 14.41,
    "taxRt" : 18.0,
    "cgst" : 3.9,
    "sgst" : 3.9,
    "total" : 51.0,
    "valBefTax" : 43.23
  } ],
  "totalCgst" : 242.93,
  "totalSgst" : 242.93,
  "total" : 3183.0,
  "totalvbt" : 2699.15,
  "totalNop" : 10.0,
  "totqty" : 9.7,
  "paymentMode" : "Credit"
}