{
  "invoiceNo" : "000338",
  "date" : "29/04/2022",
  "cname" : "CASH A/C",
  "caddress" : null,
  "cgstno" : null,
  "items" : [ {
    "serialNo" : "1",
    "pname" : "P0 EC XP FRESH Xp E. Clean Fresh",
    "hsn" : "320910",
    "pack" : "1.0 LTR",
    "nop" : 2,
    "qty" : 2.0,
    "rate" : 405.08,
    "taxRt" : 18.0,
    "cgst" : 72.92,
    "sgst" : 72.92,
    "total" : 955.0,
    "valBefTax" : 810.16
  } ],
  "totalCgst" : 72.92,
  "totalSgst" : 72.92,
  "total" : 955.0,
  "totalvbt" : 810.16,
  "totalNop" : 2.0,
  "totqty" : 2.0,
  "paymentMode" : "Cash"
}