{
  "invoiceNo" : "000078",
  "date" : "09/04/2022",
  "cname" : "M SABHYASCHI",
  "caddress" : null,
  "cgstno" : null,
  "items" : [ {
    "serialNo" : "1",
    "pname" : "PRO WCOAT EXT PRIMER Wt Primer Pro",
    "hsn" : "320910",
    "pack" : "20.0 LTR",
    "nop" : 2,
    "qty" : 40.0,
    "rate" : 2406.8,
    "taxRt" : 18.0,
    "cgst" : 433.22,
    "sgst" : 433.22,
    "total" : 5679.0,
    "valBefTax" : 4813.6
  }, {
    "serialNo" : "2",
    "pname" : "PRO P0 WLL10 Long Life 10 Profess",
    "hsn" : "32091010",
    "pack" : "20.0 LTR",
    "nop" : 1,
    "qty" : 20.0,
    "rate" : 7754.2,
    "taxRt" : 18.0,
    "cgst" : 697.88,
    "sgst" : 697.88,
    "total" : 9149.0,
    "valBefTax" : 7754.2
  }, {
    "serialNo" : "3",
    "pname" : "PRO YLW WLL 10 Long Life 10 Profess",
    "hsn" : "320910",
    "pack" : "18.0 LTR",
    "nop" : 1,
    "qty" : 18.0,
    "rate" : 8516.9,
    "taxRt" : 18.0,
    "cgst" : 766.52,
    "sgst" : 766.52,
    "total" : 10049.0,
    "valBefTax" : 8516.9
  }, {
    "serialNo" : "4",
    "pname" : "PRO YLW WLL 10 Long Life 10 Profess",
    "hsn" : "320910",
    "pack" : "9.0 LTR",
    "nop" : 1,
    "qty" : 9.0,
    "rate" : 4550.8,
    "taxRt" : 18.0,
    "cgst" : 409.57,
    "sgst" : 409.57,
    "total" : 5369.0,
    "valBefTax" : 4550.8
  } ],
  "totalCgst" : 2307.19,
  "totalSgst" : 2307.19,
  "total" : 30246.0,
  "totalvbt" : 25635.5,
  "totalNop" : 5.0,
  "totqty" : 87.0,
  "paymentMode" : "Credit"
}