{
  "invoiceNo" : "000331",
  "date" : "28/04/2022",
  "cname" : "CASH A/C",
  "caddress" : null,
  "cgstno" : null,
  "items" : [ {
    "serialNo" : "1",
    "pname" : "GOLD MTLK illusion Designer Fi",
    "hsn" : "320910",
    "pack" : "0.2 LT",
    "nop" : 1,
    "qty" : 0.2,
    "rate" : 156.78,
    "taxRt" : 18.0,
    "cgst" : 14.11,
    "sgst" : 14.11,
    "total" : 185.0,
    "valBefTax" : 156.78
  } ],
  "totalCgst" : 14.11,
  "totalSgst" : 14.11,
  "total" : 185.0,
  "totalvbt" : 156.78,
  "totalNop" : 1.0,
  "totqty" : 0.2,
  "paymentMode" : "Cash"
}