{
  "invoiceNo" : "000115",
  "date" : "13/04/2022",
  "cname" : "KALIM ENTERPRISE",
  "caddress" : "VIL&PO GHUNI KOL 157",
  "cgstno" : null,
  "items" : [ {
    "serialNo" : "1",
    "pname" : "BISON EXT PUTTY Putty",
    "hsn" : "321410",
    "pack" : "30.0 KG",
    "nop" : 1,
    "qty" : 30.0,
    "rate" : 525.42,
    "taxRt" : 18.0,
    "cgst" : 47.29,
    "sgst" : 47.29,
    "total" : 620.0,
    "valBefTax" : 525.42
  }, {
    "serialNo" : "2",
    "pname" : "100 NO Wet & Dry Sandpaper",
    "hsn" : "680510",
    "pack" : "1.0 PCS",
    "nop" : 12,
    "qty" : 12.0,
    "rate" : 14.41,
    "taxRt" : 18.0,
    "cgst" : 15.6,
    "sgst" : 15.6,
    "total" : 204.0,
    "valBefTax" : 172.92
  } ],
  "totalCgst" : 62.89,
  "totalSgst" : 62.89,
  "total" : 824.0,
  "totalvbt" : 698.34,
  "totalNop" : 13.0,
  "totqty" : 42.0,
  "paymentMode" : "Credit"
}