{
  "invoiceNo" : "000462",
  "date" : "10/05/2022",
  "cname" : "CASH A/C",
  "caddress" : null,
  "cgstno" : null,
  "items" : [ {
    "serialNo" : "1",
    "pname" : "SEAL O PRIME Xp Hs Seal O Prime",
    "hsn" : "320910",
    "pack" : "10.0 LT",
    "nop" : 1,
    "qty" : 10.0,
    "rate" : 1610.2,
    "taxRt" : 18.0,
    "cgst" : 144.91,
    "sgst" : 144.91,
    "total" : 1899.0,
    "valBefTax" : 1610.2
  }, {
    "serialNo" : "2",
    "pname" : "P1 EC XP FRESH Xp E. Clean Fresh",
    "hsn" : "320910",
    "pack" : "3.6 LTR",
    "nop" : 1,
    "qty" : 3.6,
    "rate" : 1578.0,
    "taxRt" : 18.0,
    "cgst" : 142.02,
    "sgst" : 142.02,
    "total" : 1861.0,
    "valBefTax" : 1578.0
  }, {
    "serialNo" : "3",
    "pname" : "P0 EC XP FRESH Xp E. Clean Fresh",
    "hsn" : "320910",
    "pack" : "4.0 LTR",
    "nop" : 1,
    "qty" : 4.0,
    "rate" : 1764.4,
    "taxRt" : 18.0,
    "cgst" : 158.8,
    "sgst" : 158.8,
    "total" : 2081.0,
    "valBefTax" : 1764.4
  } ],
  "totalCgst" : 445.73,
  "totalSgst" : 445.73,
  "total" : 5841.0,
  "totalvbt" : 4952.6,
  "totalNop" : 3.0,
  "totqty" : 17.6,
  "paymentMode" : "Cash"
}