{
  "invoiceNo" : "000018",
  "date" : "05/04/2022",
  "cname" : "M SABHYASCHI",
  "caddress" : null,
  "cgstno" : null,
  "items" : [ {
    "serialNo" : "1",
    "pname" : "SEAL O PRIME PRO Wt Primer Pro",
    "hsn" : "320890",
    "pack" : "20.0 LTR",
    "nop" : 2,
    "qty" : 40.0,
    "rate" : 3008.5,
    "taxRt" : 18.0,
    "cgst" : 541.52,
    "sgst" : 541.52,
    "total" : 7099.0,
    "valBefTax" : 6017.0
  }, {
    "serialNo" : "2",
    "pname" : "PRO WHITE 7IN1 Pro 7in1 Enamel",
    "hsn" : "320890",
    "pack" : "4.0 LTR",
    "nop" : 5,
    "qty" : 20.0,
    "rate" : 1066.1,
    "taxRt" : 18.0,
    "cgst" : 479.75,
    "sgst" : 479.75,
    "total" : 6289.0,
    "valBefTax" : 5330.5
  }, {
    "serialNo" : "3",
    "pname" : "PRO P0 WLL10 Long Life 10 Profess",
    "hsn" : "32091010",
    "pack" : "20.0 LTR",
    "nop" : 1,
    "qty" : 20.0,
    "rate" : 7733.0,
    "taxRt" : 18.0,
    "cgst" : 695.97,
    "sgst" : 695.97,
    "total" : 9124.0,
    "valBefTax" : 7733.0
  } ],
  "totalCgst" : 1717.24,
  "totalSgst" : 1717.24,
  "total" : 22512.0,
  "totalvbt" : 19080.5,
  "totalNop" : 8.0,
  "totqty" : 80.0,
  "paymentMode" : "Credit"
}