{
  "invoiceNo" : "000166",
  "date" : "17/04/2022",
  "cname" : "KALIM ENTERPRISE",
  "caddress" : "VIL&PO GHUNI KOL 157",
  "cgstno" : null,
  "items" : [ {
    "serialNo" : "1",
    "pname" : "1\" MASKING TAPE BERG Painting Tools Rolle",
    "hsn" : "391910",
    "pack" : "1.0 LTR",
    "nop" : 6,
    "qty" : 6.0,
    "rate" : 25.42,
    "taxRt" : 18.0,
    "cgst" : 13.74,
    "sgst" : 13.74,
    "total" : 180.0,
    "valBefTax" : 152.52
  }, {
    "serialNo" : "2",
    "pname" : "FLOOR COVER PLASTIC Xp Consumables",
    "hsn" : "392010",
    "pack" : "1.0 LTR",
    "nop" : 1,
    "qty" : 1.0,
    "rate" : 296.61,
    "taxRt" : 18.0,
    "cgst" : 26.69,
    "sgst" : 26.69,
    "total" : 349.0,
    "valBefTax" : 296.61
  }, {
    "serialNo" : "3",
    "pname" : "T SHIRT Xp Tools",
    "hsn" : "610910",
    "pack" : "1.0 LTR",
    "nop" : 1,
    "qty" : 1.0,
    "rate" : 238.1,
    "taxRt" : 4.0,
    "cgst" : 5.95,
    "sgst" : 5.95,
    "total" : 250.0,
    "valBefTax" : 238.1
  }, {
    "serialNo" : "4",
    "pname" : "120 Mk Eco Wet Paper",
    "hsn" : "68052090",
    "pack" : "1.0 PCS",
    "nop" : 5,
    "qty" : 5.0,
    "rate" : 14.41,
    "taxRt" : 18.0,
    "cgst" : 6.5,
    "sgst" : 6.5,
    "total" : 84.0,
    "valBefTax" : 72.05
  }, {
    "serialNo" : "5",
    "pname" : "100 Mk Eco Wet Paper",
    "hsn" : "68052090",
    "pack" : "1.0 PCS",
    "nop" : 7,
    "qty" : 7.0,
    "rate" : 14.41,
    "taxRt" : 18.0,
    "cgst" : 9.1,
    "sgst" : 9.1,
    "total" : 119.0,
    "valBefTax" : 100.87
  } ],
  "totalCgst" : 61.98,
  "totalSgst" : 61.98,
  "total" : 982.0,
  "totalvbt" : 860.15,
  "totalNop" : 20.0,
  "totqty" : 20.0,
  "paymentMode" : "Credit"
}