{
  "invoiceNo" : "000238",
  "date" : "21/04/2022",
  "cname" : "CASH A/C",
  "caddress" : null,
  "cgstno" : null,
  "items" : [ {
    "serialNo" : "1",
    "pname" : "PALE CREAM Luxol High Gloss Ena",
    "hsn" : "320890",
    "pack" : "4.0 LT",
    "nop" : 1,
    "qty" : 4.0,
    "rate" : 974.57,
    "taxRt" : 18.0,
    "cgst" : 87.71,
    "sgst" : 87.71,
    "total" : 1149.0,
    "valBefTax" : 974.57
  }, {
    "serialNo" : "2",
    "pname" : "N2 BISON C B Bison Emulsion",
    "hsn" : "320910",
    "pack" : "0.9 LT",
    "nop" : 2,
    "qty" : 1.8,
    "rate" : 201.69,
    "taxRt" : 18.0,
    "cgst" : 36.3,
    "sgst" : 36.3,
    "total" : 475.0,
    "valBefTax" : 403.38
  }, {
    "serialNo" : "3",
    "pname" : "N2 BISON C B Bison Emulsion",
    "hsn" : "320910",
    "pack" : "0.9 LT",
    "nop" : 1,
    "qty" : 0.9,
    "rate" : 227.12,
    "taxRt" : 18.0,
    "cgst" : 20.44,
    "sgst" : 20.44,
    "total" : 268.0,
    "valBefTax" : 227.12
  } ],
  "totalCgst" : 144.45,
  "totalSgst" : 144.45,
  "total" : 1892.0,
  "totalvbt" : 1605.07,
  "totalNop" : 4.0,
  "totqty" : 6.7,
  "paymentMode" : "Cash"
}