{
  "invoiceNo" : "000217",
  "date" : "20/04/2022",
  "cname" : "KALIM ENTERPRISE",
  "caddress" : "VIL&PO GHUNI KOL 157",
  "cgstno" : null,
  "items" : [ {
    "serialNo" : "1",
    "pname" : "P0 RTC C B Rangoli Total Ca",
    "hsn" : "320910",
    "pack" : "4.0 LT",
    "nop" : 1,
    "qty" : 4.0,
    "rate" : 1110.2,
    "taxRt" : 18.0,
    "cgst" : 99.91,
    "sgst" : 99.91,
    "total" : 1309.0,
    "valBefTax" : 1110.2
  }, {
    "serialNo" : "2",
    "pname" : "R BLUE Robin Blue",
    "hsn" : "32064100",
    "pack" : "0.05 KG",
    "nop" : 1,
    "qty" : 0.05,
    "rate" : 22.03,
    "taxRt" : 18.0,
    "cgst" : 1.98,
    "sgst" : 1.98,
    "total" : 25.0,
    "valBefTax" : 22.03
  } ],
  "totalCgst" : 101.89,
  "totalSgst" : 101.89,
  "total" : 1334.0,
  "totalvbt" : 1132.23,
  "totalNop" : 2.0,
  "totqty" : 4.05,
  "paymentMode" : "Credit"
}