{
  "invoiceNo" : "000223",
  "date" : "21/04/2022",
  "cname" : "A D TECHNICAL SERVICES",
  "caddress" : "DD 20 NARAYANTALA EAST KOLKATA 159",
  "cgstno" : null,
  "items" : [ {
    "serialNo" : "1",
    "pname" : "BLACK Luxol Pu Enamel",
    "hsn" : "320890",
    "pack" : "4.0 LTR",
    "nop" : 1,
    "qty" : 4.0,
    "rate" : 906.77,
    "taxRt" : 18.0,
    "cgst" : 81.61,
    "sgst" : 81.61,
    "total" : 1069.0,
    "valBefTax" : 906.77
  } ],
  "totalCgst" : 81.61,
  "totalSgst" : 81.61,
  "total" : 1069.0,
  "totalvbt" : 906.77,
  "totalNop" : 1.0,
  "totqty" : 4.0,
  "paymentMode" : "Cash"
}