{
  "invoiceNo" : "000072",
  "date" : "09/04/2022",
  "cname" : "CASH A/C",
  "caddress" : null,
  "cgstno" : null,
  "items" : [ {
    "serialNo" : "1",
    "pname" : "BISON PRO Putty Pro",
    "hsn" : "321410",
    "pack" : "40.0 LTR",
    "nop" : 8,
    "qty" : 320.0,
    "rate" : 618.64,
    "taxRt" : 18.0,
    "cgst" : 445.44,
    "sgst" : 445.44,
    "total" : 5839.0,
    "valBefTax" : 4949.12
  } ],
  "totalCgst" : 445.44,
  "totalSgst" : 445.44,
  "total" : 5839.0,
  "totalvbt" : 4949.12,
  "totalNop" : 8.0,
  "totqty" : 320.0,
  "paymentMode" : "Cash"
}