{
  "invoiceNo" : "000191",
  "date" : "19/04/2022",
  "cname" : "CASH A/C",
  "caddress" : null,
  "cgstno" : null,
  "items" : [ {
    "serialNo" : "1",
    "pname" : "BPCPWT Interior Wall Primer",
    "hsn" : "320910",
    "pack" : "20.0 LT",
    "nop" : 1,
    "qty" : 20.0,
    "rate" : 2118.6,
    "taxRt" : 18.0,
    "cgst" : 190.68,
    "sgst" : 190.68,
    "total" : 2499.0,
    "valBefTax" : 2118.6
  } ],
  "totalCgst" : 190.68,
  "totalSgst" : 190.68,
  "total" : 2499.0,
  "totalvbt" : 2118.6,
  "totalNop" : 1.0,
  "totqty" : 20.0,
  "paymentMode" : "Cash"
}