{
  "invoiceNo" : "000362",
  "date" : "01/05/2022",
  "cname" : "M SABHYASCHI",
  "caddress" : null,
  "cgstno" : null,
  "items" : [ {
    "serialNo" : "1",
    "pname" : "P0 SLK C B Silk Luxury Emul",
    "hsn" : "320910",
    "pack" : "1.0 LT",
    "nop" : 1,
    "qty" : 1.0,
    "rate" : 522.88,
    "taxRt" : 18.0,
    "cgst" : 47.06,
    "sgst" : 47.06,
    "total" : 617.0,
    "valBefTax" : 522.88
  }, {
    "serialNo" : "2",
    "pname" : "FIRE RED Unitint",
    "hsn" : "32139000",
    "pack" : "0.05 LTR",
    "nop" : 1,
    "qty" : 0.05,
    "rate" : 32.2,
    "taxRt" : 18.0,
    "cgst" : 2.9,
    "sgst" : 2.9,
    "total" : 38.0,
    "valBefTax" : 32.2
  } ],
  "totalCgst" : 49.96,
  "totalSgst" : 49.96,
  "total" : 655.0,
  "totalvbt" : 555.08,
  "totalNop" : 2.0,
  "totqty" : 1.05,
  "paymentMode" : "Credit"
}