{
  "invoiceNo" : "000322",
  "date" : "28/04/2022",
  "cname" : "CASH A/C",
  "caddress" : null,
  "cgstno" : null,
  "items" : [ {
    "serialNo" : "1",
    "pname" : "96 3IN1 Super Clean 3 In 1",
    "hsn" : "32091010",
    "pack" : "1.0 LT",
    "nop" : 1,
    "qty" : 1.0,
    "rate" : 371.18,
    "taxRt" : 18.0,
    "cgst" : 33.41,
    "sgst" : 33.41,
    "total" : 438.0,
    "valBefTax" : 371.18
  }, {
    "serialNo" : "2",
    "pname" : "PALE CREAM Luxol High Gloss Ena",
    "hsn" : "320890",
    "pack" : "1.0 LT",
    "nop" : 1,
    "qty" : 1.0,
    "rate" : 250.0,
    "taxRt" : 18.0,
    "cgst" : 22.5,
    "sgst" : 22.5,
    "total" : 295.0,
    "valBefTax" : 250.0
  }, {
    "serialNo" : "3",
    "pname" : "SALVALINE ALUMINIUM Aliminium Paint",
    "hsn" : "320890",
    "pack" : "1.0 LTR",
    "nop" : 1,
    "qty" : 1.0,
    "rate" : 330.51,
    "taxRt" : 18.0,
    "cgst" : 29.75,
    "sgst" : 29.75,
    "total" : 390.0,
    "valBefTax" : 330.51
  } ],
  "totalCgst" : 85.66,
  "totalSgst" : 85.66,
  "total" : 1123.0,
  "totalvbt" : 951.69,
  "totalNop" : 3.0,
  "totqty" : 3.0,
  "paymentMode" : "Cash"
}