{
  "invoiceNo" : "000221",
  "date" : "21/04/2022",
  "cname" : "CASH A/C",
  "caddress" : null,
  "cgstno" : null,
  "items" : [ {
    "serialNo" : "1",
    "pname" : "WHITE Durocem Neo",
    "hsn" : "321000",
    "pack" : "25.0 KGS",
    "nop" : 2,
    "qty" : 50.0,
    "rate" : 728.81,
    "taxRt" : 18.0,
    "cgst" : 131.18,
    "sgst" : 131.18,
    "total" : 1719.0,
    "valBefTax" : 1457.62
  } ],
  "totalCgst" : 131.18,
  "totalSgst" : 131.18,
  "total" : 1719.0,
  "totalvbt" : 1457.62,
  "totalNop" : 2.0,
  "totqty" : 50.0,
  "paymentMode" : "Cash"
}