{
  "invoiceNo" : "000382",
  "date" : "04/05/2022",
  "cname" : "M RAJU BISWAS",
  "caddress" : null,
  "cgstno" : null,
  "items" : [ {
    "serialNo" : "1",
    "pname" : "P0 SLK B EASY Xp Slk Breathe Easy",
    "hsn" : "320910",
    "pack" : "1.0 LTR",
    "nop" : 2,
    "qty" : 2.0,
    "rate" : 572.03,
    "taxRt" : 18.0,
    "cgst" : 102.96,
    "sgst" : 102.96,
    "total" : 1350.0,
    "valBefTax" : 1144.06
  }, {
    "serialNo" : "2",
    "pname" : "N2 BE SLK SHEEN Xp Slk Breathe Easy",
    "hsn" : "320910",
    "pack" : "0.9 LTR",
    "nop" : 2,
    "qty" : 1.8,
    "rate" : 615.25,
    "taxRt" : 18.0,
    "cgst" : 110.74,
    "sgst" : 110.74,
    "total" : 1451.0,
    "valBefTax" : 1230.5
  } ],
  "totalCgst" : 213.7,
  "totalSgst" : 213.7,
  "total" : 2801.0,
  "totalvbt" : 2374.56,
  "totalNop" : 4.0,
  "totqty" : 3.8,
  "paymentMode" : "Credit"
}