{
  "invoiceNo" : "000189",
  "date" : "19/04/2022",
  "cname" : "M SABHYASCHI",
  "caddress" : null,
  "cgstno" : null,
  "items" : [ {
    "serialNo" : "1",
    "pname" : "WHITE Luxol-7-in-1 White",
    "hsn" : "320890",
    "pack" : "4.0 LTR",
    "nop" : 1,
    "qty" : 4.0,
    "rate" : 1135.6,
    "taxRt" : 18.0,
    "cgst" : 102.2,
    "sgst" : 102.2,
    "total" : 1339.0,
    "valBefTax" : 1135.6
  }, {
    "serialNo" : "2",
    "pname" : "N2 LONG LIFE Xp Wcoat Long Life",
    "hsn" : "320910",
    "pack" : "3.6 LTR",
    "nop" : 1,
    "qty" : 3.6,
    "rate" : 2190.7,
    "taxRt" : 18.0,
    "cgst" : 197.16,
    "sgst" : 197.16,
    "total" : 2584.0,
    "valBefTax" : 2190.7
  }, {
    "serialNo" : "3",
    "pname" : "P0 PU ENAMEL Base Pu Enamel",
    "hsn" : "320890",
    "pack" : "3.94 LTR",
    "nop" : 1,
    "qty" : 3.94,
    "rate" : 999.99,
    "taxRt" : 18.0,
    "cgst" : 90.0,
    "sgst" : 90.0,
    "total" : 1179.0,
    "valBefTax" : 999.99
  }, {
    "serialNo" : "4",
    "pname" : "GP THINNER Thinners",
    "hsn" : "320810",
    "pack" : "5.0 LTR",
    "nop" : 1,
    "qty" : 5.0,
    "rate" : 487.28,
    "taxRt" : 18.0,
    "cgst" : 43.86,
    "sgst" : 43.86,
    "total" : 575.0,
    "valBefTax" : 487.28
  } ],
  "totalCgst" : 433.22,
  "totalSgst" : 433.22,
  "total" : 5677.0,
  "totalvbt" : 4813.57,
  "totalNop" : 4.0,
  "totqty" : 16.54,
  "paymentMode" : "Credit"
}