{
  "invoiceNo" : "000411",
  "date" : "06/05/2022",
  "cname" : "M RAJU BISWAS",
  "caddress" : null,
  "cgstno" : null,
  "items" : [ {
    "serialNo" : "1",
    "pname" : "P0 SLK B EASY Xp Slk Breathe Easy",
    "hsn" : "320910",
    "pack" : "1.0 LTR",
    "nop" : 1,
    "qty" : 1.0,
    "rate" : 572.03,
    "taxRt" : 18.0,
    "cgst" : 51.48,
    "sgst" : 51.48,
    "total" : 674.0,
    "valBefTax" : 572.03
  } ],
  "totalCgst" : 51.48,
  "totalSgst" : 51.48,
  "total" : 674.0,
  "totalvbt" : 572.03,
  "totalNop" : 1.0,
  "totqty" : 1.0,
  "paymentMode" : "Credit"
}