{
  "invoiceNo" : "000288",
  "date" : "25/04/2022",
  "cname" : "CASH A/C",
  "caddress" : null,
  "cgstno" : null,
  "items" : [ {
    "serialNo" : "1",
    "pname" : "BPCPWT Interior Wall Primer",
    "hsn" : "320910",
    "pack" : "20.0 LT",
    "nop" : 1,
    "qty" : 20.0,
    "rate" : 2161.0,
    "taxRt" : 18.0,
    "cgst" : 194.49,
    "sgst" : 194.49,
    "total" : 2549.0,
    "valBefTax" : 2161.0
  } ],
  "totalCgst" : 194.49,
  "totalSgst" : 194.49,
  "total" : 2549.0,
  "totalvbt" : 2161.0,
  "totalNop" : 1.0,
  "totqty" : 20.0,
  "paymentMode" : "Cash"
}