{
  "invoiceNo" : "000011",
  "date" : "05/04/2022",
  "cname" : "CASH A/C",
  "caddress" : null,
  "cgstno" : null,
  "items" : [ {
    "serialNo" : "1",
    "pname" : "W1 BISON C B Bison Emulsion",
    "hsn" : "320910",
    "pack" : "0.9 LT",
    "nop" : 1,
    "qty" : 0.9,
    "rate" : 144.07,
    "taxRt" : 18.0,
    "cgst" : 12.97,
    "sgst" : 12.97,
    "total" : 170.0,
    "valBefTax" : 144.07
  }, {
    "serialNo" : "2",
    "pname" : "F Y GREEN Unitint",
    "hsn" : "32139000",
    "pack" : "0.05 LTR",
    "nop" : 1,
    "qty" : 0.05,
    "rate" : 32.2,
    "taxRt" : 18.0,
    "cgst" : 2.9,
    "sgst" : 2.9,
    "total" : 38.0,
    "valBefTax" : 32.2
  }, {
    "serialNo" : "3",
    "pname" : "F YLW Unitint",
    "hsn" : "321390",
    "pack" : "0.05 LTR",
    "nop" : 1,
    "qty" : 0.05,
    "rate" : 40.68,
    "taxRt" : 18.0,
    "cgst" : 3.66,
    "sgst" : 3.66,
    "total" : 48.0,
    "valBefTax" : 40.68
  }, {
    "serialNo" : "4",
    "pname" : "F BLUE Unitint",
    "hsn" : "321390",
    "pack" : "0.05 LTR",
    "nop" : 1,
    "qty" : 0.05,
    "rate" : 32.2,
    "taxRt" : 18.0,
    "cgst" : 2.9,
    "sgst" : 2.9,
    "total" : 38.0,
    "valBefTax" : 32.2
  }, {
    "serialNo" : "5",
    "pname" : "F YLW Unitint",
    "hsn" : "321390",
    "pack" : "0.05 LTR",
    "nop" : 1,
    "qty" : 0.05,
    "rate" : 32.2,
    "taxRt" : 18.0,
    "cgst" : 2.9,
    "sgst" : 2.9,
    "total" : 38.0,
    "valBefTax" : 32.2
  }, {
    "serialNo" : "6",
    "pname" : "SUPER LATEX Dr.fixit",
    "hsn" : "400211",
    "pack" : "0.2 KGS",
    "nop" : 1,
    "qty" : 0.2,
    "rate" : 0.85,
    "taxRt" : 18.0,
    "cgst" : 0.08,
    "sgst" : 0.08,
    "total" : 1.0,
    "valBefTax" : 0.85
  }, {
    "serialNo" : "7",
    "pname" : "BPCPST Wall Primer Solvent",
    "hsn" : "320890",
    "pack" : "10.0 LT",
    "nop" : 1,
    "qty" : 10.0,
    "rate" : 1589.0,
    "taxRt" : 18.0,
    "cgst" : 143.01,
    "sgst" : 143.01,
    "total" : 1874.0,
    "valBefTax" : 1589.0
  } ],
  "totalCgst" : 168.42,
  "totalSgst" : 168.42,
  "total" : 2207.0,
  "totalvbt" : 1871.2,
  "totalNop" : 7.0,
  "totqty" : 11.3,
  "paymentMode" : "Cash"
}