{
  "invoiceNo" : "000451",
  "date" : "09/05/2022",
  "cname" : "CASH A/C",
  "caddress" : null,
  "cgstno" : null,
  "items" : [ {
    "serialNo" : "1",
    "pname" : "BUTTERFLY AC METAL Metal Primer Solvent",
    "hsn" : "320890",
    "pack" : "1.0 LT",
    "nop" : 1,
    "qty" : 1.0,
    "rate" : 182.2,
    "taxRt" : 18.0,
    "cgst" : 16.4,
    "sgst" : 16.4,
    "total" : 215.0,
    "valBefTax" : 182.2
  }, {
    "serialNo" : "2",
    "pname" : "SEAL O PRIME Xp Hs Seal O Prime",
    "hsn" : "320910",
    "pack" : "20.0 LT",
    "nop" : 1,
    "qty" : 20.0,
    "rate" : 2944.9,
    "taxRt" : 18.0,
    "cgst" : 265.04,
    "sgst" : 265.04,
    "total" : 3474.0,
    "valBefTax" : 2944.9
  }, {
    "serialNo" : "3",
    "pname" : "WCOAT EXT PRIMER Exterior Wall Primer",
    "hsn" : "320910",
    "pack" : "1.0 LT",
    "nop" : 2,
    "qty" : 2.0,
    "rate" : 80.51,
    "taxRt" : 18.0,
    "cgst" : 14.5,
    "sgst" : 14.5,
    "total" : 190.0,
    "valBefTax" : 161.02
  }, {
    "serialNo" : "4",
    "pname" : "WCOAT EXT PRIMER Exterior Wall Primer",
    "hsn" : "320910",
    "pack" : "4.0 LT",
    "nop" : 1,
    "qty" : 4.0,
    "rate" : 605.93,
    "taxRt" : 18.0,
    "cgst" : 54.53,
    "sgst" : 54.53,
    "total" : 714.0,
    "valBefTax" : 605.93
  }, {
    "serialNo" : "5",
    "pname" : "ELASTO Hs Damp Shield",
    "hsn" : "320910",
    "pack" : "1.0 LTR",
    "nop" : 1,
    "qty" : 1.0,
    "rate" : 275.42,
    "taxRt" : 18.0,
    "cgst" : 24.79,
    "sgst" : 24.79,
    "total" : 325.0,
    "valBefTax" : 275.42
  }, {
    "serialNo" : "6",
    "pname" : "150 NO Wet & Dry Sandpaper",
    "hsn" : "680510",
    "pack" : "1.0 PCS",
    "nop" : 3,
    "qty" : 3.0,
    "rate" : 14.19,
    "taxRt" : 18.0,
    "cgst" : 3.84,
    "sgst" : 3.84,
    "total" : 50.0,
    "valBefTax" : 42.57
  } ],
  "totalCgst" : 379.1,
  "totalSgst" : 379.1,
  "total" : 4968.0,
  "totalvbt" : 4212.04,
  "totalNop" : 9.0,
  "totqty" : 31.0,
  "paymentMode" : "Cash"
}