{
  "invoiceNo" : "000054",
  "date" : "08/04/2022",
  "cname" : "CASH A/C",
  "caddress" : null,
  "cgstno" : null,
  "items" : [ {
    "serialNo" : "1",
    "pname" : "HS WALLSIELD 2K Construction Chemica",
    "hsn" : "321410",
    "pack" : "15.0 KGS",
    "nop" : 1,
    "qty" : 15.0,
    "rate" : 2033.9,
    "taxRt" : 18.0,
    "cgst" : 183.05,
    "sgst" : 183.05,
    "total" : 2399.0,
    "valBefTax" : 2033.9
  }, {
    "serialNo" : "2",
    "pname" : "BRN WCS C B Weathercoat Smoo",
    "hsn" : "320910",
    "pack" : "0.9 LT",
    "nop" : 1,
    "qty" : 0.9,
    "rate" : 296.61,
    "taxRt" : 18.0,
    "cgst" : 26.69,
    "sgst" : 26.69,
    "total" : 349.0,
    "valBefTax" : 296.61
  } ],
  "totalCgst" : 209.74,
  "totalSgst" : 209.74,
  "total" : 2748.0,
  "totalvbt" : 2330.51,
  "totalNop" : 2.0,
  "totqty" : 15.9,
  "paymentMode" : "Cash"
}