{
  "invoiceNo" : "000213",
  "date" : "20/04/2022",
  "cname" : "BHUSHAN BHAWAN",
  "caddress" : "ASWININAGAR SPRING DALE SCHOOL KOLKATA 700159",
  "cgstno" : null,
  "items" : [ {
    "serialNo" : "1",
    "pname" : "BASE COAT Silk B E Base Coat",
    "hsn" : "320910",
    "pack" : "4.0 LTR",
    "nop" : 1,
    "qty" : 4.0,
    "rate" : 788.13,
    "taxRt" : 18.0,
    "cgst" : 70.93,
    "sgst" : 70.93,
    "total" : 929.0,
    "valBefTax" : 788.13
  }, {
    "serialNo" : "2",
    "pname" : "BASE COAT Silk B E Base Coat",
    "hsn" : "320910",
    "pack" : "1.0 LTR",
    "nop" : 2,
    "qty" : 2.0,
    "rate" : 211.86,
    "taxRt" : 18.0,
    "cgst" : 38.14,
    "sgst" : 38.14,
    "total" : 500.0,
    "valBefTax" : 423.72
  }, {
    "serialNo" : "3",
    "pname" : "UW BE Xp Slk Breathe Easy",
    "hsn" : "320910",
    "pack" : "4.0 LTR",
    "nop" : 1,
    "qty" : 4.0,
    "rate" : 2269.5,
    "taxRt" : 18.0,
    "cgst" : 204.25,
    "sgst" : 204.25,
    "total" : 2677.0,
    "valBefTax" : 2269.5
  }, {
    "serialNo" : "4",
    "pname" : "1\" MASKING TAPE BERG Painting Tools Rolle",
    "hsn" : "391910",
    "pack" : "1.0 LTR",
    "nop" : 2,
    "qty" : 2.0,
    "rate" : 25.42,
    "taxRt" : 18.0,
    "cgst" : 4.58,
    "sgst" : 4.58,
    "total" : 60.0,
    "valBefTax" : 50.84
  }, {
    "serialNo" : "5",
    "pname" : "TRAY Painting Tools Rolle",
    "hsn" : "392330",
    "pack" : "1.0 PCS",
    "nop" : 1,
    "qty" : 1.0,
    "rate" : 127.12,
    "taxRt" : 18.0,
    "cgst" : 11.44,
    "sgst" : 11.44,
    "total" : 150.0,
    "valBefTax" : 127.12
  } ],
  "totalCgst" : 329.34,
  "totalSgst" : 329.34,
  "total" : 4316.0,
  "totalvbt" : 3659.31,
  "totalNop" : 7.0,
  "totqty" : 13.0,
  "paymentMode" : "Cash"
}