{
  "invoiceNo" : "000310",
  "date" : "27/04/2022",
  "cname" : "CASH A/C",
  "caddress" : null,
  "cgstno" : null,
  "items" : [ {
    "serialNo" : "1",
    "pname" : "80 NO Wet & Dry Sandpaper",
    "hsn" : "68051010",
    "pack" : "1.0 PCS",
    "nop" : 6,
    "qty" : 6.0,
    "rate" : 14.41,
    "taxRt" : 18.0,
    "cgst" : 7.8,
    "sgst" : 7.8,
    "total" : 102.0,
    "valBefTax" : 86.46
  } ],
  "totalCgst" : 7.8,
  "totalSgst" : 7.8,
  "total" : 102.0,
  "totalvbt" : 86.46,
  "totalNop" : 6.0,
  "totqty" : 6.0,
  "paymentMode" : "Cash"
}