{
  "invoiceNo" : "000038",
  "date" : "07/04/2022",
  "cname" : "CASH A/C",
  "caddress" : null,
  "cgstno" : null,
  "items" : [ {
    "serialNo" : "1",
    "pname" : "BPCPWT Interior Wall Primer",
    "hsn" : "320910",
    "pack" : "20.0 LT",
    "nop" : 1,
    "qty" : 20.0,
    "rate" : 2118.6,
    "taxRt" : 18.0,
    "cgst" : 190.68,
    "sgst" : 190.68,
    "total" : 2499.0,
    "valBefTax" : 2118.6
  }, {
    "serialNo" : "2",
    "pname" : "QD PRIMER GREY LUXOL Qd Primer",
    "hsn" : "320810",
    "pack" : "1.0 LTR",
    "nop" : 4,
    "qty" : 4.0,
    "rate" : 292.37,
    "taxRt" : 18.0,
    "cgst" : 105.24,
    "sgst" : 105.24,
    "total" : 1379.0,
    "valBefTax" : 1169.48
  }, {
    "serialNo" : "3",
    "pname" : "2\" ARJUN Brushes",
    "hsn" : "96034010",
    "pack" : "1.0 PCS",
    "nop" : 2,
    "qty" : 2.0,
    "rate" : 42.37,
    "taxRt" : 18.0,
    "cgst" : 7.62,
    "sgst" : 7.62,
    "total" : 100.0,
    "valBefTax" : 84.74
  }, {
    "serialNo" : "4",
    "pname" : "80 SAND IT ALL Handy Sheet",
    "hsn" : "68051010",
    "pack" : "1.0 PCS",
    "nop" : 3,
    "qty" : 3.0,
    "rate" : 8.47,
    "taxRt" : 18.0,
    "cgst" : 2.28,
    "sgst" : 2.28,
    "total" : 30.0,
    "valBefTax" : 25.41
  }, {
    "serialNo" : "5",
    "pname" : "150 WPP Water Paper",
    "hsn" : "68052010",
    "pack" : "1.0 PCS",
    "nop" : 8,
    "qty" : 8.0,
    "rate" : 14.41,
    "taxRt" : 18.0,
    "cgst" : 10.4,
    "sgst" : 10.4,
    "total" : 135.0,
    "valBefTax" : 115.28
  }, {
    "serialNo" : "6",
    "pname" : "R BLUE Robin Blue",
    "hsn" : "32064100",
    "pack" : "0.05 KG",
    "nop" : 1,
    "qty" : 0.05,
    "rate" : 22.03,
    "taxRt" : 18.0,
    "cgst" : 1.98,
    "sgst" : 1.98,
    "total" : 25.0,
    "valBefTax" : 22.03
  }, {
    "serialNo" : "7",
    "pname" : "BR GREEN Unitint",
    "hsn" : "321390",
    "pack" : "0.1 LTR",
    "nop" : 2,
    "qty" : 0.2,
    "rate" : 55.08,
    "taxRt" : 18.0,
    "cgst" : 9.92,
    "sgst" : 9.92,
    "total" : 130.0,
    "valBefTax" : 110.16
  } ],
  "totalCgst" : 328.12,
  "totalSgst" : 328.12,
  "total" : 4298.0,
  "totalvbt" : 3645.7,
  "totalNop" : 21.0,
  "totqty" : 37.25,
  "paymentMode" : "Cash"
}