{
  "invoiceNo" : "000053",
  "date" : "08/04/2022",
  "cname" : "CASH A/C",
  "caddress" : null,
  "cgstno" : null,
  "items" : [ {
    "serialNo" : "1",
    "pname" : "YLW GLMR C B Xp Silk Glamour",
    "hsn" : "320910",
    "pack" : "0.9 LT",
    "nop" : 1,
    "qty" : 0.9,
    "rate" : 571.18,
    "taxRt" : 18.0,
    "cgst" : 51.41,
    "sgst" : 51.41,
    "total" : 674.0,
    "valBefTax" : 571.18
  } ],
  "totalCgst" : 51.41,
  "totalSgst" : 51.41,
  "total" : 674.0,
  "totalvbt" : 571.18,
  "totalNop" : 1.0,
  "totqty" : 0.9,
  "paymentMode" : "Cash"
}