{
  "invoiceNo" : "000468",
  "date" : "10/05/2022",
  "cname" : "HIRALAL DAS (MAMA)",
  "caddress" : null,
  "cgstno" : null,
  "items" : [ {
    "serialNo" : "1",
    "pname" : "100 NO Wet & Dry Sandpaper",
    "hsn" : "680510",
    "pack" : "1.0 PCS",
    "nop" : 6,
    "qty" : 6.0,
    "rate" : 14.41,
    "taxRt" : 18.0,
    "cgst" : 7.8,
    "sgst" : 7.8,
    "total" : 102.0,
    "valBefTax" : 86.46
  }, {
    "serialNo" : "2",
    "pname" : "BPCPWT Interior Wall Primer",
    "hsn" : "320910",
    "pack" : "10.0 LT",
    "nop" : 1,
    "qty" : 10.0,
    "rate" : 1228.8,
    "taxRt" : 18.0,
    "cgst" : 110.59,
    "sgst" : 110.59,
    "total" : 1449.0,
    "valBefTax" : 1228.8
  }, {
    "serialNo" : "3",
    "pname" : "1\" MASKING TAPE BERG Painting Tools Rolle",
    "hsn" : "391910",
    "pack" : "1.0 LTR",
    "nop" : 2,
    "qty" : 2.0,
    "rate" : 25.42,
    "taxRt" : 18.0,
    "cgst" : 4.58,
    "sgst" : 4.58,
    "total" : 60.0,
    "valBefTax" : 50.84
  } ],
  "totalCgst" : 122.97,
  "totalSgst" : 122.97,
  "total" : 1611.0,
  "totalvbt" : 1366.1,
  "totalNop" : 9.0,
  "totqty" : 18.0,
  "paymentMode" : "Credit"
}