{
  "invoiceNo" : "000134",
  "date" : "14/04/2022",
  "cname" : "KALIM ENTERPRISE",
  "caddress" : "VIL&PO GHUNI KOL 157",
  "cgstno" : null,
  "items" : [ {
    "serialNo" : "1",
    "pname" : "BISON EXT PUTTY Putty",
    "hsn" : "321410",
    "pack" : "30.0 KG",
    "nop" : 1,
    "qty" : 30.0,
    "rate" : 474.57,
    "taxRt" : 18.0,
    "cgst" : 42.71,
    "sgst" : 42.71,
    "total" : 559.0,
    "valBefTax" : 474.57
  } ],
  "totalCgst" : 42.71,
  "totalSgst" : 42.71,
  "total" : 559.0,
  "totalvbt" : 474.57,
  "totalNop" : 1.0,
  "totqty" : 30.0,
  "paymentMode" : "Credit"
}