{
  "invoiceNo" : "000416",
  "date" : "06/05/2022",
  "cname" : "CASH A/C",
  "caddress" : null,
  "cgstno" : null,
  "items" : [ {
    "serialNo" : "1",
    "pname" : "90 WS MAX WHITE BASE W Shield Max",
    "hsn" : "32091010",
    "pack" : "20.0 LTR",
    "nop" : 1,
    "qty" : 20.0,
    "rate" : 6525.4,
    "taxRt" : 18.0,
    "cgst" : 587.28,
    "sgst" : 587.28,
    "total" : 7699.0,
    "valBefTax" : 6525.4
  } ],
  "totalCgst" : 587.28,
  "totalSgst" : 587.28,
  "total" : 7699.0,
  "totalvbt" : 6525.4,
  "totalNop" : 1.0,
  "totqty" : 20.0,
  "paymentMode" : "Cash"
}