{
  "invoiceNo" : "000402",
  "date" : "05/05/2022",
  "cname" : "CASH A/C",
  "caddress" : null,
  "cgstno" : null,
  "items" : [ {
    "serialNo" : "1",
    "pname" : "P0 EC C B Easy Clean Luxur",
    "hsn" : "320910",
    "pack" : "4.0 LT",
    "nop" : 1,
    "qty" : 4.0,
    "rate" : 1538.1,
    "taxRt" : 18.0,
    "cgst" : 138.43,
    "sgst" : 138.43,
    "total" : 1814.0,
    "valBefTax" : 1538.1
  }, {
    "serialNo" : "2",
    "pname" : "BPCPWT Interior Wall Primer",
    "hsn" : "320910",
    "pack" : "1.0 LT",
    "nop" : 1,
    "qty" : 1.0,
    "rate" : 148.3,
    "taxRt" : 18.0,
    "cgst" : 13.35,
    "sgst" : 13.35,
    "total" : 175.0,
    "valBefTax" : 148.3
  }, {
    "serialNo" : "3",
    "pname" : "RED EC C B Easy Clean Luxur",
    "hsn" : "320910",
    "pack" : "0.9 LTR",
    "nop" : 1,
    "qty" : 0.9,
    "rate" : 418.64,
    "taxRt" : 18.0,
    "cgst" : 37.68,
    "sgst" : 37.68,
    "total" : 494.0,
    "valBefTax" : 418.64
  }, {
    "serialNo" : "4",
    "pname" : "TERMINATOR Wood Preservative",
    "hsn" : "38089990",
    "pack" : "0.5 LTR",
    "nop" : 1,
    "qty" : 0.5,
    "rate" : 38.14,
    "taxRt" : 18.0,
    "cgst" : 3.43,
    "sgst" : 3.43,
    "total" : 45.0,
    "valBefTax" : 38.14
  }, {
    "serialNo" : "5",
    "pname" : "P0 EC C B Easy Clean Luxur",
    "hsn" : "320910",
    "pack" : "1.0 LT",
    "nop" : 2,
    "qty" : 2.0,
    "rate" : 364.4,
    "taxRt" : 18.0,
    "cgst" : 65.6,
    "sgst" : 65.6,
    "total" : 859.0,
    "valBefTax" : 728.8
  }, {
    "serialNo" : "6",
    "pname" : "100 Mk Eco Wet Paper",
    "hsn" : "68052090",
    "pack" : "1.0 PCS",
    "nop" : 4,
    "qty" : 4.0,
    "rate" : 14.41,
    "taxRt" : 18.0,
    "cgst" : 5.2,
    "sgst" : 5.2,
    "total" : 68.0,
    "valBefTax" : 57.64
  } ],
  "totalCgst" : 263.69,
  "totalSgst" : 263.69,
  "total" : 3455.0,
  "totalvbt" : 2929.62,
  "totalNop" : 10.0,
  "totqty" : 12.4,
  "paymentMode" : "Cash"
}