{
  "invoiceNo" : "000184",
  "date" : "18/04/2022",
  "cname" : "M SABHYASCHI",
  "caddress" : null,
  "cgstno" : null,
  "items" : [ {
    "serialNo" : "1",
    "pname" : "PRO WCOAT EXT PRIMER Wt Primer Pro",
    "hsn" : "320910",
    "pack" : "20.0 LTR",
    "nop" : 1,
    "qty" : 20.0,
    "rate" : 2406.8,
    "taxRt" : 18.0,
    "cgst" : 216.61,
    "sgst" : 216.61,
    "total" : 2839.0,
    "valBefTax" : 2406.8
  }, {
    "serialNo" : "2",
    "pname" : "PRO P0 WLL10 Long Life 10 Profess",
    "hsn" : "32091010",
    "pack" : "20.0 LTR",
    "nop" : 1,
    "qty" : 20.0,
    "rate" : 7754.2,
    "taxRt" : 18.0,
    "cgst" : 697.88,
    "sgst" : 697.88,
    "total" : 9149.0,
    "valBefTax" : 7754.2
  }, {
    "serialNo" : "3",
    "pname" : "PRO YLW WLL 10 Long Life 10 Profess",
    "hsn" : "320910",
    "pack" : "18.0 LTR",
    "nop" : 1,
    "qty" : 18.0,
    "rate" : 8516.9,
    "taxRt" : 18.0,
    "cgst" : 766.52,
    "sgst" : 766.52,
    "total" : 10049.0,
    "valBefTax" : 8516.9
  } ],
  "totalCgst" : 1681.01,
  "totalSgst" : 1681.01,
  "total" : 22037.0,
  "totalvbt" : 18677.9,
  "totalNop" : 3.0,
  "totqty" : 58.0,
  "paymentMode" : "Cash"
}