{
  "invoiceNo" : "000289",
  "date" : "25/04/2022",
  "cname" : "CASH A/C",
  "caddress" : null,
  "cgstno" : null,
  "items" : [ {
    "serialNo" : "1",
    "pname" : "BLACK Luxol Pu Enamel",
    "hsn" : "320890",
    "pack" : "1.0 LTR",
    "nop" : 2,
    "qty" : 2.0,
    "rate" : 233.05,
    "taxRt" : 18.0,
    "cgst" : 41.94,
    "sgst" : 41.94,
    "total" : 550.0,
    "valBefTax" : 466.1
  }, {
    "serialNo" : "2",
    "pname" : "PHIROZA BLUE Luxol Pu Enamel",
    "hsn" : "320890",
    "pack" : "1.0 LTR",
    "nop" : 1,
    "qty" : 1.0,
    "rate" : 233.05,
    "taxRt" : 18.0,
    "cgst" : 20.97,
    "sgst" : 20.97,
    "total" : 274.0,
    "valBefTax" : 233.05
  }, {
    "serialNo" : "3",
    "pname" : "BISON PRO Putty Pro",
    "hsn" : "321410",
    "pack" : "40.0 LTR",
    "nop" : 3,
    "qty" : 120.0,
    "rate" : 610.16,
    "taxRt" : 18.0,
    "cgst" : 164.73,
    "sgst" : 164.73,
    "total" : 2159.0,
    "valBefTax" : 1830.48
  }, {
    "serialNo" : "4",
    "pname" : "BUTTERFLY AC METAL Metal Primer Solvent",
    "hsn" : "320890",
    "pack" : "0.5 LT",
    "nop" : 1,
    "qty" : 0.5,
    "rate" : 97.46,
    "taxRt" : 18.0,
    "cgst" : 8.77,
    "sgst" : 8.77,
    "total" : 115.0,
    "valBefTax" : 97.46
  } ],
  "totalCgst" : 236.41,
  "totalSgst" : 236.41,
  "total" : 3098.0,
  "totalvbt" : 2627.09,
  "totalNop" : 7.0,
  "totqty" : 123.5,
  "paymentMode" : "Cash"
}