{
  "invoiceNo" : "000444",
  "date" : "08/05/2022",
  "cname" : "CASH A/C",
  "caddress" : null,
  "cgstno" : null,
  "items" : [ {
    "serialNo" : "1",
    "pname" : "W0 BISON C B Bison Super Dist",
    "hsn" : "320910",
    "pack" : "10.0 KG",
    "nop" : 1,
    "qty" : 10.0,
    "rate" : 525.42,
    "taxRt" : 18.0,
    "cgst" : 47.29,
    "sgst" : 47.29,
    "total" : 620.0,
    "valBefTax" : 525.42
  }, {
    "serialNo" : "2",
    "pname" : "BR GREEN Unitint",
    "hsn" : "32139000",
    "pack" : "0.05 LTR",
    "nop" : 3,
    "qty" : 0.15000000000000002,
    "rate" : 32.2,
    "taxRt" : 18.0,
    "cgst" : 8.7,
    "sgst" : 8.7,
    "total" : 113.0,
    "valBefTax" : 96.6
  } ],
  "totalCgst" : 55.99,
  "totalSgst" : 55.99,
  "total" : 733.0,
  "totalvbt" : 622.02,
  "totalNop" : 4.0,
  "totqty" : 10.15,
  "paymentMode" : "Cash"
}