{
  "invoiceNo" : "000384",
  "date" : "04/05/2022",
  "cname" : "CASH A/C",
  "caddress" : null,
  "cgstno" : null,
  "items" : [ {
    "serialNo" : "1",
    "pname" : "W0 BISON C B Bison Super Dist",
    "hsn" : "320910",
    "pack" : "10.0 KG",
    "nop" : 1,
    "qty" : 10.0,
    "rate" : 525.42,
    "taxRt" : 18.0,
    "cgst" : 47.29,
    "sgst" : 47.29,
    "total" : 620.0,
    "valBefTax" : 525.42
  }, {
    "serialNo" : "2",
    "pname" : "BISON EXT PUTTY Putty",
    "hsn" : "321410",
    "pack" : "30.0 KG",
    "nop" : 1,
    "qty" : 30.0,
    "rate" : 516.94,
    "taxRt" : 18.0,
    "cgst" : 46.53,
    "sgst" : 46.53,
    "total" : 610.0,
    "valBefTax" : 516.94
  }, {
    "serialNo" : "3",
    "pname" : "MOTI Ddl",
    "hsn" : "320910",
    "pack" : "1.0 KGS",
    "nop" : 1,
    "qty" : 1.0,
    "rate" : 50.85,
    "taxRt" : 18.0,
    "cgst" : 4.58,
    "sgst" : 4.58,
    "total" : 60.0,
    "valBefTax" : 50.85
  }, {
    "serialNo" : "4",
    "pname" : "Y OXIDE Unitint",
    "hsn" : "32139000",
    "pack" : "0.1 LTR",
    "nop" : 1,
    "qty" : 0.1,
    "rate" : 76.27,
    "taxRt" : 18.0,
    "cgst" : 6.86,
    "sgst" : 6.86,
    "total" : 89.0,
    "valBefTax" : 76.27
  }, {
    "serialNo" : "5",
    "pname" : "HEATEX Fevicol Heatx",
    "hsn" : "35061000",
    "pack" : "0.2 LTR",
    "nop" : 1,
    "qty" : 0.2,
    "rate" : 110.17,
    "taxRt" : 18.0,
    "cgst" : 9.92,
    "sgst" : 9.92,
    "total" : 130.0,
    "valBefTax" : 110.17
  }, {
    "serialNo" : "6",
    "pname" : "SNOW WHITE Luxol High Gloss Ena",
    "hsn" : "320890",
    "pack" : "1.0 LT",
    "nop" : 1,
    "qty" : 1.0,
    "rate" : 245.76,
    "taxRt" : 18.0,
    "cgst" : 22.12,
    "sgst" : 22.12,
    "total" : 290.0,
    "valBefTax" : 245.76
  }, {
    "serialNo" : "7",
    "pname" : "WMAST EXT & INT PRIM Ext & Interior Prime",
    "hsn" : "32091090",
    "pack" : "1.0 LTR",
    "nop" : 1,
    "qty" : 1.0,
    "rate" : 122.88,
    "taxRt" : 18.0,
    "cgst" : 11.06,
    "sgst" : 11.06,
    "total" : 145.0,
    "valBefTax" : 122.88
  } ],
  "totalCgst" : 148.36,
  "totalSgst" : 148.36,
  "total" : 1944.0,
  "totalvbt" : 1648.29,
  "totalNop" : 7.0,
  "totqty" : 43.3,
  "paymentMode" : "Cash"
}