{
  "invoiceNo" : "000398",
  "date" : "05/05/2022",
  "cname" : "KALIM ENTERPRISE",
  "caddress" : "VIL&PO GHUNI KOL 157",
  "cgstno" : null,
  "items" : [ {
    "serialNo" : "1",
    "pname" : "W1 GLMR C B Xp Silk Glamour",
    "hsn" : "320910",
    "pack" : "0.9 LTR",
    "nop" : 2,
    "qty" : 1.8,
    "rate" : 542.37,
    "taxRt" : 18.0,
    "cgst" : 97.62,
    "sgst" : 97.62,
    "total" : 1280.0,
    "valBefTax" : 1084.74
  } ],
  "totalCgst" : 97.62,
  "totalSgst" : 97.62,
  "total" : 1280.0,
  "totalvbt" : 1084.74,
  "totalNop" : 2.0,
  "totqty" : 1.8,
  "paymentMode" : "Credit"
}