{
  "invoiceNo" : "000107",
  "date" : "12/04/2022",
  "cname" : "KALIM ENTERPRISE",
  "caddress" : "VIL&PO GHUNI KOL 157",
  "cgstno" : null,
  "items" : [ {
    "serialNo" : "1",
    "pname" : "W1 GLMR C B Xp Silk Glamour",
    "hsn" : "320910",
    "pack" : "0.9 LTR",
    "nop" : 3,
    "qty" : 2.7,
    "rate" : 540.67,
    "taxRt" : 18.0,
    "cgst" : 145.98,
    "sgst" : 145.98,
    "total" : 1913.0,
    "valBefTax" : 1622.01
  }, {
    "serialNo" : "2",
    "pname" : "RED WCS C B Weathercoat Smoo",
    "hsn" : "320910",
    "pack" : "3.6 LTR",
    "nop" : 1,
    "qty" : 3.6,
    "rate" : 1483.0,
    "taxRt" : 18.0,
    "cgst" : 133.47,
    "sgst" : 133.47,
    "total" : 1749.0,
    "valBefTax" : 1483.0
  }, {
    "serialNo" : "3",
    "pname" : "120 NO Wet & Dry Sandpaper",
    "hsn" : "680510",
    "pack" : "1.0 PCS",
    "nop" : 3,
    "qty" : 3.0,
    "rate" : 14.41,
    "taxRt" : 18.0,
    "cgst" : 3.9,
    "sgst" : 3.9,
    "total" : 51.0,
    "valBefTax" : 43.23
  }, {
    "serialNo" : "4",
    "pname" : "150 NO Wet & Dry Sandpaper",
    "hsn" : "680510",
    "pack" : "1.0 PCS",
    "nop" : 3,
    "qty" : 3.0,
    "rate" : 14.41,
    "taxRt" : 18.0,
    "cgst" : 3.9,
    "sgst" : 3.9,
    "total" : 51.0,
    "valBefTax" : 43.23
  } ],
  "totalCgst" : 287.25,
  "totalSgst" : 287.25,
  "total" : 3764.0,
  "totalvbt" : 3191.47,
  "totalNop" : 10.0,
  "totqty" : 12.3,
  "paymentMode" : "Credit"
}