{
  "invoiceNo" : "000003",
  "date" : "05/04/2022",
  "cname" : "CASH A/C",
  "caddress" : null,
  "cgstno" : null,
  "items" : [ {
    "serialNo" : "1",
    "pname" : "P1 EC XP FRESH Xp E. Clean Fresh",
    "hsn" : "320910",
    "pack" : "0.9 LTR",
    "nop" : 1,
    "qty" : 0.9,
    "rate" : 413.56,
    "taxRt" : 18.0,
    "cgst" : 37.22,
    "sgst" : 37.22,
    "total" : 488.0,
    "valBefTax" : 413.56
  }, {
    "serialNo" : "2",
    "pname" : "P0 EC XP FRESH Xp E. Clean Fresh",
    "hsn" : "320910",
    "pack" : "1.0 LTR",
    "nop" : 2,
    "qty" : 2.0,
    "rate" : 404.23,
    "taxRt" : 18.0,
    "cgst" : 72.76,
    "sgst" : 72.76,
    "total" : 953.0,
    "valBefTax" : 808.46
  }, {
    "serialNo" : "3",
    "pname" : "P0 LUX XTRA C B Luxol Xtra Ename",
    "hsn" : "320890",
    "pack" : "0.985 LT",
    "nop" : 2,
    "qty" : 1.97,
    "rate" : 254.24,
    "taxRt" : 18.0,
    "cgst" : 45.76,
    "sgst" : 45.76,
    "total" : 599.0,
    "valBefTax" : 508.48
  }, {
    "serialNo" : "4",
    "pname" : "W1 EC C B Easy Clean Luxur",
    "hsn" : "320910",
    "pack" : "0.9 LT",
    "nop" : 1,
    "qty" : 0.9,
    "rate" : 372.88,
    "taxRt" : 18.0,
    "cgst" : 33.56,
    "sgst" : 33.56,
    "total" : 440.0,
    "valBefTax" : 372.88
  }, {
    "serialNo" : "5",
    "pname" : "P0 EC XP FRESH Xp E. Clean Fresh",
    "hsn" : "320910",
    "pack" : "1.0 LTR",
    "nop" : 2,
    "qty" : 2.0,
    "rate" : 405.08,
    "taxRt" : 18.0,
    "cgst" : 72.92,
    "sgst" : 72.92,
    "total" : 955.0,
    "valBefTax" : 810.16
  } ],
  "totalCgst" : 262.22,
  "totalSgst" : 262.22,
  "total" : 3435.0,
  "totalvbt" : 2913.54,
  "totalNop" : 8.0,
  "totqty" : 7.77,
  "paymentMode" : "Cash"
}