{
  "invoiceNo" : "000359",
  "date" : "01/05/2022",
  "cname" : "CASH A/C",
  "caddress" : null,
  "cgstno" : null,
  "items" : [ {
    "serialNo" : "1",
    "pname" : "BR WHITE Promise Smart Choice",
    "hsn" : "32091010",
    "pack" : "10.0 LTR",
    "nop" : 1,
    "qty" : 10.0,
    "rate" : 1398.3,
    "taxRt" : 18.0,
    "cgst" : 125.85,
    "sgst" : 125.85,
    "total" : 1649.0,
    "valBefTax" : 1398.3
  }, {
    "serialNo" : "2",
    "pname" : "SNOW WHITE Luxol High Gloss Ena",
    "hsn" : "320890",
    "pack" : "1.0 LT",
    "nop" : 1,
    "qty" : 1.0,
    "rate" : 245.76,
    "taxRt" : 18.0,
    "cgst" : 22.12,
    "sgst" : 22.12,
    "total" : 290.0,
    "valBefTax" : 245.76
  }, {
    "serialNo" : "3",
    "pname" : "PARROT WOOD PRIMER Wood  Primer Solvent",
    "hsn" : "320890",
    "pack" : "0.5 LT",
    "nop" : 1,
    "qty" : 0.5,
    "rate" : 97.46,
    "taxRt" : 18.0,
    "cgst" : 8.77,
    "sgst" : 8.77,
    "total" : 115.0,
    "valBefTax" : 97.46
  }, {
    "serialNo" : "4",
    "pname" : "SKY BLUE Luxol High Gloss Ena",
    "hsn" : "320890",
    "pack" : "1.0 LT",
    "nop" : 1,
    "qty" : 1.0,
    "rate" : 220.34,
    "taxRt" : 18.0,
    "cgst" : 19.83,
    "sgst" : 19.83,
    "total" : 260.0,
    "valBefTax" : 220.34
  }, {
    "serialNo" : "5",
    "pname" : "BUS GREEN Luxol High Gloss Ena",
    "hsn" : "320890",
    "pack" : "1.0 LTR",
    "nop" : 1,
    "qty" : 1.0,
    "rate" : 220.34,
    "taxRt" : 18.0,
    "cgst" : 19.83,
    "sgst" : 19.83,
    "total" : 260.0,
    "valBefTax" : 220.34
  }, {
    "serialNo" : "6",
    "pname" : "N2 SLK C B Silk Luxury Emul",
    "hsn" : "320910",
    "pack" : "0.9 LT",
    "nop" : 1,
    "qty" : 0.9,
    "rate" : 0.85,
    "taxRt" : 18.0,
    "cgst" : 0.08,
    "sgst" : 0.08,
    "total" : 1.0,
    "valBefTax" : 0.85
  }, {
    "serialNo" : "7",
    "pname" : "RED SLK C B Silk Luxury Emul",
    "hsn" : "320910",
    "pack" : "0.9 LT",
    "nop" : 1,
    "qty" : 0.9,
    "rate" : 0.85,
    "taxRt" : 18.0,
    "cgst" : 0.08,
    "sgst" : 0.08,
    "total" : 1.0,
    "valBefTax" : 0.85
  }, {
    "serialNo" : "8",
    "pname" : "BP WHT PRIMER WT Interior Wall Primer",
    "hsn" : "320910",
    "pack" : "1.0 LTR",
    "nop" : 2,
    "qty" : 2.0,
    "rate" : 118.64,
    "taxRt" : 18.0,
    "cgst" : 21.36,
    "sgst" : 21.36,
    "total" : 280.0,
    "valBefTax" : 237.28
  }, {
    "serialNo" : "9",
    "pname" : "80 NO Wet & Dry Sandpaper",
    "hsn" : "68051010",
    "pack" : "1.0 PCS",
    "nop" : 1,
    "qty" : 1.0,
    "rate" : 12.71,
    "taxRt" : 18.0,
    "cgst" : 1.14,
    "sgst" : 1.14,
    "total" : 14.0,
    "valBefTax" : 12.71
  }, {
    "serialNo" : "10",
    "pname" : "P0 SLK B EASY Xp Slk Breathe Easy",
    "hsn" : "320910",
    "pack" : "1.0 LTR",
    "nop" : 1,
    "qty" : 1.0,
    "rate" : 591.52,
    "taxRt" : 18.0,
    "cgst" : 53.24,
    "sgst" : 53.24,
    "total" : 698.0,
    "valBefTax" : 591.52
  }, {
    "serialNo" : "11",
    "pname" : "BROWN LHG Luxol High Gloss Ena",
    "hsn" : "320890",
    "pack" : "0.5 LT",
    "nop" : 1,
    "qty" : 0.5,
    "rate" : 118.64,
    "taxRt" : 18.0,
    "cgst" : 10.68,
    "sgst" : 10.68,
    "total" : 140.0,
    "valBefTax" : 118.64
  }, {
    "serialNo" : "12",
    "pname" : "NOVA CLOTH Illusion Tools For D",
    "hsn" : "960340",
    "pack" : "1.0 LTR",
    "nop" : 1,
    "qty" : 1.0,
    "rate" : 161.02,
    "taxRt" : 18.0,
    "cgst" : 14.49,
    "sgst" : 14.49,
    "total" : 190.0,
    "valBefTax" : 161.02
  }, {
    "serialNo" : "13",
    "pname" : "ETHINIC GOLD Metallic Emulsion  P",
    "hsn" : "32091090",
    "pack" : "0.2 LTR",
    "nop" : 2,
    "qty" : 0.4,
    "rate" : 211.86,
    "taxRt" : 18.0,
    "cgst" : 38.14,
    "sgst" : 38.14,
    "total" : 500.0,
    "valBefTax" : 423.72
  }, {
    "serialNo" : "14",
    "pname" : "P0 RTC C B Rangoli Total Ca",
    "hsn" : "320910",
    "pack" : "1.0 LT",
    "nop" : 1,
    "qty" : 1.0,
    "rate" : 283.9,
    "taxRt" : 18.0,
    "cgst" : 25.55,
    "sgst" : 25.55,
    "total" : 335.0,
    "valBefTax" : 283.9
  } ],
  "totalCgst" : 361.16,
  "totalSgst" : 361.16,
  "total" : 4733.0,
  "totalvbt" : 4012.69,
  "totalNop" : 16.0,
  "totqty" : 22.2,
  "paymentMode" : "Cash"
}