{
  "invoiceNo" : "000336",
  "date" : "29/04/2022",
  "cname" : "CASH A/C",
  "caddress" : null,
  "cgstno" : null,
  "items" : [ {
    "serialNo" : "1",
    "pname" : "WHITE Luxol Pu Enamel",
    "hsn" : "320890",
    "pack" : "1.0 LTR",
    "nop" : 1,
    "qty" : 1.0,
    "rate" : 254.24,
    "taxRt" : 18.0,
    "cgst" : 22.88,
    "sgst" : 22.88,
    "total" : 300.0,
    "valBefTax" : 254.24
  }, {
    "serialNo" : "2",
    "pname" : "PARROT WOOD PRIMER Wood  Primer Solvent",
    "hsn" : "320890",
    "pack" : "1.0 LT",
    "nop" : 1,
    "qty" : 1.0,
    "rate" : 186.44,
    "taxRt" : 18.0,
    "cgst" : 16.78,
    "sgst" : 16.78,
    "total" : 220.0,
    "valBefTax" : 186.44
  } ],
  "totalCgst" : 39.66,
  "totalSgst" : 39.66,
  "total" : 520.0,
  "totalvbt" : 440.68,
  "totalNop" : 2.0,
  "totqty" : 2.0,
  "paymentMode" : "Cash"
}