{
  "invoiceNo" : "000262",
  "date" : "23/04/2022",
  "cname" : "SOHAM COMMERCIAL",
  "caddress" : "7B,KAPALITOLA LANE 2ND FLOOR KOL-12",
  "cgstno" : null,
  "items" : [ {
    "serialNo" : "1",
    "pname" : "N2 LONG LIFE Xp Wcoat Long Life",
    "hsn" : "320910",
    "pack" : "0.9 LTR",
    "nop" : 1,
    "qty" : 0.9,
    "rate" : 550.84,
    "taxRt" : 18.0,
    "cgst" : 49.58,
    "sgst" : 49.58,
    "total" : 650.0,
    "valBefTax" : 550.84
  } ],
  "totalCgst" : 49.58,
  "totalSgst" : 49.58,
  "total" : 650.0,
  "totalvbt" : 550.84,
  "totalNop" : 1.0,
  "totqty" : 0.9,
  "paymentMode" : "Credit"
}