{
  "invoiceNo" : "000371",
  "date" : "03/05/2022",
  "cname" : "CASH A/C",
  "caddress" : null,
  "cgstno" : null,
  "items" : [ {
    "serialNo" : "1",
    "pname" : "TERRACOTTA WCOAT FL Weather Coat Floor P",
    "hsn" : "320910",
    "pack" : "1.0 LTR",
    "nop" : 3,
    "qty" : 3.0,
    "rate" : 466.1,
    "taxRt" : 18.0,
    "cgst" : 125.85,
    "sgst" : 125.85,
    "total" : 1649.0,
    "valBefTax" : 1398.3
  }, {
    "serialNo" : "2",
    "pname" : "100 Mk Eco Wet Paper",
    "hsn" : "68052090",
    "pack" : "1.0 PCS",
    "nop" : 10,
    "qty" : 10.0,
    "rate" : 14.41,
    "taxRt" : 18.0,
    "cgst" : 13.0,
    "sgst" : 13.0,
    "total" : 170.0,
    "valBefTax" : 144.1
  }, {
    "serialNo" : "3",
    "pname" : "PARROT WOOD PRIMER Wood  Primer Solvent",
    "hsn" : "320890",
    "pack" : "0.5 LT",
    "nop" : 1,
    "qty" : 0.5,
    "rate" : 97.46,
    "taxRt" : 18.0,
    "cgst" : 8.77,
    "sgst" : 8.77,
    "total" : 115.0,
    "valBefTax" : 97.46
  } ],
  "totalCgst" : 147.62,
  "totalSgst" : 147.62,
  "total" : 1934.0,
  "totalvbt" : 1639.86,
  "totalNop" : 14.0,
  "totqty" : 13.5,
  "paymentMode" : "Cash"
}