{
  "invoiceNo" : "000235",
  "date" : "21/04/2022",
  "cname" : "CASH A/C",
  "caddress" : null,
  "cgstno" : null,
  "items" : [ {
    "serialNo" : "1",
    "pname" : "PALE CREAM Luxol High Gloss Ena",
    "hsn" : "320890",
    "pack" : "4.0 LT",
    "nop" : 1,
    "qty" : 4.0,
    "rate" : 949.14,
    "taxRt" : 18.0,
    "cgst" : 85.42,
    "sgst" : 85.42,
    "total" : 1119.0,
    "valBefTax" : 949.14
  } ],
  "totalCgst" : 85.42,
  "totalSgst" : 85.42,
  "total" : 1119.0,
  "totalvbt" : 949.14,
  "totalNop" : 1.0,
  "totqty" : 4.0,
  "paymentMode" : "Cash"
}