{
  "invoiceNo" : "000463",
  "date" : "10/05/2022",
  "cname" : "KALIM ENTERPRISE",
  "caddress" : "VIL&PO GHUNI KOL 157",
  "cgstno" : null,
  "items" : [ {
    "serialNo" : "1",
    "pname" : "BUTTERFLY AC METAL Metal Primer Solvent",
    "hsn" : "320890",
    "pack" : "1.0 LT",
    "nop" : 1,
    "qty" : 1.0,
    "rate" : 182.2,
    "taxRt" : 18.0,
    "cgst" : 16.4,
    "sgst" : 16.4,
    "total" : 215.0,
    "valBefTax" : 182.2
  }, {
    "serialNo" : "2",
    "pname" : "GP THINNER Thinners",
    "hsn" : "320810",
    "pack" : "1.0 LTR",
    "nop" : 1,
    "qty" : 1.0,
    "rate" : 101.69,
    "taxRt" : 18.0,
    "cgst" : 9.15,
    "sgst" : 9.15,
    "total" : 119.0,
    "valBefTax" : 101.69
  } ],
  "totalCgst" : 25.55,
  "totalSgst" : 25.55,
  "total" : 334.0,
  "totalvbt" : 283.89,
  "totalNop" : 2.0,
  "totqty" : 2.0,
  "paymentMode" : "Credit"
}