{
  "invoiceNo" : "000269",
  "date" : "23/04/2022",
  "cname" : "CASH A/C",
  "caddress" : null,
  "cgstno" : null,
  "items" : [ {
    "serialNo" : "1",
    "pname" : "BIRLA WALL CARE PUTT Wallcare Putty Fine",
    "hsn" : "32141000",
    "pack" : "40.0 KGS",
    "nop" : 1,
    "qty" : 40.0,
    "rate" : 635.59,
    "taxRt" : 18.0,
    "cgst" : 57.2,
    "sgst" : 57.2,
    "total" : 749.0,
    "valBefTax" : 635.59
  }, {
    "serialNo" : "2",
    "pname" : "YLW LUXOL XTRA C B Luxol Xtra Ename",
    "hsn" : "320890",
    "pack" : "0.95 LTR",
    "nop" : 1,
    "qty" : 0.95,
    "rate" : 254.24,
    "taxRt" : 18.0,
    "cgst" : 22.88,
    "sgst" : 22.88,
    "total" : 300.0,
    "valBefTax" : 254.24
  }, {
    "serialNo" : "3",
    "pname" : "W3 LUX  XTRA C B Luxol Xtra Ename",
    "hsn" : "320890",
    "pack" : "0.95 LT",
    "nop" : 3,
    "qty" : 2.8499999999999996,
    "rate" : 250.0,
    "taxRt" : 18.0,
    "cgst" : 67.5,
    "sgst" : 67.5,
    "total" : 884.0,
    "valBefTax" : 750.0
  }, {
    "serialNo" : "4",
    "pname" : "BUTTERFLY AC METAL Metal Primer Solvent",
    "hsn" : "320890",
    "pack" : "1.0 LT",
    "nop" : 2,
    "qty" : 2.0,
    "rate" : 177.96,
    "taxRt" : 18.0,
    "cgst" : 32.04,
    "sgst" : 32.04,
    "total" : 419.0,
    "valBefTax" : 355.92
  }, {
    "serialNo" : "5",
    "pname" : "PARROT WOOD PRIMER Wood  Primer Solvent",
    "hsn" : "320890",
    "pack" : "1.0 LT",
    "nop" : 2,
    "qty" : 2.0,
    "rate" : 186.44,
    "taxRt" : 18.0,
    "cgst" : 33.56,
    "sgst" : 33.56,
    "total" : 440.0,
    "valBefTax" : 372.88
  }, {
    "serialNo" : "6",
    "pname" : "D BRN Base Pu Enamel",
    "hsn" : "320890",
    "pack" : "0.9 LTR",
    "nop" : 3,
    "qty" : 2.7,
    "rate" : 258.47,
    "taxRt" : 18.0,
    "cgst" : 69.78,
    "sgst" : 69.78,
    "total" : 915.0,
    "valBefTax" : 775.41
  }, {
    "serialNo" : "7",
    "pname" : "MSEAL SUPERFAST 3214",
    "hsn" : "321410",
    "pack" : "1.0 PCS",
    "nop" : 2,
    "qty" : 2.0,
    "rate" : 25.42,
    "taxRt" : 18.0,
    "cgst" : 4.58,
    "sgst" : 4.58,
    "total" : 60.0,
    "valBefTax" : 50.84
  }, {
    "serialNo" : "8",
    "pname" : "PO RED LHG Luxol High Gloss Ena",
    "hsn" : "320890",
    "pack" : "0.5 LT",
    "nop" : 1,
    "qty" : 0.5,
    "rate" : 127.12,
    "taxRt" : 18.0,
    "cgst" : 11.44,
    "sgst" : 11.44,
    "total" : 150.0,
    "valBefTax" : 127.12
  } ],
  "totalCgst" : 298.98,
  "totalSgst" : 298.98,
  "total" : 3917.0,
  "totalvbt" : 3322.0,
  "totalNop" : 15.0,
  "totqty" : 53.0,
  "paymentMode" : "Cash"
}