{
  "invoiceNo" : "000404",
  "date" : "05/05/2022",
  "cname" : "CASH A/C",
  "caddress" : null,
  "cgstno" : null,
  "items" : [ {
    "serialNo" : "1",
    "pname" : "PALE CREAM Luxol High Gloss Ena",
    "hsn" : "320890",
    "pack" : "4.0 LT",
    "nop" : 1,
    "qty" : 4.0,
    "rate" : 957.62,
    "taxRt" : 18.0,
    "cgst" : 86.19,
    "sgst" : 86.19,
    "total" : 1130.0,
    "valBefTax" : 957.62
  } ],
  "totalCgst" : 86.19,
  "totalSgst" : 86.19,
  "total" : 1130.0,
  "totalvbt" : 957.62,
  "totalNop" : 1.0,
  "totqty" : 4.0,
  "paymentMode" : "Cash"
}