{
  "invoiceNo" : "000164",
  "date" : "17/04/2022",
  "cname" : "CASH A/C",
  "caddress" : null,
  "cgstno" : null,
  "items" : [ {
    "serialNo" : "1",
    "pname" : "P0 LUX XTRA C B Luxol Xtra Ename",
    "hsn" : "320890",
    "pack" : "0.985 LT",
    "nop" : 1,
    "qty" : 0.985,
    "rate" : 245.76,
    "taxRt" : 18.0,
    "cgst" : 22.12,
    "sgst" : 22.12,
    "total" : 290.0,
    "valBefTax" : 245.76
  }, {
    "serialNo" : "2",
    "pname" : "BROWN Luxol High Gloss Ena",
    "hsn" : "320890",
    "pack" : "0.2 LTR",
    "nop" : 2,
    "qty" : 0.4,
    "rate" : 76.27,
    "taxRt" : 18.0,
    "cgst" : 13.72,
    "sgst" : 13.72,
    "total" : 180.0,
    "valBefTax" : 152.54
  }, {
    "serialNo" : "3",
    "pname" : "GP THINNER Thinners",
    "hsn" : "320810",
    "pack" : "1.0 LTR",
    "nop" : 1,
    "qty" : 1.0,
    "rate" : 101.69,
    "taxRt" : 18.0,
    "cgst" : 9.15,
    "sgst" : 9.15,
    "total" : 119.0,
    "valBefTax" : 101.69
  }, {
    "serialNo" : "4",
    "pname" : "BLACK GLOSS SPRAY Abro",
    "hsn" : "32089090",
    "pack" : "1.0 PCS",
    "nop" : 1,
    "qty" : 1.0,
    "rate" : 161.02,
    "taxRt" : 18.0,
    "cgst" : 14.49,
    "sgst" : 14.49,
    "total" : 190.0,
    "valBefTax" : 161.02
  }, {
    "serialNo" : "5",
    "pname" : "WHITE GLOSS Spray Paint",
    "hsn" : "32089090",
    "pack" : "0.4 LTR",
    "nop" : 1,
    "qty" : 0.4,
    "rate" : 161.02,
    "taxRt" : 18.0,
    "cgst" : 14.49,
    "sgst" : 14.49,
    "total" : 190.0,
    "valBefTax" : 161.02
  }, {
    "serialNo" : "6",
    "pname" : "1\" MASKING TAPE BERG Painting Tools Rolle",
    "hsn" : "391910",
    "pack" : "1.0 LTR",
    "nop" : 1,
    "qty" : 1.0,
    "rate" : 25.42,
    "taxRt" : 18.0,
    "cgst" : 2.29,
    "sgst" : 2.29,
    "total" : 30.0,
    "valBefTax" : 25.42
  }, {
    "serialNo" : "7",
    "pname" : "GP THINNER Thinners",
    "hsn" : "320810",
    "pack" : "0.5 LTR",
    "nop" : 1,
    "qty" : 0.5,
    "rate" : 50.85,
    "taxRt" : 18.0,
    "cgst" : 4.58,
    "sgst" : 4.58,
    "total" : 60.0,
    "valBefTax" : 50.85
  }, {
    "serialNo" : "8",
    "pname" : "1\" MASKING TAPE BERG Painting Tools Rolle",
    "hsn" : "391910",
    "pack" : "1.0 LTR",
    "nop" : 1,
    "qty" : 1.0,
    "rate" : 25.42,
    "taxRt" : 18.0,
    "cgst" : 2.29,
    "sgst" : 2.29,
    "total" : 30.0,
    "valBefTax" : 25.42
  }, {
    "serialNo" : "9",
    "pname" : "GOLD P U Supr Gl Enamel P",
    "hsn" : "32089090",
    "pack" : "0.2 LTR",
    "nop" : 1,
    "qty" : 0.2,
    "rate" : 165.25,
    "taxRt" : 18.0,
    "cgst" : 14.87,
    "sgst" : 14.87,
    "total" : 194.0,
    "valBefTax" : 165.25
  }, {
    "serialNo" : "10",
    "pname" : "WB CP DUWEL Wb Primers",
    "hsn" : "32091090",
    "pack" : "1.0 LT",
    "nop" : 1,
    "qty" : 1.0,
    "rate" : 118.64,
    "taxRt" : 18.0,
    "cgst" : 10.68,
    "sgst" : 10.68,
    "total" : 140.0,
    "valBefTax" : 118.64
  }, {
    "serialNo" : "11",
    "pname" : "SNOW WHITE Luxol High Gloss Ena",
    "hsn" : "320890",
    "pack" : "0.5 LT",
    "nop" : 1,
    "qty" : 0.5,
    "rate" : 135.59,
    "taxRt" : 18.0,
    "cgst" : 12.2,
    "sgst" : 12.2,
    "total" : 159.0,
    "valBefTax" : 135.59
  }, {
    "serialNo" : "12",
    "pname" : "BLACK LHG Luxol High Gloss Ena",
    "hsn" : "320890",
    "pack" : "0.5 LT",
    "nop" : 1,
    "qty" : 0.5,
    "rate" : 118.64,
    "taxRt" : 18.0,
    "cgst" : 10.68,
    "sgst" : 10.68,
    "total" : 140.0,
    "valBefTax" : 118.64
  }, {
    "serialNo" : "13",
    "pname" : "P0 LUX XTRA C B Luxol Xtra Ename",
    "hsn" : "320890",
    "pack" : "0.985 LT",
    "nop" : 1,
    "qty" : 0.985,
    "rate" : 254.24,
    "taxRt" : 18.0,
    "cgst" : 22.88,
    "sgst" : 22.88,
    "total" : 300.0,
    "valBefTax" : 254.24
  }, {
    "serialNo" : "14",
    "pname" : "BLACK LHG Luxol High Gloss Ena",
    "hsn" : "320890",
    "pack" : "1.0 LT",
    "nop" : 1,
    "qty" : 1.0,
    "rate" : 220.34,
    "taxRt" : 18.0,
    "cgst" : 19.83,
    "sgst" : 19.83,
    "total" : 260.0,
    "valBefTax" : 220.34
  }, {
    "serialNo" : "15",
    "pname" : "F YLW Unitint",
    "hsn" : "32139000",
    "pack" : "0.2 LTR",
    "nop" : 1,
    "qty" : 0.2,
    "rate" : 110.17,
    "taxRt" : 18.0,
    "cgst" : 9.92,
    "sgst" : 9.92,
    "total" : 130.0,
    "valBefTax" : 110.17
  }, {
    "serialNo" : "16",
    "pname" : "BR WHITE GPE Gloss Premium  Ename",
    "hsn" : "32081010",
    "pack" : "1.0 LTR",
    "nop" : 1,
    "qty" : 1.0,
    "rate" : 245.76,
    "taxRt" : 18.0,
    "cgst" : 22.12,
    "sgst" : 22.12,
    "total" : 290.0,
    "valBefTax" : 245.76
  } ],
  "totalCgst" : 206.31,
  "totalSgst" : 206.31,
  "total" : 2702.0,
  "totalvbt" : 2292.35,
  "totalNop" : 17.0,
  "totqty" : 11.67,
  "paymentMode" : "Cash"
}