{
  "invoiceNo" : "000081",
  "date" : "09/04/2022",
  "cname" : "KALIM ENTERPRISE",
  "caddress" : "VIL&PO GHUNI KOL 157",
  "cgstno" : null,
  "items" : [ {
    "serialNo" : "1",
    "pname" : "W1 EC C B Easy Clean Luxur",
    "hsn" : "320910",
    "pack" : "0.9 LT",
    "nop" : 1,
    "qty" : 0.9,
    "rate" : 381.35,
    "taxRt" : 18.0,
    "cgst" : 34.32,
    "sgst" : 34.32,
    "total" : 449.0,
    "valBefTax" : 381.35
  }, {
    "serialNo" : "2",
    "pname" : "P0 EC C B Easy Clean Luxur",
    "hsn" : "320910",
    "pack" : "1.0 LT",
    "nop" : 1,
    "qty" : 1.0,
    "rate" : 396.61,
    "taxRt" : 18.0,
    "cgst" : 35.69,
    "sgst" : 35.69,
    "total" : 467.0,
    "valBefTax" : 396.61
  }, {
    "serialNo" : "3",
    "pname" : "N2 EC C B Easy Clean Luxur",
    "hsn" : "320910",
    "pack" : "0.9 LT",
    "nop" : 1,
    "qty" : 0.9,
    "rate" : 415.25,
    "taxRt" : 18.0,
    "cgst" : 37.37,
    "sgst" : 37.37,
    "total" : 489.0,
    "valBefTax" : 415.25
  }, {
    "serialNo" : "4",
    "pname" : "W2 LUX XTRA C B Luxol Xtra Ename",
    "hsn" : "320890",
    "pack" : "0.95 LT",
    "nop" : 1,
    "qty" : 0.95,
    "rate" : 262.71,
    "taxRt" : 18.0,
    "cgst" : 23.64,
    "sgst" : 23.64,
    "total" : 309.0,
    "valBefTax" : 262.71
  }, {
    "serialNo" : "5",
    "pname" : "L BRN LUX XTRA C B Luxol Xtra Ename",
    "hsn" : "320890",
    "pack" : "3.8 LT",
    "nop" : 1,
    "qty" : 3.8,
    "rate" : 220.34,
    "taxRt" : 18.0,
    "cgst" : 19.83,
    "sgst" : 19.83,
    "total" : 260.0,
    "valBefTax" : 220.34
  }, {
    "serialNo" : "6",
    "pname" : "ROYAL IVORY Luxol High Gloss Ena",
    "hsn" : "320890",
    "pack" : "1.0 LT",
    "nop" : 1,
    "qty" : 1.0,
    "rate" : 250.0,
    "taxRt" : 18.0,
    "cgst" : 22.5,
    "sgst" : 22.5,
    "total" : 295.0,
    "valBefTax" : 250.0
  }, {
    "serialNo" : "7",
    "pname" : "BLACK LHG Luxol High Gloss Ena",
    "hsn" : "320890",
    "pack" : "1.0 LT",
    "nop" : 1,
    "qty" : 1.0,
    "rate" : 220.34,
    "taxRt" : 18.0,
    "cgst" : 19.83,
    "sgst" : 19.83,
    "total" : 260.0,
    "valBefTax" : 220.34
  }, {
    "serialNo" : "8",
    "pname" : "BISON PRO Putty Pro",
    "hsn" : "321410",
    "pack" : "40.0 LTR",
    "nop" : 3,
    "qty" : 120.0,
    "rate" : 618.64,
    "taxRt" : 18.0,
    "cgst" : 167.04,
    "sgst" : 167.04,
    "total" : 2189.0,
    "valBefTax" : 1855.92
  } ],
  "totalCgst" : 360.22,
  "totalSgst" : 360.22,
  "total" : 4718.0,
  "totalvbt" : 4002.52,
  "totalNop" : 10.0,
  "totqty" : 129.55,
  "paymentMode" : "Credit"
}