{
  "invoiceNo" : "000202",
  "date" : "19/04/2022",
  "cname" : "KALIM ENTERPRISE",
  "caddress" : "VIL&PO GHUNI KOL 157",
  "cgstno" : null,
  "items" : [ {
    "serialNo" : "1",
    "pname" : "HS WALLSIELD 2K Construction Chemica",
    "hsn" : "321410",
    "pack" : "3.0 KGS",
    "nop" : 1,
    "qty" : 3.0,
    "rate" : 461.86,
    "taxRt" : 18.0,
    "cgst" : 41.57,
    "sgst" : 41.57,
    "total" : 545.0,
    "valBefTax" : 461.86
  }, {
    "serialNo" : "2",
    "pname" : "2\" ARJUN Brushes",
    "hsn" : "96034010",
    "pack" : "1.0 PCS",
    "nop" : 2,
    "qty" : 2.0,
    "rate" : 42.37,
    "taxRt" : 18.0,
    "cgst" : 7.62,
    "sgst" : 7.62,
    "total" : 100.0,
    "valBefTax" : 84.74
  }, {
    "serialNo" : "3",
    "pname" : "BIG BOY 4\" Brushes",
    "hsn" : "96034010",
    "pack" : "1.0 PCS",
    "nop" : 1,
    "qty" : 1.0,
    "rate" : 466.1,
    "taxRt" : 18.0,
    "cgst" : 41.95,
    "sgst" : 41.95,
    "total" : 550.0,
    "valBefTax" : 466.1
  }, {
    "serialNo" : "4",
    "pname" : "SEAL O PRIME Xp Hs Seal O Prime",
    "hsn" : "320910",
    "pack" : "10.0 LT",
    "nop" : 1,
    "qty" : 10.0,
    "rate" : 1673.7,
    "taxRt" : 18.0,
    "cgst" : 150.63,
    "sgst" : 150.63,
    "total" : 1974.0,
    "valBefTax" : 1673.7
  } ],
  "totalCgst" : 241.77,
  "totalSgst" : 241.77,
  "total" : 3169.0,
  "totalvbt" : 2686.4,
  "totalNop" : 5.0,
  "totqty" : 16.0,
  "paymentMode" : "Credit"
}