{
  "invoiceNo" : "000218",
  "date" : "20/04/2022",
  "cname" : "CASH A/C",
  "caddress" : null,
  "cgstno" : null,
  "items" : [ {
    "serialNo" : "1",
    "pname" : "P0 SLK B EASY Xp Slk Breathe Easy",
    "hsn" : "320910",
    "pack" : "1.0 LTR",
    "nop" : 1,
    "qty" : 1.0,
    "rate" : 583.05,
    "taxRt" : 18.0,
    "cgst" : 52.47,
    "sgst" : 52.47,
    "total" : 687.0,
    "valBefTax" : 583.05
  }, {
    "serialNo" : "2",
    "pname" : "P0 SLK B EASY Xp Slk Breathe Easy",
    "hsn" : "320910",
    "pack" : "1.0 LTR",
    "nop" : 1,
    "qty" : 1.0,
    "rate" : 590.67,
    "taxRt" : 18.0,
    "cgst" : 53.16,
    "sgst" : 53.16,
    "total" : 696.0,
    "valBefTax" : 590.67
  } ],
  "totalCgst" : 105.63,
  "totalSgst" : 105.63,
  "total" : 1383.0,
  "totalvbt" : 1173.72,
  "totalNop" : 2.0,
  "totqty" : 2.0,
  "paymentMode" : "Cash"
}