{
  "invoiceNo" : "000271",
  "date" : "23/04/2022",
  "cname" : "CASH A/C",
  "caddress" : null,
  "cgstno" : null,
  "items" : [ {
    "serialNo" : "1",
    "pname" : "TERMINATOR Wood Preservative",
    "hsn" : "38089990",
    "pack" : "0.25 LTR",
    "nop" : 1,
    "qty" : 0.25,
    "rate" : 72.03,
    "taxRt" : 18.0,
    "cgst" : 6.48,
    "sgst" : 6.48,
    "total" : 84.0,
    "valBefTax" : 72.03
  }, {
    "serialNo" : "2",
    "pname" : "WOODKEEPER 1K PU INT Woodkeeper 1k Pu Sin",
    "hsn" : "320810",
    "pack" : "0.5 LTR",
    "nop" : 1,
    "qty" : 0.5,
    "rate" : 148.3,
    "taxRt" : 18.0,
    "cgst" : 13.35,
    "sgst" : 13.35,
    "total" : 175.0,
    "valBefTax" : 148.3
  } ],
  "totalCgst" : 19.83,
  "totalSgst" : 19.83,
  "total" : 259.0,
  "totalvbt" : 220.33,
  "totalNop" : 2.0,
  "totqty" : 0.75,
  "paymentMode" : "Cash"
}