{
  "invoiceNo" : "000102",
  "date" : "11/04/2022",
  "cname" : "CASH A/C",
  "caddress" : null,
  "cgstno" : null,
  "items" : [ {
    "serialNo" : "1",
    "pname" : "P0 RTC C B Rangoli Total Ca",
    "hsn" : "320910",
    "pack" : "1.0 LT",
    "nop" : 2,
    "qty" : 2.0,
    "rate" : 283.9,
    "taxRt" : 18.0,
    "cgst" : 51.1,
    "sgst" : 51.1,
    "total" : 669.0,
    "valBefTax" : 567.8
  }, {
    "serialNo" : "2",
    "pname" : "P0 RTC C B Rangoli Total Ca",
    "hsn" : "320910",
    "pack" : "4.0 LT",
    "nop" : 1,
    "qty" : 4.0,
    "rate" : 1110.2,
    "taxRt" : 18.0,
    "cgst" : 99.91,
    "sgst" : 99.91,
    "total" : 1309.0,
    "valBefTax" : 1110.2
  }, {
    "serialNo" : "3",
    "pname" : "BASE COAT Silk B E Base Coat",
    "hsn" : "320910",
    "pack" : "10.0 LTR",
    "nop" : 1,
    "qty" : 10.0,
    "rate" : 1822.0,
    "taxRt" : 18.0,
    "cgst" : 163.98,
    "sgst" : 163.98,
    "total" : 2149.0,
    "valBefTax" : 1822.0
  }, {
    "serialNo" : "4",
    "pname" : "P0 EC XP FRESH Xp E. Clean Fresh",
    "hsn" : "320910",
    "pack" : "1.0 LTR",
    "nop" : 3,
    "qty" : 3.0,
    "rate" : 423.73,
    "taxRt" : 18.0,
    "cgst" : 114.42,
    "sgst" : 114.42,
    "total" : 1500.0,
    "valBefTax" : 1271.19
  }, {
    "serialNo" : "5",
    "pname" : "P1 EC XP FRESH Xp E. Clean Fresh",
    "hsn" : "320910",
    "pack" : "0.9 LTR",
    "nop" : 1,
    "qty" : 0.9,
    "rate" : 411.01,
    "taxRt" : 18.0,
    "cgst" : 36.99,
    "sgst" : 36.99,
    "total" : 484.0,
    "valBefTax" : 411.01
  }, {
    "serialNo" : "6",
    "pname" : "P1 EC XP FRESH Xp E. Clean Fresh",
    "hsn" : "320910",
    "pack" : "0.9 LTR",
    "nop" : 3,
    "qty" : 2.7,
    "rate" : 405.08,
    "taxRt" : 18.0,
    "cgst" : 109.38,
    "sgst" : 109.38,
    "total" : 1433.0,
    "valBefTax" : 1215.24
  }, {
    "serialNo" : "7",
    "pname" : "P0 EC XP FRESH Xp E. Clean Fresh",
    "hsn" : "320910",
    "pack" : "1.0 LTR",
    "nop" : 3,
    "qty" : 3.0,
    "rate" : 405.08,
    "taxRt" : 18.0,
    "cgst" : 109.38,
    "sgst" : 109.38,
    "total" : 1433.0,
    "valBefTax" : 1215.24
  }, {
    "serialNo" : "8",
    "pname" : "YLW EC XP FRESH Xp E. Clean Fresh",
    "hsn" : "320910",
    "pack" : "0.9 LTR",
    "nop" : 1,
    "qty" : 0.9,
    "rate" : 466.1,
    "taxRt" : 18.0,
    "cgst" : 41.95,
    "sgst" : 41.95,
    "total" : 550.0,
    "valBefTax" : 466.1
  }, {
    "serialNo" : "9",
    "pname" : "R BLUE Robin Blue",
    "hsn" : "32064100",
    "pack" : "0.05 KG",
    "nop" : 1,
    "qty" : 0.05,
    "rate" : 22.03,
    "taxRt" : 18.0,
    "cgst" : 1.98,
    "sgst" : 1.98,
    "total" : 25.0,
    "valBefTax" : 22.03
  } ],
  "totalCgst" : 729.09,
  "totalSgst" : 729.09,
  "total" : 9552.0,
  "totalvbt" : 8100.81,
  "totalNop" : 16.0,
  "totqty" : 26.55,
  "paymentMode" : "Cash"
}